timestamp,frame_number,track_id,class,confidence,x1,y1,x2,y2,center_x,center_y,line_crossing_status
2026-08-06T16:32:53.336386,1,1,person,0.4271,1370.0,7.5,1916.7,1061.2,1643,534,none
2026-08-06T16:32:54.394140,12,1,person,0.4356,1526.1,477.2,1846.9,1062.2,1686,769,none
2026-08-06T16:32:54.471207,13,-1,person,0.4492,1104.7,409.4,1917.1,1062.0,1510,735,none
2026-08-06T16:32:54.540746,14,2,person,0.7811,852.7,103.9,1920.0,1065.1,1386,584,none
2026-08-06T16:32:54.639688,15,2,person,0.8727,766.8,43.8,1920.0,1066.5,1343,555,none
2026-08-06T16:32:54.706220,16,2,person,0.8928,652.0,11.9,1920.0,1067.8,1286,539,none
2026-08-06T16:32:54.775203,17,2,person,0.8988,571.9,1.2,1895.4,1068.5,1233,534,none
2026-08-06T16:32:54.838128,18,2,person,0.8925,508.9,0.0,1840.7,1066.0,1174,533,none
2026-08-06T16:32:54.911166,19,2,person,0.9462,454.3,0.0,1804.1,1066.6,1129,533,none
2026-08-06T16:32:54.976621,20,2,person,0.9423,424.3,0.0,1788.0,1066.1,1106,533,none
2026-08-06T16:32:55.067214,21,2,person,0.9497,428.9,0.0,1803.3,1066.1,1116,533,none
2026-08-06T16:32:55.142278,22,2,person,0.9591,428.7,0.0,1817.1,1065.9,1122,532,none
2026-08-06T16:32:55.204716,23,2,person,0.9579,426.2,0.0,1827.1,1066.5,1126,533,none
2026-08-06T16:32:55.273396,24,2,person,0.9392,430.2,2.3,1839.0,1070.4,1134,536,none
2026-08-06T16:32:55.337876,25,2,person,0.9234,447.7,0.0,1866.5,1070.1,1157,535,none
2026-08-06T16:32:55.408023,26,2,person,0.9021,448.1,0.0,1880.9,1076.8,1164,538,none
2026-08-06T16:32:55.471920,27,2,person,0.8847,463.0,0.0,1897.0,1078.3,1179,539,none
2026-08-06T16:32:55.538473,28,2,person,0.8675,475.8,0.0,1901.2,1077.6,1188,538,none
2026-08-06T16:32:55.605412,29,2,person,0.8255,496.7,0.0,1897.0,1077.8,1196,538,none
2026-08-06T16:32:55.672630,30,2,person,0.8266,527.2,0.0,1896.7,1077.2,1211,538,none
2026-08-06T16:32:55.740424,31,2,person,0.8398,605.4,0.0,1920.0,1075.6,1262,537,none
2026-08-06T16:32:55.807010,32,2,person,0.8711,652.5,0.0,1920.0,1073.1,1286,536,none
2026-08-06T16:32:55.873686,33,2,person,0.8626,683.0,0.0,1920.0,1072.7,1301,536,none
2026-08-06T16:32:55.938709,34,2,person,0.8628,712.4,0.4,1920.0,1071.8,1316,536,none
2026-08-06T16:32:56.006944,35,2,person,0.8368,772.7,1.6,1920.0,1070.0,1346,535,none
2026-08-06T16:32:56.073114,36,2,person,0.8851,825.8,6.5,1920.0,1068.9,1372,537,none
2026-08-06T16:32:56.150322,37,2,person,0.8866,861.6,12.1,1920.0,1068.3,1390,540,none
2026-08-06T16:32:56.212534,38,2,person,0.901,889.1,16.4,1920.0,1068.4,1404,542,none
2026-08-06T16:32:56.277410,39,2,person,0.8898,922.0,25.9,1920.0,1066.3,1420,546,none
2026-08-06T16:32:56.345297,40,2,person,0.8773,954.2,35.9,1920.0,1064.9,1437,550,none
2026-08-06T16:32:56.410374,41,2,person,0.8799,984.9,55.6,1920.0,1065.7,1452,560,none
2026-08-06T16:32:56.477106,42,2,person,0.8829,1002.6,73.0,1916.4,1065.7,1459,569,none
2026-08-06T16:32:56.541327,43,2,person,0.8849,1012.5,80.4,1903.0,1066.7,1457,573,none
2026-08-06T16:32:56.612426,44,2,person,0.8925,1016.8,83.8,1888.1,1066.3,1452,575,none
2026-08-06T16:32:56.678384,45,2,person,0.8925,1018.2,84.5,1872.5,1063.8,1445,574,none
2026-08-06T16:32:56.762009,46,2,person,0.8657,1017.5,85.7,1860.4,1064.6,1438,575,none
2026-08-06T16:32:56.839031,47,2,person,0.8769,1017.6,84.9,1850.7,1064.6,1434,574,none
2026-08-06T16:32:56.913524,48,2,person,0.8827,1017.5,84.0,1841.0,1063.9,1429,573,none
2026-08-06T16:32:56.977665,49,2,person,0.8622,1018.1,85.1,1832.5,1063.8,1425,574,none
2026-08-06T16:32:57.047190,50,2,person,0.8649,1023.3,87.7,1830.3,1064.7,1426,576,none
2026-08-06T16:32:57.114397,51,2,person,0.8771,1024.5,90.3,1823.4,1064.9,1423,577,none
2026-08-06T16:32:57.179966,52,2,person,0.8644,1032.7,94.0,1825.4,1065.0,1429,579,none
2026-08-06T16:32:57.248019,53,2,person,0.8773,1038.0,97.9,1825.1,1065.5,1431,581,none
2026-08-06T16:32:57.309687,54,2,person,0.8868,1044.7,108.1,1822.0,1065.6,1433,586,none
2026-08-06T16:32:57.375809,55,2,person,0.866,1041.6,116.3,1808.7,1064.6,1425,590,none
2026-08-06T16:32:57.448958,56,2,person,0.8903,1014.8,72.2,1807.4,1064.0,1411,568,none
2026-08-06T16:32:57.513852,57,2,person,0.8083,1035.0,90.1,1812.8,1065.3,1423,577,none
2026-08-06T16:32:57.577374,58,2,person,0.8844,1054.3,117.8,1807.6,1065.2,1430,591,none
2026-08-06T16:32:57.646147,59,2,person,0.8686,1070.9,125.1,1815.2,1065.2,1443,595,none
2026-08-06T16:32:57.711638,60,2,person,0.857,1082.4,129.8,1821.2,1065.7,1451,597,none
2026-08-06T16:32:57.803991,61,2,person,0.8999,1082.5,143.3,1808.8,1066.1,1445,604,none
2026-08-06T16:32:57.873991,62,2,person,0.8905,1080.0,151.1,1799.0,1066.8,1439,608,none
2026-08-06T16:32:57.941843,63,2,person,0.8808,1076.0,151.8,1793.4,1067.1,1434,609,none
2026-08-06T16:32:58.009820,64,2,person,0.9058,1080.9,172.7,1782.8,1067.7,1431,620,none
2026-08-06T16:32:58.076279,65,2,person,0.9107,1083.7,176.0,1784.8,1068.2,1434,622,none
2026-08-06T16:32:58.143578,66,2,person,0.9061,1087.4,179.4,1787.9,1068.1,1437,623,none
2026-08-06T16:32:58.212362,67,2,person,0.9016,1095.5,190.3,1791.6,1068.1,1443,629,none
2026-08-06T16:32:58.277350,68,2,person,0.9111,1083.1,188.9,1780.6,1067.8,1431,628,none
2026-08-06T16:32:58.345319,69,2,person,0.9063,1071.7,182.6,1773.0,1067.5,1422,625,none
2026-08-06T16:32:58.408725,70,2,person,0.914,1055.4,182.3,1755.5,1066.9,1405,624,none
2026-08-06T16:32:58.476489,71,2,person,0.9164,1045.1,189.9,1739.2,1067.5,1392,628,none
2026-08-06T16:32:58.545276,72,2,person,0.8718,1027.4,156.5,1742.4,1065.3,1384,610,none
2026-08-06T16:32:58.610546,73,2,person,0.8855,1002.3,106.4,1748.6,1065.4,1375,585,none
2026-08-06T16:32:58.678679,74,2,person,0.7426,1005.6,69.3,1777.9,1066.3,1391,567,none
2026-08-06T16:32:58.743752,75,2,person,0.8752,1005.6,40.5,1819.9,1071.2,1412,555,none
2026-08-06T16:32:58.809928,76,2,person,0.8542,951.0,10.6,1814.5,1072.6,1382,541,none
2026-08-06T16:32:58.875993,77,2,person,0.8968,860.6,1.7,1772.1,1075.3,1316,538,none
2026-08-06T16:32:58.941619,78,2,person,0.9201,806.7,0.0,1759.3,1077.6,1283,538,none
2026-08-06T16:32:59.009149,79,2,person,0.9143,770.7,0.0,1758.4,1075.9,1264,537,none
2026-08-06T16:32:59.074160,80,2,person,0.9151,741.7,0.0,1762.5,1076.2,1252,538,none
2026-08-06T16:32:59.144856,81,2,person,0.9277,715.9,0.0,1768.9,1076.0,1242,537,none
2026-08-06T16:32:59.211780,82,2,person,0.9267,694.9,0.0,1776.8,1074.2,1235,537,none
2026-08-06T16:32:59.275625,83,2,person,0.9209,680.3,0.0,1788.0,1073.2,1234,536,none
2026-08-06T16:32:59.338830,84,2,person,0.9197,675.4,0.6,1804.9,1073.4,1240,536,none
2026-08-06T16:32:59.411345,85,2,person,0.8994,675.0,0.7,1824.8,1075.3,1249,537,none
2026-08-06T16:32:59.479673,86,2,person,0.9199,679.2,1.5,1844.7,1077.9,1261,539,none
2026-08-06T16:32:59.544688,87,2,person,0.9262,678.8,1.1,1858.1,1079.1,1268,540,none
2026-08-06T16:32:59.608378,88,2,person,0.9251,679.2,1.6,1868.9,1079.9,1274,540,none
2026-08-06T16:32:59.679222,89,2,person,0.9331,680.4,1.0,1878.3,1079.4,1279,540,none
2026-08-06T16:32:59.742770,90,2,person,0.9274,680.1,0.0,1887.1,1080.0,1283,539,none
2026-08-06T16:32:59.810834,91,2,person,0.9219,678.5,0.0,1892.1,1080.0,1285,540,none
2026-08-06T16:32:59.880636,92,2,person,0.9269,675.4,0.0,1894.3,1080.0,1284,540,none
2026-08-06T16:32:59.941881,93,2,person,0.924,673.8,0.0,1897.3,1080.0,1285,540,none
2026-08-06T16:33:00.011116,94,2,person,0.9234,671.9,0.0,1899.7,1080.0,1285,540,none
2026-08-06T16:33:00.077404,95,2,person,0.9188,671.3,0.0,1902.5,1079.8,1286,539,none
2026-08-06T16:33:00.147391,96,2,person,0.8883,715.4,0.4,1920.0,1074.2,1317,537,none
2026-08-06T16:33:00.207909,97,2,person,0.8709,754.3,0.0,1920.0,1073.9,1337,536,none
2026-08-06T16:33:00.277344,98,2,person,0.893,806.9,7.9,1920.0,1073.0,1363,540,none
2026-08-06T16:33:00.341726,99,2,person,0.8362,861.5,31.3,1920.0,1072.3,1390,551,none
2026-08-06T16:33:00.408367,100,2,person,0.8578,890.1,49.0,1920.0,1067.9,1405,558,none
2026-08-06T16:33:00.476261,101,2,person,0.8616,910.1,65.2,1920.0,1066.7,1415,565,none
2026-08-06T16:33:00.544410,102,2,person,0.869,926.9,72.7,1904.0,1065.2,1415,568,none
2026-08-06T16:33:00.610191,103,2,person,0.8708,941.2,74.1,1890.7,1066.3,1415,570,none
2026-08-06T16:33:00.676120,104,2,person,0.8883,950.7,67.2,1881.9,1066.7,1416,566,none
2026-08-06T16:33:00.742568,105,2,person,0.8668,960.8,60.7,1875.5,1066.6,1418,563,none
2026-08-06T16:33:00.808488,106,2,person,0.8585,970.0,56.2,1868.3,1066.1,1419,561,none
2026-08-06T16:33:00.926251,107,2,person,0.8463,981.0,53.3,1865.6,1066.6,1423,559,none
2026-08-06T16:33:01.586959,108,2,person,0.8596,987.7,50.3,1859.5,1067.0,1423,558,none
2026-08-06T16:33:01.660027,109,2,person,0.8612,973.3,21.2,1874.4,1069.5,1423,545,none
2026-08-06T16:33:01.726351,110,2,person,0.8375,983.9,8.5,1892.6,1069.0,1438,538,none
2026-08-06T16:33:01.794556,111,2,person,0.8097,968.0,1.7,1888.6,1071.6,1428,536,none
2026-08-06T16:33:01.877413,112,2,person,0.8007,989.5,2.6,1904.1,1070.4,1446,536,none
2026-08-06T16:33:01.943429,113,2,person,0.8483,892.4,0.0,1837.1,1071.6,1364,535,none
2026-08-06T16:33:02.009207,114,2,person,0.8721,837.5,0.3,1812.5,1077.0,1325,538,none
2026-08-06T16:33:02.075692,115,2,person,0.8196,813.5,3.9,1810.0,1077.7,1311,540,none
2026-08-06T16:33:02.143328,116,2,person,0.846,777.0,6.5,1798.6,1077.6,1287,542,none
2026-08-06T16:33:02.210381,117,2,person,0.8694,721.9,3.8,1776.3,1074.0,1249,538,none
2026-08-06T16:33:02.275527,118,2,person,0.814,672.8,3.4,1760.3,1071.6,1216,537,none
2026-08-06T16:33:02.342551,119,2,person,0.8896,628.2,0.8,1754.5,1072.0,1191,536,none
2026-08-06T16:33:02.408062,120,2,person,0.9391,596.3,0.4,1756.7,1072.3,1176,536,none
2026-08-06T16:33:02.476810,121,2,person,0.9275,577.5,4.7,1763.9,1070.8,1170,537,none
2026-08-06T16:33:02.541627,122,2,person,0.9265,533.6,6.9,1752.2,1069.3,1142,538,none
2026-08-06T16:33:02.610334,123,2,person,0.9282,498.0,8.7,1747.8,1066.5,1122,537,none
2026-08-06T16:33:02.677011,124,2,person,0.9613,437.0,7.7,1730.5,1067.4,1083,537,none
2026-08-06T16:33:02.776150,125,2,person,0.9488,393.2,6.4,1727.2,1066.2,1060,536,none
2026-08-06T16:33:02.876107,126,2,person,0.9537,347.7,7.3,1720.3,1064.3,1033,535,none
2026-08-06T16:33:02.943460,127,2,person,0.946,330.1,4.3,1740.2,1063.0,1035,533,none
2026-08-06T16:33:03.042573,128,2,person,0.9448,320.3,3.4,1764.4,1065.4,1042,534,none
2026-08-06T16:33:03.151142,129,2,person,0.9403,353.7,4.7,1814.0,1066.9,1083,535,none
2026-08-06T16:33:03.244749,130,2,person,0.9321,407.4,3.1,1872.7,1066.8,1140,534,none
2026-08-06T16:33:03.342252,131,2,person,0.9434,463.0,7.0,1918.6,1068.1,1190,537,none
2026-08-06T16:33:03.407895,132,2,person,0.9204,494.9,4.2,1920.0,1067.6,1207,535,none
2026-08-06T16:33:03.475768,133,2,person,0.9458,512.1,3.2,1920.0,1068.6,1216,535,none
2026-08-06T16:33:03.542169,134,2,person,0.9405,547.3,2.8,1920.0,1068.3,1233,535,none
2026-08-06T16:33:03.609382,135,2,person,0.9385,572.2,2.4,1920.0,1066.5,1246,534,none
2026-08-06T16:33:03.710112,136,2,person,0.9516,584.7,4.3,1920.0,1067.5,1252,535,none
2026-08-06T16:33:03.776496,137,2,person,0.9452,597.7,1.4,1920.0,1066.8,1258,534,none
2026-08-06T16:33:03.844761,138,2,person,0.9397,650.3,3.7,1920.0,1066.2,1285,534,none
2026-08-06T16:33:03.911646,139,2,person,0.9491,704.1,5.0,1920.0,1067.2,1312,536,none
2026-08-06T16:33:04.191478,140,2,person,0.9555,720.3,5.7,1920.0,1067.6,1320,536,none
2026-08-06T16:33:04.318919,141,2,person,0.9112,751.0,9.3,1920.0,1066.5,1335,537,none
2026-08-06T16:54:15.392507,1,1,car,0.8727,1411.7,567.1,1847.6,871.8,1629,719,none
2026-08-06T16:54:15.397084,1,2,person,0.8471,725.6,513.4,1009.1,1028.1,867,770,none
2026-08-06T16:54:15.397926,1,3,motorcycle,0.7264,752.4,770.2,1043.8,1149.8,898,960,none
2026-08-06T16:54:15.398558,1,4,car,0.6702,255.2,541.9,342.2,608.5,298,575,none
2026-08-06T16:54:15.399151,1,5,person,0.6083,1211.7,574.7,1284.3,721.7,1248,648,none
2026-08-06T16:54:15.399726,1,6,motorcycle,0.5524,700.4,558.8,773.6,648.2,736,603,none
2026-08-06T16:54:15.400285,1,7,person,0.5295,2395.4,627.6,2475.6,720.8,2435,674,none
2026-08-06T16:54:15.400853,1,8,truck,0.4246,378.2,508.1,564.5,712.2,471,610,none
2026-08-06T16:54:15.401387,1,9,truck,0.4213,693.9,449.1,772.4,537.1,733,493,none
2026-08-06T16:54:15.780455,2,1,car,0.8889,1406.5,566.0,1838.8,868.1,1622,717,none
2026-08-06T16:54:15.781622,2,2,person,0.8594,713.7,517.2,1000.8,1038.9,857,778,none
2026-08-06T16:54:15.782308,2,3,motorcycle,0.759,736.3,765.1,1029.6,1147.9,882,956,none
2026-08-06T16:54:15.782916,2,4,car,0.632,257.7,543.1,340.6,606.6,299,574,none
2026-08-06T16:54:15.783546,2,5,person,0.6587,1205.7,569.2,1280.4,720.5,1243,644,none
2026-08-06T16:54:15.784107,2,6,motorcycle,0.5759,701.3,560.8,772.1,647.1,736,603,none
2026-08-06T16:54:15.784668,2,7,person,0.4431,2397.7,626.7,2476.2,717.8,2436,672,none
2026-08-06T16:54:15.785218,2,8,truck,0.5242,373.6,507.9,559.7,711.9,466,609,none
2026-08-06T16:54:15.785760,2,9,truck,0.5049,692.0,448.5,772.7,538.9,732,493,none
2026-08-06T16:54:15.885689,3,1,car,0.8888,1405.6,565.8,1837.3,867.4,1621,716,none
2026-08-06T16:54:15.886832,3,2,person,0.8596,712.0,517.9,999.1,1040.0,855,778,none
2026-08-06T16:54:15.887501,3,3,motorcycle,0.7591,734.0,764.3,1026.9,1147.6,880,955,none
2026-08-06T16:54:15.888068,3,4,car,0.6325,258.0,543.3,340.4,606.3,299,574,none
2026-08-06T16:54:15.888615,3,5,person,0.6591,1204.7,568.1,1279.7,720.3,1242,644,none
2026-08-06T16:54:15.889155,3,6,motorcycle,0.5747,701.5,561.1,771.9,646.9,736,603,none
2026-08-06T16:54:15.889690,3,7,person,0.4425,2398.1,626.6,2476.3,717.3,2437,671,none
2026-08-06T16:54:15.890238,3,8,truck,0.5382,372.8,507.9,558.8,711.8,465,609,none
2026-08-06T16:54:15.890761,3,9,truck,0.5063,691.7,448.4,772.7,539.2,732,493,none
2026-08-06T16:54:15.891296,3,10,car,0.4185,0.2,542.8,36.8,621.5,18,582,none
2026-08-06T16:54:15.976673,4,1,car,0.8841,1398.9,565.7,1828.3,865.7,1613,715,none
2026-08-06T16:54:15.977944,4,2,person,0.8634,706.2,515.0,991.1,1033.6,848,774,none
2026-08-06T16:54:15.978633,4,3,motorcycle,0.7367,732.0,764.5,1018.8,1140.5,875,952,none
2026-08-06T16:54:15.979235,4,4,car,0.6425,256.9,543.4,339.1,606.3,297,574,none
2026-08-06T16:54:15.979812,4,5,person,0.6428,1202.4,568.4,1276.8,719.9,1239,644,none
2026-08-06T16:54:15.980364,4,7,person,0.4179,2403.8,629.4,2481.8,719.2,2442,674,none
2026-08-06T16:54:15.980936,4,8,truck,0.4417,375.3,503.8,565.3,711.7,470,607,none
2026-08-06T16:54:15.981473,4,9,truck,0.451,692.0,449.1,771.0,537.4,731,493,none
2026-08-06T16:54:15.982010,4,10,car,0.4619,0.0,543.7,35.9,621.0,17,582,none
2026-08-06T16:54:16.068909,5,1,car,0.8768,1391.6,565.2,1816.4,861.9,1603,713,none
2026-08-06T16:54:16.070118,5,2,person,0.8599,694.3,516.5,977.4,1032.6,835,774,none
2026-08-06T16:54:16.070782,5,3,motorcycle,0.5596,715.5,754.2,1005.0,1136.0,860,945,none
2026-08-06T16:54:16.071360,5,4,car,0.631,255.1,543.3,337.4,606.3,296,574,none
2026-08-06T16:54:16.071921,5,5,person,0.5349,1197.5,564.7,1272.8,718.7,1235,641,none
2026-08-06T16:54:16.072466,5,7,person,0.4211,2410.2,629.3,2487.1,717.3,2448,673,none
2026-08-06T16:54:16.073026,5,8,truck,0.5008,401.7,502.6,593.2,707.6,497,605,none
2026-08-06T16:54:16.073555,5,10,car,0.5037,0.0,542.5,35.4,620.6,17,581,none
2026-08-06T16:54:16.168890,6,1,car,0.876,1389.2,565.0,1812.7,860.7,1600,712,none
2026-08-06T16:54:16.170169,6,2,person,0.8597,690.6,517.1,973.0,1032.6,831,774,none
2026-08-06T16:54:16.170858,6,3,motorcycle,0.5608,711.1,751.1,1000.1,1134.6,855,942,none
2026-08-06T16:54:16.171447,6,4,car,0.6301,254.6,543.4,336.8,606.2,295,574,none
2026-08-06T16:54:16.172011,6,5,person,0.5306,1197.1,565.0,1271.9,718.8,1234,641,none
2026-08-06T16:54:16.172554,6,7,person,0.4209,2412.2,629.2,2488.7,716.6,2450,672,none
2026-08-06T16:54:16.173118,6,8,truck,0.483,409.0,502.1,604.5,706.3,506,604,none
2026-08-06T16:54:16.173639,6,10,car,0.5061,0.0,542.0,35.3,620.3,17,581,none
2026-08-06T16:54:16.253581,7,1,car,0.8622,1386.0,565.0,1807.3,859.1,1596,712,none
2026-08-06T16:54:16.254723,7,2,person,0.8777,690.7,518.6,960.7,1011.0,825,764,none
2026-08-06T16:54:16.255358,7,3,motorcycle,0.6684,700.1,759.4,977.6,1130.2,838,944,none
2026-08-06T16:54:16.255915,7,4,car,0.6111,251.8,541.1,336.7,606.3,294,573,none
2026-08-06T16:54:16.256477,7,5,person,0.5172,1196.2,572.4,1267.4,718.7,1231,645,none
2026-08-06T16:54:16.257027,7,7,person,0.4564,2418.9,629.6,2489.7,709.5,2454,669,none
2026-08-06T16:54:16.257583,7,8,truck,0.4035,401.4,506.1,598.3,707.5,499,606,none
2026-08-06T16:54:16.258110,7,10,car,0.6128,0.0,542.0,34.6,620.5,17,581,none
2026-08-06T16:54:16.339580,8,1,car,0.8661,1381.7,565.2,1801.3,858.1,1591,711,none
2026-08-06T16:54:16.340893,8,2,person,0.8703,688.2,520.6,949.2,996.1,818,758,none
2026-08-06T16:54:16.341666,8,3,motorcycle,0.7259,696.0,762.1,964.6,1122.9,830,942,none
2026-08-06T16:54:16.342272,8,4,car,0.5482,252.9,542.1,336.6,606.6,294,574,none
2026-08-06T16:54:16.342853,8,5,person,0.5795,1193.8,576.5,1262.8,718.0,1228,647,none
2026-08-06T16:54:16.343416,8,7,person,0.4723,2421.7,628.8,2496.4,712.5,2459,670,none
2026-08-06T16:54:16.343955,8,10,car,0.6121,0.0,542.3,33.9,620.7,16,581,none
2026-08-06T16:54:16.344496,8,9,truck,0.404,690.7,450.2,768.2,536.5,729,493,none
2026-08-06T16:54:16.427873,9,1,car,0.8652,1380.4,565.2,1799.4,857.8,1589,711,none
2026-08-06T16:54:16.429058,9,2,person,0.8702,687.4,521.3,945.6,991.2,816,756,none
2026-08-06T16:54:16.429705,9,3,motorcycle,0.7262,695.2,763.1,960.0,1120.4,827,941,none
2026-08-06T16:54:16.430264,9,4,car,0.549,253.4,542.5,336.6,606.7,294,574,none
2026-08-06T16:54:16.430810,9,5,person,0.58,1193.1,577.9,1261.3,717.8,1227,647,none
2026-08-06T16:54:16.431347,9,7,person,0.4715,2422.5,628.6,2498.7,713.5,2460,671,none
2026-08-06T16:54:16.431867,9,10,car,0.6109,0.0,542.5,33.6,620.7,16,581,none
2026-08-06T16:54:16.432431,9,11,bus,0.5635,860.8,492.0,1002.7,690.1,931,591,none
2026-08-06T16:54:16.432956,9,9,truck,0.4053,690.4,450.2,768.2,536.4,729,493,none
2026-08-06T16:54:16.510381,10,1,car,0.8675,1374.5,564.8,1790.3,855.0,1582,709,none
2026-08-06T16:54:16.511645,10,2,person,0.8624,676.5,520.0,937.0,993.1,806,756,none
2026-08-06T16:54:16.512325,10,3,motorcycle,0.769,696.0,759.1,961.1,1117.7,828,938,none
2026-08-06T16:54:16.512909,10,4,car,0.4934,250.0,541.0,335.8,607.2,292,574,none
2026-08-06T16:54:16.513476,10,5,person,0.5665,1190.2,577.7,1258.8,718.2,1224,647,none
2026-08-06T16:54:16.514035,10,7,person,0.4643,2422.8,627.9,2501.0,715.5,2461,671,none
2026-08-06T16:54:16.514572,10,10,car,0.5115,0.0,543.8,32.3,620.0,16,581,none
2026-08-06T16:54:16.515129,10,11,bus,0.5422,856.2,492.5,997.6,689.9,926,591,none
2026-08-06T16:54:16.515672,10,8,truck,0.5003,398.0,509.2,598.0,706.1,498,607,none
2026-08-06T16:54:16.597882,11,1,car,0.8457,1369.7,564.6,1783.7,853.6,1576,709,none
2026-08-06T16:54:16.599039,11,2,person,0.8665,669.2,518.6,932.6,997.7,800,758,none
2026-08-06T16:54:16.599708,11,3,motorcycle,0.7711,691.9,760.2,952.3,1112.6,822,936,none
2026-08-06T16:54:16.600274,11,4,car,0.4781,248.8,540.6,335.1,607.6,291,574,none
2026-08-06T16:54:16.600838,11,5,person,0.5799,1182.9,568.9,1255.5,718.5,1219,643,none
2026-08-06T16:54:16.601379,11,7,person,0.4207,2423.6,627.4,2502.0,716.0,2462,671,none
2026-08-06T16:54:16.601907,11,10,car,0.5116,0.0,543.8,31.1,619.1,15,581,none
2026-08-06T16:54:16.602459,11,11,bus,0.5576,854.2,492.8,995.2,689.5,924,591,none
2026-08-06T16:54:16.685728,12,1,car,0.8608,1365.1,564.7,1775.4,851.3,1570,707,none
2026-08-06T16:54:16.686924,12,2,person,0.8744,663.6,519.7,922.7,991.8,793,755,none
2026-08-06T16:54:16.687587,12,3,motorcycle,0.7508,685.6,757.4,943.8,1106.7,814,932,none
2026-08-06T16:54:16.688147,12,4,car,0.4176,247.6,541.8,332.1,607.6,289,574,none
2026-08-06T16:54:16.688699,12,5,person,0.6417,1177.4,560.5,1253.5,718.5,1215,639,none
2026-08-06T16:54:16.689226,12,10,car,0.4535,0.0,541.4,30.3,618.2,15,579,none
2026-08-06T16:54:16.689787,12,11,truck,0.5688,851.4,493.8,992.3,689.9,921,591,none
2026-08-06T16:54:16.772208,13,1,car,0.8608,1363.6,564.7,1772.5,850.5,1568,707,none
2026-08-06T16:54:16.773352,13,2,person,0.8741,661.9,520.1,919.3,990.0,790,755,none
2026-08-06T16:54:16.773994,13,3,motorcycle,0.7513,683.3,756.2,941.1,1104.8,812,930,none
2026-08-06T16:54:16.774560,13,4,car,0.4225,245.6,543.1,329.1,607.9,287,575,none
2026-08-06T16:54:16.775122,13,5,person,0.6431,1175.5,557.1,1252.8,718.5,1214,637,none
2026-08-06T16:54:16.775654,13,10,car,0.4501,0.0,540.4,29.9,617.9,14,579,none
2026-08-06T16:54:16.776214,13,11,truck,0.5685,850.5,494.1,991.5,690.0,921,592,none
2026-08-06T16:54:16.776757,13,13,bus,0.4983,846.1,493.5,994.9,689.2,920,591,none
2026-08-06T16:54:16.777283,13,14,car,0.4821,1240.4,594.9,1384.8,707.9,1312,651,none
2026-08-06T16:54:16.865919,14,1,car,0.8607,1359.2,564.7,1767.3,850.0,1563,707,none
2026-08-06T16:54:16.867241,14,2,person,0.8724,650.7,518.3,910.9,993.4,780,755,none
2026-08-06T16:54:16.867955,14,3,motorcycle,0.5576,669.5,753.0,924.4,1101.3,796,927,none
2026-08-06T16:54:16.868560,14,4,car,0.5444,244.9,543.3,327.5,607.3,286,575,none
2026-08-06T16:54:16.869158,14,5,person,0.7044,1171.3,554.4,1249.0,718.1,1210,636,none
2026-08-06T16:54:16.869738,14,11,bus,0.4093,846.7,493.7,988.0,689.5,917,591,none
2026-08-06T16:54:16.870305,14,13,truck,0.6347,844.7,493.7,993.3,689.2,919,591,none
2026-08-06T16:54:16.870858,14,14,car,0.4864,1243.6,596.0,1382.4,704.9,1312,650,none
2026-08-06T16:54:16.951390,15,1,car,0.8609,1354.2,563.8,1759.2,847.4,1556,705,none
2026-08-06T16:54:16.952531,15,2,person,0.8611,642.8,519.7,900.3,990.3,771,754,none
2026-08-06T16:54:16.953165,15,3,motorcycle,0.6839,655.4,744.8,910.2,1097.0,782,920,none
2026-08-06T16:54:16.953714,15,4,car,0.6414,243.9,544.1,326.0,607.3,284,575,none
2026-08-06T16:54:16.954257,15,5,person,0.5659,1169.1,558.2,1243.6,716.5,1206,637,none
2026-08-06T16:54:16.954809,15,11,bus,0.4383,843.8,493.3,985.4,688.7,914,591,none
2026-08-06T16:54:16.955347,15,13,truck,0.5599,842.7,493.6,990.9,688.5,916,591,none
2026-08-06T16:54:16.955868,15,14,car,0.4415,1238.4,596.0,1377.9,705.4,1308,650,none
2026-08-06T16:54:17.078246,16,1,car,0.8606,1352.7,563.5,1756.2,846.5,1554,704,none
2026-08-06T16:54:17.079406,16,2,person,0.8616,640.3,520.2,896.6,989.2,768,754,none
2026-08-06T16:54:17.080071,16,3,motorcycle,0.6828,651.1,741.9,904.4,1095.5,777,918,none
2026-08-06T16:54:17.080632,16,4,car,0.6411,243.3,544.4,325.7,607.3,284,575,none
2026-08-06T16:54:17.081194,16,5,person,0.5647,1168.5,559.8,1241.5,715.9,1204,637,none
2026-08-06T16:54:17.081744,16,11,bus,0.438,842.8,493.2,984.8,688.5,913,590,none
2026-08-06T16:54:17.082276,16,13,truck,0.5608,842.1,493.5,990.2,688.3,916,590,none
2026-08-06T16:54:17.082806,16,14,car,0.441,1236.9,595.9,1376.6,705.7,1306,650,none
2026-08-06T16:54:17.083338,16,16,bus,0.43,1024.9,502.5,1248.1,674.9,1136,588,none
2026-08-06T16:54:17.159849,17,1,car,0.8417,1347.1,563.9,1748.6,845.7,1547,704,none
2026-08-06T16:54:17.161152,17,2,person,0.849,636.0,521.5,891.1,987.1,763,754,none
2026-08-06T16:54:17.161880,17,3,motorcycle,0.7454,646.2,736.8,897.4,1089.9,771,913,none
2026-08-06T16:54:17.162475,17,4,car,0.5727,242.6,544.5,324.9,606.8,283,575,none
2026-08-06T16:54:17.163068,17,5,person,0.5264,1166.4,565.5,1236.9,716.7,1201,641,none
2026-08-06T16:54:17.163646,17,11,bus,0.4113,839.1,493.5,982.0,688.6,910,591,none
2026-08-06T16:54:17.164197,17,13,truck,0.568,836.6,494.0,983.9,687.0,910,590,none
2026-08-06T16:54:17.164745,17,14,car,0.5545,1236.1,595.8,1376.2,705.7,1306,650,none
2026-08-06T16:54:17.165298,17,16,bus,0.5128,1022.4,503.6,1248.6,678.4,1135,590,none
2026-08-06T16:54:17.250863,18,1,car,0.8417,1341.6,564.0,1740.7,844.0,1541,704,none
2026-08-06T16:54:17.251958,18,2,person,0.843,634.2,521.8,879.4,967.9,756,744,none
2026-08-06T16:54:17.252589,18,3,motorcycle,0.7461,648.4,747.0,890.1,1086.6,769,916,none
2026-08-06T16:54:17.253139,18,4,car,0.4921,241.6,544.2,323.4,605.8,282,575,none
2026-08-06T16:54:17.253686,18,5,person,0.6037,1163.8,573.2,1230.9,716.7,1197,644,none
2026-08-06T16:54:17.254215,18,14,car,0.5355,1237.9,595.3,1378.0,705.1,1307,650,none
2026-08-06T16:54:17.254759,18,16,bus,0.5652,1019.6,503.6,1249.0,680.8,1134,592,none
2026-08-06T16:54:17.255280,18,17,car,0.5379,2108.9,643.1,2279.0,699.0,2193,671,none
2026-08-06T16:54:17.338572,19,1,car,0.8426,1339.7,564.1,1738.0,843.5,1538,703,none
2026-08-06T16:54:17.339834,19,2,person,0.8431,633.4,521.9,875.7,961.1,754,741,none
2026-08-06T16:54:17.340528,19,3,motorcycle,0.7456,649.7,751.1,887.9,1085.5,768,918,none
2026-08-06T16:54:17.341113,19,4,car,0.5048,241.2,544.1,322.9,605.5,282,574,none
2026-08-06T16:54:17.341692,19,5,person,0.6062,1162.9,576.1,1228.9,716.8,1195,646,none
2026-08-06T16:54:17.342249,19,14,car,0.5383,1240.4,594.3,1380.8,704.6,1310,649,none
2026-08-06T16:54:17.342811,19,16,bus,0.5689,1018.9,503.5,1249.1,681.5,1133,592,none
2026-08-06T16:54:17.343347,19,17,car,0.5371,2109.6,643.2,2279.5,699.0,2194,671,none
2026-08-06T16:54:17.343955,19,18,car,0.4339,2308.0,958.7,2559.7,1158.3,2433,1058,none
2026-08-06T16:54:17.344502,19,19,truck,0.4298,675.7,452.3,774.8,609.6,725,530,none
2026-08-06T16:54:17.345046,19,20,truck,0.4032,333.5,506.3,505.2,702.3,419,604,none
2026-08-06T16:54:17.345582,19,21,car,0.4058,493.9,527.6,621.5,675.5,557,601,none
2026-08-06T16:54:17.346124,19,11,truck,0.5791,833.4,493.4,976.3,687.1,904,590,none
2026-08-06T16:54:17.425946,20,1,car,0.8543,1336.2,564.2,1733.3,842.9,1534,703,none
2026-08-06T16:54:17.427169,20,2,person,0.7976,628.9,523.3,864.8,948.1,746,735,none
2026-08-06T16:54:17.427883,20,3,motorcycle,0.7513,639.7,748.5,879.0,1084.0,759,916,none
2026-08-06T16:54:17.428484,20,4,car,0.5962,239.2,543.8,321.4,605.3,280,574,none
2026-08-06T16:54:17.429061,20,5,person,0.5772,1160.8,579.0,1225.8,716.5,1193,647,none
2026-08-06T16:54:17.429620,20,14,car,0.5058,1241.0,594.7,1380.5,704.3,1310,649,none
2026-08-06T16:54:17.430186,20,16,bus,0.5759,1020.8,504.2,1250.8,682.0,1135,593,none
2026-08-06T16:54:17.430742,20,17,car,0.5599,2109.6,642.6,2278.8,698.1,2194,670,none
2026-08-06T16:54:17.431306,20,20,truck,0.4257,329.3,507.4,499.3,701.5,414,604,none
2026-08-06T16:54:17.431868,20,11,truck,0.5492,832.9,493.3,976.2,686.1,904,589,none
2026-08-06T16:54:17.524941,21,1,car,0.82,1332.4,564.9,1724.2,839.9,1528,702,none
2026-08-06T16:54:17.526205,21,2,person,0.8209,620.8,524.3,859.5,952.7,740,738,none
2026-08-06T16:54:17.526964,21,3,motorcycle,0.7282,633.5,751.5,867.6,1080.6,750,916,none
2026-08-06T16:54:17.527582,21,4,car,0.645,238.1,543.8,320.8,605.6,279,574,none
2026-08-06T16:54:17.528173,21,5,person,0.5739,1158.0,581.4,1222.4,716.8,1190,649,none
2026-08-06T16:54:17.528747,21,14,car,0.4692,1242.0,594.7,1381.6,704.5,1311,649,none
2026-08-06T16:54:17.529352,21,16,bus,0.6142,1022.3,505.3,1251.3,682.3,1136,593,none
2026-08-06T16:54:17.529923,21,17,car,0.4983,2113.5,642.1,2279.7,696.4,2196,669,none
2026-08-06T16:54:17.530491,21,20,truck,0.4371,327.0,509.8,495.1,701.6,411,605,none
2026-08-06T16:54:17.531049,21,11,truck,0.5383,830.0,494.4,975.2,687.3,902,590,none
2026-08-06T16:54:17.531618,21,21,car,0.5287,492.0,530.3,612.8,670.0,552,600,none
2026-08-06T16:54:17.622202,22,1,car,0.8523,1327.2,565.2,1715.8,837.9,1521,701,none
2026-08-06T16:54:17.623513,22,2,person,0.8336,614.8,524.3,852.4,949.0,733,736,none
2026-08-06T16:54:17.624247,22,3,motorcycle,0.6547,632.2,752.4,861.3,1074.1,746,913,none
2026-08-06T16:54:17.624828,22,4,car,0.6303,237.5,543.9,319.8,605.5,278,574,none
2026-08-06T16:54:17.625390,22,5,person,0.4594,1155.8,579.2,1221.3,716.1,1188,647,none
2026-08-06T16:54:17.625934,22,14,car,0.5859,1242.5,594.3,1382.7,704.7,1312,649,none
2026-08-06T16:54:17.626484,22,16,bus,0.5881,1024.6,504.2,1253.6,680.6,1139,592,none
2026-08-06T16:54:17.627011,22,17,car,0.4462,2116.5,642.2,2279.3,695.0,2197,668,none
2026-08-06T16:54:17.627554,22,20,truck,0.4359,324.3,511.1,491.0,701.0,407,606,none
2026-08-06T16:54:17.628089,22,11,truck,0.4834,828.8,495.4,974.5,687.6,901,591,none
2026-08-06T16:54:17.628610,22,21,car,0.588,487.2,530.3,610.1,671.9,548,601,none
2026-08-06T16:54:17.717462,23,1,car,0.8515,1325.4,565.2,1712.9,837.2,1519,701,none
2026-08-06T16:54:17.718910,23,2,person,0.8331,612.5,524.3,850.2,947.8,731,736,none
2026-08-06T16:54:17.719672,23,3,motorcycle,0.6586,631.8,752.9,859.2,1071.8,745,912,none
2026-08-06T16:54:17.720257,23,4,car,0.6312,237.3,543.9,319.5,605.6,278,574,none
2026-08-06T16:54:17.720818,23,5,person,0.4579,1155.1,578.3,1221.1,715.8,1188,647,none
2026-08-06T16:54:17.721361,23,14,car,0.5864,1242.7,594.2,1383.0,704.7,1312,649,none
2026-08-06T16:54:17.721925,23,16,bus,0.5884,1025.2,503.9,1254.6,679.9,1139,591,none
2026-08-06T16:54:17.722452,23,17,car,0.4426,2117.1,642.3,2279.6,694.7,2198,668,none
2026-08-06T16:54:17.722993,23,20,truck,0.4356,323.6,511.5,489.9,700.8,406,606,none
2026-08-06T16:54:17.723575,23,11,truck,0.4867,828.2,495.8,974.6,687.7,901,591,none
2026-08-06T16:54:17.724392,23,21,car,0.5892,485.7,530.2,609.4,672.5,547,601,none
2026-08-06T16:54:17.725105,23,24,person,0.4288,2152.3,790.0,2559.3,1427.5,2355,1108,none
2026-08-06T16:54:17.804792,24,1,car,0.8518,1322.3,564.3,1708.1,835.4,1515,699,none
2026-08-06T16:54:17.806124,24,2,person,0.8458,606.5,523.1,844.9,947.7,725,735,none
2026-08-06T16:54:17.806861,24,3,motorcycle,0.677,617.2,746.1,846.1,1069.9,731,908,none
2026-08-06T16:54:17.807462,24,4,car,0.6584,237.1,544.1,318.8,605.4,277,574,none
2026-08-06T16:54:17.808039,24,14,car,0.5317,1242.4,593.8,1383.7,705.7,1313,649,none
2026-08-06T16:54:17.808626,24,16,bus,0.564,1028.2,503.9,1257.2,678.7,1142,591,none
2026-08-06T16:54:17.809184,24,17,car,0.472,2117.6,642.2,2281.6,694.6,2199,668,none
2026-08-06T16:54:17.809752,24,20,truck,0.4418,322.6,510.8,490.0,700.6,406,605,none
2026-08-06T16:54:17.810310,24,11,truck,0.4053,825.4,496.4,972.4,687.5,898,591,none
2026-08-06T16:54:17.810847,24,21,car,0.4351,485.7,529.6,608.9,671.1,547,600,none
2026-08-06T16:54:17.811466,24,24,person,0.832,2130.2,779.8,2545.3,1429.0,2337,1104,none
2026-08-06T16:54:17.897184,25,1,car,0.841,1319.1,564.7,1701.7,833.5,1510,699,none
2026-08-06T16:54:17.898368,25,2,person,0.8641,600.6,523.6,836.1,942.1,718,732,none
2026-08-06T16:54:17.899046,25,3,motorcycle,0.6722,607.0,728.5,843.5,1065.9,725,897,none
2026-08-06T16:54:17.899619,25,4,car,0.6776,237.0,544.2,318.0,605.3,277,574,none
2026-08-06T16:54:17.900201,25,14,car,0.4444,1242.2,593.8,1383.1,705.9,1312,649,none
2026-08-06T16:54:17.900779,25,16,bus,0.516,1033.1,504.4,1262.5,678.1,1147,591,none
2026-08-06T16:54:17.901326,25,17,car,0.5005,2118.2,642.4,2284.8,695.1,2201,668,none
2026-08-06T16:54:17.901901,25,20,truck,0.4548,320.9,508.8,489.9,699.8,405,604,none
2026-08-06T16:54:17.902469,25,11,truck,0.4242,821.7,496.4,969.5,687.0,895,591,none
2026-08-06T16:54:17.903104,25,24,person,0.8341,2036.8,556.5,2560.0,1428.3,2298,992,none
2026-08-06T16:54:17.903646,25,5,person,0.5424,1147.2,578.2,1212.8,713.9,1180,646,none
2026-08-06T16:54:17.995944,26,1,car,0.8408,1318.0,564.8,1699.6,832.8,1508,698,none
2026-08-06T16:54:17.997162,26,2,person,0.8645,598.6,523.8,833.3,940.3,715,732,none
2026-08-06T16:54:17.997852,26,3,motorcycle,0.6737,603.9,721.9,842.2,1064.5,723,893,none
2026-08-06T16:54:17.998414,26,4,car,0.6795,237.0,544.3,317.7,605.3,277,574,none
2026-08-06T16:54:17.998961,26,14,car,0.4442,1242.3,593.8,1382.6,706.0,1312,649,none
2026-08-06T16:54:17.999517,26,16,bus,0.5131,1034.4,504.6,1264.9,677.9,1149,591,none
2026-08-06T16:54:18.000077,26,17,car,0.5007,2117.8,642.6,2286.4,695.3,2202,668,none
2026-08-06T16:54:18.000626,26,20,truck,0.4579,320.1,508.1,490.2,699.5,405,603,none
2026-08-06T16:54:18.001165,26,11,truck,0.4264,820.0,496.5,968.8,686.8,894,591,none
2026-08-06T16:54:18.001786,26,24,person,0.8305,2007.0,482.3,2560.0,1428.0,2283,955,none
2026-08-06T16:54:18.002329,26,25,person,0.423,2308.9,627.9,2426.7,717.6,2367,672,none
2026-08-06T16:54:18.002854,26,5,person,0.5415,1145.5,578.1,1211.6,713.5,1178,645,none
2026-08-06T16:54:18.082398,27,1,car,0.853,1314.4,566.8,1692.3,832.2,1503,699,none
2026-08-06T16:54:18.083516,27,2,person,0.8448,592.3,521.1,828.4,939.4,710,730,none
2026-08-06T16:54:18.084209,27,3,motorcycle,0.7108,606.7,726.9,838.7,1059.0,722,892,none
2026-08-06T16:54:18.084782,27,4,car,0.6773,237.1,544.2,317.8,605.3,277,574,none
2026-08-06T16:54:18.085337,27,14,car,0.4965,1241.8,592.4,1383.4,706.3,1312,649,none
2026-08-06T16:54:18.085887,27,16,bus,0.452,1034.4,504.5,1268.0,678.8,1151,591,none
2026-08-06T16:54:18.086419,27,17,car,0.4256,2117.4,642.6,2290.2,696.1,2203,669,none
2026-08-06T16:54:18.086959,27,20,truck,0.4625,318.8,509.6,488.1,698.9,403,604,none
2026-08-06T16:54:18.087499,27,11,truck,0.4408,818.9,496.6,968.1,686.1,893,591,none
2026-08-06T16:54:18.088140,27,24,person,0.8402,1984.5,457.8,2560.0,1426.4,2272,942,none
2026-08-06T16:54:18.088681,27,5,person,0.5222,1142.2,577.5,1208.3,712.3,1175,644,none
2026-08-06T16:54:18.173662,28,1,car,0.8705,1311.4,567.3,1686.5,830.6,1498,698,none
2026-08-06T16:54:18.174978,28,2,person,0.8375,585.7,520.2,822.3,938.8,704,729,none
2026-08-06T16:54:18.175694,28,3,motorcycle,0.711,603.4,727.8,832.6,1055.9,718,891,none
2026-08-06T16:54:18.176283,28,4,car,0.658,237.0,544.3,317.3,605.2,277,574,none
2026-08-06T16:54:18.176913,28,14,car,0.4714,1240.2,591.8,1380.9,705.9,1310,648,none
2026-08-06T16:54:18.177466,28,17,car,0.4348,2115.4,643.2,2304.3,701.1,2209,672,none
2026-08-06T16:54:18.178031,28,20,truck,0.5105,319.3,509.8,488.4,697.2,403,603,none
2026-08-06T16:54:18.178581,28,11,truck,0.4619,817.5,496.1,967.7,685.7,892,590,none
2026-08-06T16:54:18.179235,28,24,person,0.8804,1961.0,454.0,2560.0,1427.5,2260,940,none
2026-08-06T16:54:18.179790,28,5,person,0.5181,1138.5,576.5,1204.5,711.9,1171,644,none
2026-08-06T16:54:18.265231,29,1,car,0.8708,1310.4,567.5,1684.6,830.0,1497,698,none
2026-08-06T16:54:18.266510,29,2,person,0.8378,583.3,519.9,820.5,938.9,701,729,none
2026-08-06T16:54:18.267246,29,3,motorcycle,0.7116,602.5,728.1,830.7,1054.9,716,891,none
2026-08-06T16:54:18.267854,29,4,car,0.6567,237.1,544.4,317.0,605.1,277,574,none
2026-08-06T16:54:18.268417,29,14,car,0.471,1239.9,591.6,1379.6,705.7,1309,648,none
2026-08-06T16:54:18.268970,29,17,car,0.4356,2114.0,643.4,2310.1,703.0,2212,673,none
2026-08-06T16:54:18.269531,29,20,truck,0.5099,319.2,510.0,489.0,696.6,404,603,none
2026-08-06T16:54:18.270076,29,11,truck,0.4679,816.8,495.9,967.8,685.6,892,590,none
2026-08-06T16:54:18.270701,29,24,person,0.8783,1953.6,456.5,2560.0,1427.9,2256,942,none
2026-08-06T16:54:18.271230,29,5,person,0.5203,1137.2,576.1,1203.1,711.7,1170,643,none
2026-08-06T16:54:18.349437,30,1,car,0.8734,1307.9,567.8,1680.0,828.9,1493,698,none
2026-08-06T16:54:18.350643,30,2,person,0.846,577.7,521.1,815.0,939.9,696,730,none
2026-08-06T16:54:18.351293,30,3,motorcycle,0.7416,596.5,732.3,820.7,1053.2,708,892,none
2026-08-06T16:54:18.351858,30,4,car,0.5943,237.4,544.7,316.7,605.0,277,574,none
2026-08-06T16:54:18.352408,30,17,car,0.4275,2114.5,643.5,2302.3,699.9,2208,671,none
2026-08-06T16:54:18.352969,30,20,truck,0.46,319.3,510.5,490.4,696.5,404,603,none
2026-08-06T16:54:18.353515,30,11,truck,0.4894,815.4,495.9,966.9,685.1,891,590,none
2026-08-06T16:54:18.354159,30,24,person,0.9134,1938.9,458.2,2552.5,1428.2,2245,943,none
2026-08-06T16:54:18.438470,31,1,car,0.8742,1300.7,566.6,1676.4,830.5,1488,698,none
2026-08-06T16:54:18.439651,31,2,person,0.8468,570.2,521.8,808.5,941.3,689,731,none
2026-08-06T16:54:18.440305,31,3,motorcycle,0.7821,594.6,732.6,817.4,1050.5,706,891,none
2026-08-06T16:54:18.440884,31,4,car,0.5283,237.8,544.8,316.3,604.7,277,574,none
2026-08-06T16:54:18.441462,31,20,truck,0.427,315.5,511.2,487.0,696.4,401,603,none
2026-08-06T16:54:18.442032,31,11,truck,0.4347,813.9,495.9,966.3,685.3,890,590,none
2026-08-06T16:54:18.442700,31,24,person,0.9259,1923.9,463.8,2537.1,1425.4,2230,944,none
2026-08-06T16:54:18.443245,31,5,person,0.5493,1133.8,576.2,1200.0,712.6,1166,644,none
2026-08-06T16:54:18.526978,32,1,car,0.8601,1296.0,565.0,1672.7,829.9,1484,697,none
2026-08-06T16:54:18.528179,32,2,person,0.8366,566.4,521.2,800.9,933.3,683,727,none
2026-08-06T16:54:18.528831,32,3,motorcycle,0.7811,589.6,729.6,810.3,1044.6,699,887,none
2026-08-06T16:54:18.529388,32,4,car,0.466,237.3,544.2,316.0,604.4,276,574,none
2026-08-06T16:54:18.529938,32,20,truck,0.4372,310.4,511.4,484.2,697.8,397,604,none
2026-08-06T16:54:18.530486,32,11,truck,0.466,812.2,495.6,965.3,685.3,888,590,none
2026-08-06T16:54:18.531129,32,24,person,0.9266,1902.8,465.9,2522.2,1425.3,2212,945,none
2026-08-06T16:54:18.531684,32,26,motorcycle,0.4075,1880.8,972.6,2560.0,1428.1,2220,1200,none
2026-08-06T16:54:18.532204,32,5,person,0.4741,1131.8,576.2,1198.1,713.1,1164,644,none
2026-08-06T16:54:18.616960,33,1,car,0.8598,1294.5,564.4,1671.4,829.7,1482,697,none
2026-08-06T16:54:18.618111,33,2,person,0.8373,565.1,521.0,798.5,930.5,681,725,none
2026-08-06T16:54:18.618756,33,3,motorcycle,0.7801,588.0,728.7,807.9,1042.5,697,885,none
2026-08-06T16:54:18.619321,33,4,car,0.4633,237.3,543.9,315.8,604.3,276,574,none
2026-08-06T16:54:18.619886,33,20,truck,0.4343,308.2,511.5,483.5,698.3,395,604,none
2026-08-06T16:54:18.620441,33,11,truck,0.4592,811.5,495.4,965.1,685.4,888,590,none
2026-08-06T16:54:18.621107,33,24,person,0.9264,1893.6,468.4,2518.6,1425.3,2206,946,none
2026-08-06T16:54:18.621674,33,26,motorcycle,0.4102,1875.8,960.1,2560.0,1428.0,2217,1194,none
2026-08-06T16:54:18.622258,33,5,person,0.4715,1131.2,576.2,1197.4,713.3,1164,644,none
2026-08-06T16:54:18.700758,34,1,car,0.8674,1292.9,564.6,1666.0,827.5,1479,696,none
2026-08-06T16:54:18.701963,34,2,person,0.8239,560.4,520.5,793.0,927.3,676,723,none
2026-08-06T16:54:18.702617,34,3,motorcycle,0.7531,582.9,732.9,798.5,1039.5,690,886,none
2026-08-06T16:54:18.703183,34,4,car,0.4747,236.8,544.1,314.4,604.2,275,574,none
2026-08-06T16:54:18.703750,34,20,truck,0.4434,309.7,514.0,482.6,696.0,396,605,none
2026-08-06T16:54:18.704294,34,11,truck,0.4987,809.8,495.6,963.4,684.9,886,590,none
2026-08-06T16:54:18.704949,34,24,person,0.9147,1867.4,467.2,2497.3,1421.9,2182,944,none
2026-08-06T16:54:18.705515,34,26,motorcycle,0.4762,1874.9,1021.0,2543.4,1427.8,2209,1224,none
2026-08-06T16:54:18.706053,34,5,person,0.5862,1129.0,576.7,1195.0,713.3,1162,644,none
2026-08-06T16:54:18.706581,34,28,car,0.4494,811.3,495.9,964.2,682.0,887,588,none
2026-08-06T16:54:18.791589,35,1,car,0.8469,1292.8,564.3,1663.6,825.5,1478,694,none
2026-08-06T16:54:18.792856,35,2,person,0.8432,555.3,521.3,785.6,923.9,670,722,none
2026-08-06T16:54:18.793555,35,3,motorcycle,0.7673,577.3,730.9,792.7,1036.9,685,883,none
2026-08-06T16:54:18.794144,35,4,car,0.43,236.1,544.0,313.4,604.2,274,574,none
2026-08-06T16:54:18.794732,35,20,truck,0.515,309.6,514.8,482.4,694.3,396,604,none
2026-08-06T16:54:18.795290,35,11,truck,0.5764,808.3,496.3,961.6,684.5,884,590,none
2026-08-06T16:54:18.795963,35,24,person,0.9197,1829.6,473.5,2462.9,1424.9,2146,949,none
2026-08-06T16:54:18.796552,35,26,motorcycle,0.4931,1890.6,1069.6,2485.6,1428.0,2188,1248,none
2026-08-06T16:54:18.797096,35,5,person,0.5946,1126.5,575.6,1192.8,713.6,1159,644,none
2026-08-06T16:54:18.797642,35,28,car,0.4078,810.4,497.0,962.2,681.8,886,589,none
2026-08-06T16:54:18.882115,36,1,car,0.8473,1292.9,564.2,1662.9,824.8,1477,694,none
2026-08-06T16:54:18.883281,36,2,person,0.8433,553.6,521.6,783.1,922.8,668,722,none
2026-08-06T16:54:18.883936,36,3,motorcycle,0.7665,575.3,730.3,790.7,1036.1,683,883,none
2026-08-06T16:54:18.884524,36,4,car,0.4288,236.1,543.9,312.8,604.1,274,574,none
2026-08-06T16:54:18.885098,36,20,truck,0.5156,308.9,515.1,483.0,693.7,395,604,none
2026-08-06T16:54:18.885650,36,11,truck,0.578,807.6,496.5,961.2,684.3,884,590,none
2026-08-06T16:54:18.886328,36,24,person,0.9202,1814.6,477.1,2451.4,1426.1,2132,951,none
2026-08-06T16:54:18.886902,36,26,motorcycle,0.4922,1892.4,1081.7,2474.6,1428.1,2183,1254,none
2026-08-06T16:54:18.887449,36,5,person,0.5956,1125.6,575.1,1192.0,713.8,1158,644,none
2026-08-06T16:54:18.887993,36,28,car,0.4048,810.0,497.4,961.7,681.8,885,589,none
2026-08-06T16:54:18.888523,36,29,car,0.4134,0.2,537.5,24.8,617.4,12,577,none
2026-08-06T16:54:18.965817,37,1,car,0.8471,1286.6,563.0,1653.7,821.7,1470,692,none
2026-08-06T16:54:18.966983,37,2,person,0.8544,551.5,523.1,779.8,921.9,665,722,none
2026-08-06T16:54:18.967627,37,3,motorcycle,0.7617,567.8,730.6,778.4,1032.5,673,881,none
2026-08-06T16:54:18.968194,37,11,truck,0.5785,806.9,496.8,960.1,683.0,883,589,none
2026-08-06T16:54:18.968855,37,24,person,0.9195,1783.7,479.7,2423.3,1428.0,2103,953,none
2026-08-06T16:54:18.969428,37,26,motorcycle,0.5854,1940.9,1124.0,2457.9,1426.9,2199,1275,none
2026-08-06T16:54:18.969962,37,5,person,0.5882,1124.2,573.1,1190.9,713.5,1157,643,none
2026-08-06T16:54:18.970483,37,29,car,0.4048,0.5,538.0,25.0,617.7,12,577,none
2026-08-06T16:54:19.059623,38,1,car,0.8674,1280.0,562.4,1644.4,819.3,1462,690,none
2026-08-06T16:54:19.060799,38,2,person,0.8377,548.6,523.1,776.7,922.7,662,722,none
2026-08-06T16:54:19.061454,38,3,motorcycle,0.7584,564.5,729.4,770.8,1027.0,667,878,none
2026-08-06T16:54:19.062039,38,11,car,0.5407,805.9,496.5,959.7,682.3,882,589,none
2026-08-06T16:54:19.062723,38,24,person,0.9156,1746.0,479.1,2387.3,1427.3,2066,953,none
2026-08-06T16:54:19.063307,38,26,motorcycle,0.4654,1913.4,1138.3,2416.3,1428.5,2164,1283,none
2026-08-06T16:54:19.063863,38,5,person,0.5288,1121.9,568.6,1189.8,712.5,1155,640,none
2026-08-06T16:54:19.064396,38,29,car,0.4655,1.2,540.1,25.2,618.2,13,579,none
2026-08-06T16:54:19.064999,38,20,truck,0.5108,306.0,511.9,483.9,691.6,394,601,none
2026-08-06T16:54:19.167431,39,1,car,0.8676,1277.6,562.2,1641.0,818.4,1459,690,none
2026-08-06T16:54:19.168751,39,2,person,0.8378,547.8,523.0,775.6,923.1,661,723,none
2026-08-06T16:54:19.169476,39,3,motorcycle,0.7578,563.8,729.0,767.8,1025.1,665,877,none
2026-08-06T16:54:19.170087,39,11,car,0.5383,805.3,496.4,959.9,682.0,882,589,none
2026-08-06T16:54:19.170790,39,24,person,0.9154,1732.2,479.5,2374.7,1427.0,2053,953,none
2026-08-06T16:54:19.171384,39,26,motorcycle,0.4588,1902.4,1141.6,2408.2,1429.1,2155,1285,none
2026-08-06T16:54:19.171945,39,5,person,0.5308,1121.2,566.8,1189.3,712.2,1155,639,none
2026-08-06T16:54:19.172491,39,29,car,0.4726,1.4,540.8,25.3,618.4,13,579,none
2026-08-06T16:54:19.173086,39,31,motorcycle,0.4969,1748.2,1027.7,2468.2,1429.3,2108,1228,none
2026-08-06T16:54:19.173640,39,32,person,0.4557,1774.4,572.9,1926.5,791.9,1850,682,none
2026-08-06T16:54:19.174190,39,20,truck,0.5122,304.4,511.0,485.4,691.3,394,601,none
2026-08-06T16:54:19.251348,40,1,car,0.876,1275.4,561.2,1638.2,817.2,1456,689,none
2026-08-06T16:54:19.252591,40,2,person,0.8279,544.4,522.6,772.2,922.6,658,722,none
2026-08-06T16:54:19.253273,40,3,motorcycle,0.7087,563.6,726.8,766.6,1022.4,665,874,none
2026-08-06T16:54:19.253867,40,11,car,0.5128,804.4,495.7,959.8,681.5,882,588,none
2026-08-06T16:54:19.254570,40,24,person,0.8986,1704.8,484.1,2343.8,1425.3,2024,954,none
2026-08-06T16:54:19.255135,40,5,person,0.4965,1120.0,565.4,1188.2,711.2,1154,638,none
2026-08-06T16:54:19.255683,40,29,car,0.5095,1.5,540.9,25.4,618.0,13,579,none
2026-08-06T16:54:19.256305,40,31,motorcycle,0.6035,1656.0,956.5,2494.7,1426.2,2075,1191,none
2026-08-06T16:54:19.256850,40,20,truck,0.5117,302.6,509.9,485.1,689.5,393,599,none
2026-08-06T16:54:19.343753,41,1,car,0.8662,1272.3,560.8,1633.0,815.7,1452,688,none
2026-08-06T16:54:19.344938,41,2,person,0.8155,540.6,520.7,765.2,913.0,652,716,none
2026-08-06T16:54:19.345610,41,3,motorcycle,0.7326,562.2,721.7,766.2,1018.6,664,870,none
2026-08-06T16:54:19.346200,41,11,car,0.487,803.7,495.1,959.4,680.7,881,587,none
2026-08-06T16:54:19.346877,41,24,person,0.9009,1670.9,486.4,2307.2,1422.7,1989,954,none
2026-08-06T16:54:19.347443,41,5,person,0.5398,1116.6,565.1,1184.6,710.6,1150,637,none
2026-08-06T16:54:19.347987,41,29,car,0.5562,1.8,542.0,25.4,617.4,13,579,none
2026-08-06T16:54:19.348581,41,31,motorcycle,0.5407,1691.8,1032.4,2395.3,1425.7,2043,1229,none
2026-08-06T16:54:19.349137,41,20,truck,0.549,299.7,509.3,483.7,687.9,391,598,none
2026-08-06T16:54:19.436587,42,1,car,0.8494,1268.1,561.0,1626.5,814.3,1447,687,none
2026-08-06T16:54:19.437741,42,2,person,0.7916,535.5,521.0,758.9,910.3,647,715,none
2026-08-06T16:54:19.438382,42,3,motorcycle,0.7166,557.7,719.7,759.7,1014.7,658,867,none
2026-08-06T16:54:19.438962,42,11,car,0.5009,802.9,495.5,957.6,679.0,880,587,none
2026-08-06T16:54:19.439622,42,24,person,0.9179,1637.9,489.3,2269.2,1419.6,1953,954,none
2026-08-06T16:54:19.440152,42,5,person,0.5569,1111.6,569.0,1177.7,709.4,1144,639,none
2026-08-06T16:54:19.440678,42,29,car,0.5611,2.3,543.5,25.5,616.8,13,580,none
2026-08-06T16:54:19.441252,42,31,motorcycle,0.5333,1687.5,1063.3,2333.7,1424.9,2010,1244,none
2026-08-06T16:54:19.441796,42,20,truck,0.5728,300.3,509.7,486.0,687.2,393,598,none
2026-08-06T16:54:19.442328,42,34,car,0.5263,1595.3,592.2,1683.3,725.7,1639,658,none
2026-08-06T16:54:19.442850,42,17,car,0.4338,2123.7,643.2,2317.5,700.6,2220,671,none
2026-08-06T16:54:19.531860,43,1,car,0.8497,1266.7,561.1,1624.2,813.8,1445,687,none
2026-08-06T16:54:19.533034,43,2,person,0.7919,533.6,521.1,756.8,909.3,645,715,none
2026-08-06T16:54:19.533690,43,3,motorcycle,0.717,556.2,718.9,757.2,1013.3,656,866,none
2026-08-06T16:54:19.534277,43,11,car,0.5069,802.4,495.6,957.1,678.4,879,587,none
2026-08-06T16:54:19.534944,43,24,person,0.9179,1626.7,490.8,2255.4,1418.4,1941,954,none
2026-08-06T16:54:19.535493,43,5,person,0.5571,1109.6,570.5,1175.3,708.9,1142,639,none
2026-08-06T16:54:19.536028,43,29,car,0.5609,2.4,544.0,25.7,616.6,14,580,none
2026-08-06T16:54:19.536667,43,31,motorcycle,0.5353,1684.5,1069.9,2317.9,1424.7,2001,1247,none
2026-08-06T16:54:19.537211,43,20,truck,0.5742,299.8,509.9,487.7,686.9,393,598,none
2026-08-06T16:54:19.537744,43,34,car,0.527,1596.7,592.5,1682.4,721.7,1639,657,none
2026-08-06T16:54:19.538274,43,36,person,0.4528,2426.0,594.3,2547.4,727.4,2486,660,none
2026-08-06T16:54:19.538799,43,37,car,0.4373,1587.2,593.5,1688.8,678.9,1638,636,none
2026-08-06T16:54:19.539327,43,17,car,0.4367,2123.0,643.2,2319.0,700.7,2220,671,none
2026-08-06T16:54:19.617791,44,1,car,0.8655,1263.0,561.9,1618.5,813.5,1440,687,none
2026-08-06T16:54:19.618952,44,2,person,0.7946,530.5,518.0,752.7,904.5,641,711,none
2026-08-06T16:54:19.619604,44,3,motorcycle,0.7077,552.3,716.5,752.8,1009.7,652,863,none
2026-08-06T16:54:19.620175,44,11,car,0.5121,801.8,496.3,955.7,677.3,878,586,none
2026-08-06T16:54:19.620834,44,24,person,0.9082,1602.3,493.8,2227.2,1418.5,1914,956,none
2026-08-06T16:54:19.621384,44,5,person,0.5954,1108.0,570.6,1173.7,708.1,1140,639,none
2026-08-06T16:54:19.621911,44,29,car,0.5658,2.6,543.8,26.3,616.5,14,580,none
2026-08-06T16:54:19.622488,44,31,motorcycle,0.518,1621.9,1041.3,2300.2,1423.2,1961,1232,none
2026-08-06T16:54:19.623032,44,20,truck,0.5211,297.0,508.5,487.9,686.4,392,597,none
2026-08-06T16:54:19.623561,44,34,car,0.5049,1597.8,594.1,1681.7,719.5,1639,656,none
2026-08-06T16:54:19.710186,45,1,car,0.8787,1261.5,562.8,1612.3,811.4,1436,687,none
2026-08-06T16:54:19.711437,45,2,person,0.8162,525.8,518.5,745.9,900.5,635,709,none
2026-08-06T16:54:19.712135,45,3,motorcycle,0.7511,545.8,710.1,749.2,1006.1,647,858,none
2026-08-06T16:54:19.712739,45,11,car,0.5029,801.5,497.1,954.1,675.6,877,586,none
2026-08-06T16:54:19.713431,45,24,person,0.8971,1571.3,489.4,2195.2,1417.6,1883,953,none
2026-08-06T16:54:19.713993,45,5,person,0.5368,1107.0,571.8,1172.1,707.8,1139,639,none
2026-08-06T16:54:19.714542,45,29,car,0.5848,3.0,544.9,26.4,615.6,14,580,none
2026-08-06T16:54:19.715142,45,31,motorcycle,0.5667,1546.5,976.5,2324.8,1422.5,1935,1199,none
2026-08-06T16:54:19.715704,45,20,truck,0.4915,293.5,505.2,489.1,685.9,391,595,none
2026-08-06T16:54:19.801338,46,1,car,0.8787,1261.1,563.2,1610.1,810.7,1435,686,none
2026-08-06T16:54:19.802634,46,2,person,0.8169,524.1,518.8,743.7,899.1,633,708,none
2026-08-06T16:54:19.803334,46,3,motorcycle,0.7498,543.3,707.8,748.4,1004.9,645,856,none
2026-08-06T16:54:19.803936,46,11,car,0.502,801.2,497.4,953.8,675.0,877,586,none
2026-08-06T16:54:19.804624,46,24,person,0.8977,1561.4,488.0,2183.0,1417.3,1872,952,none
2026-08-06T16:54:19.805179,46,5,person,0.5391,1106.7,572.2,1171.5,707.7,1139,639,none
2026-08-06T16:54:19.805717,46,29,car,0.5869,2.9,545.2,26.6,615.2,14,580,none
2026-08-06T16:54:19.806326,46,31,motorcycle,0.566,1525.4,953.6,2328.2,1422.3,1926,1187,none
2026-08-06T16:54:19.806868,46,20,truck,0.4925,291.8,504.0,490.0,685.7,390,594,none
2026-08-06T16:54:19.884877,47,1,car,0.8824,1260.3,563.5,1606.9,809.4,1433,686,none
2026-08-06T16:54:19.886001,47,2,person,0.8176,519.9,515.9,738.2,893.7,629,704,none
2026-08-06T16:54:19.886627,47,3,motorcycle,0.6903,536.8,691.8,748.8,1000.6,642,846,none
2026-08-06T16:54:19.887196,47,11,truck,0.5509,799.7,497.2,952.5,674.4,876,585,none
2026-08-06T16:54:19.887849,47,24,person,0.8662,1540.0,487.2,2152.8,1407.9,1846,947,none
2026-08-06T16:54:19.888392,47,5,person,0.524,1105.9,573.0,1170.0,707.4,1137,640,none
2026-08-06T16:54:19.888913,47,29,car,0.5906,2.9,546.3,26.4,614.4,14,580,none
2026-08-06T16:54:19.889516,47,31,motorcycle,0.6632,1414.0,860.6,2353.2,1425.0,1883,1142,none
2026-08-06T16:54:19.890058,47,20,truck,0.432,287.5,496.7,492.8,684.9,390,590,none
2026-08-06T16:54:19.974267,48,1,car,0.8532,1255.8,562.1,1602.4,808.2,1429,685,none
2026-08-06T16:54:19.975576,48,2,person,0.824,516.8,513.6,734.2,889.7,625,701,none
2026-08-06T16:54:19.976277,48,3,motorcycle,0.7399,537.3,701.4,740.2,996.4,638,848,none
2026-08-06T16:54:19.976890,48,11,truck,0.571,798.4,496.6,951.1,673.5,874,585,none
2026-08-06T16:54:19.977569,48,24,person,0.8864,1506.8,484.5,2117.9,1407.4,1812,945,none
2026-08-06T16:54:19.978134,48,5,person,0.6255,1105.6,573.9,1168.9,706.3,1137,640,none
2026-08-06T16:54:19.978745,48,29,car,0.5351,2.3,545.6,25.9,613.3,14,579,none
2026-08-06T16:54:19.979369,48,31,motorcycle,0.6509,1440.5,929.4,2257.5,1426.6,1849,1177,none
2026-08-06T16:54:19.979930,48,20,truck,0.4135,287.8,493.0,497.4,683.8,392,588,none
2026-08-06T16:54:20.066951,49,1,car,0.8532,1254.3,561.5,1600.8,807.8,1427,684,none
2026-08-06T16:54:20.068186,49,2,person,0.8239,515.8,512.7,732.9,888.3,624,700,none
2026-08-06T16:54:20.068859,49,3,motorcycle,0.74,537.5,705.4,737.1,994.9,637,850,none
2026-08-06T16:54:20.069446,49,11,truck,0.569,797.9,496.4,950.7,673.2,874,584,none
2026-08-06T16:54:20.070120,49,24,person,0.8863,1496.1,483.7,2104.7,1407.3,1800,945,none
2026-08-06T16:54:20.070666,49,5,person,0.6238,1105.6,574.2,1168.7,705.8,1137,640,none
2026-08-06T16:54:20.071194,49,29,car,0.5349,1.9,545.5,25.8,613.0,13,579,none
2026-08-06T16:54:20.071784,49,31,motorcycle,0.6508,1460.3,963.9,2212.5,1427.3,1836,1195,none
2026-08-06T16:54:20.072323,49,20,truck,0.4147,288.3,491.7,500.5,683.4,394,587,none
2026-08-06T16:54:20.162033,50,1,car,0.8458,1251.4,559.5,1595.8,804.5,1423,682,none
2026-08-06T16:54:20.163278,50,2,person,0.8142,515.0,515.3,730.1,887.2,622,701,none
2026-08-06T16:54:20.163965,50,3,motorcycle,0.7159,529.4,699.2,730.4,991.0,629,845,none
2026-08-06T16:54:20.164563,50,11,car,0.5117,797.1,496.5,949.5,672.8,873,584,none
2026-08-06T16:54:20.165249,50,24,person,0.9019,1477.8,484.3,2080.7,1405.1,1779,944,none
2026-08-06T16:54:20.165818,50,5,person,0.4361,1104.0,575.1,1166.5,705.0,1135,640,none
2026-08-06T16:54:20.166357,50,29,car,0.4781,1.0,542.0,25.9,612.1,13,577,none
2026-08-06T16:54:20.166950,50,31,motorcycle,0.6901,1463.9,998.3,2153.6,1426.4,1808,1212,none
2026-08-06T16:54:20.167501,50,20,truck,0.4401,305.1,498.0,518.6,683.3,411,590,none
2026-08-06T16:54:20.252178,51,1,car,0.8721,1248.4,558.4,1590.2,801.5,1419,679,none
2026-08-06T16:54:20.253342,51,2,person,0.8268,510.1,515.2,724.1,885.9,617,700,none
2026-08-06T16:54:20.253991,51,3,motorcycle,0.709,525.4,702.0,722.3,988.5,623,845,none
2026-08-06T16:54:20.254566,51,11,car,0.4967,795.8,496.0,948.1,672.2,871,584,none
2026-08-06T16:54:20.255230,51,24,person,0.89,1461.9,488.0,2045.4,1382.0,1753,934,none
2026-08-06T16:54:20.255783,51,5,person,0.4318,1100.8,576.6,1162.3,704.6,1131,640,none
2026-08-06T16:54:20.256325,51,29,car,0.552,0.8,539.5,26.2,611.0,13,575,none
2026-08-06T16:54:20.256917,51,31,motorcycle,0.6954,1430.8,993.7,2118.7,1426.1,1774,1209,none
2026-08-06T16:54:20.340802,52,1,car,0.8881,1245.4,558.8,1581.3,797.7,1413,678,none
2026-08-06T16:54:20.341949,52,2,person,0.834,505.2,514.4,719.6,885.2,612,699,none
2026-08-06T16:54:20.342591,52,3,motorcycle,0.742,524.1,701.5,718.2,984.1,621,842,none
2026-08-06T16:54:20.343169,52,11,car,0.5349,795.2,495.0,947.5,671.4,871,583,none
2026-08-06T16:54:20.343821,52,24,person,0.8707,1438.6,485.4,2007.2,1358.0,1722,921,none
2026-08-06T16:54:20.344348,52,29,car,0.6185,0.9,538.6,26.5,610.1,13,574,none
2026-08-06T16:54:20.344944,52,31,motorcycle,0.7364,1383.0,960.7,2106.2,1425.0,1744,1192,none
2026-08-06T16:54:20.345478,52,20,truck,0.4984,309.1,500.0,524.7,680.0,416,589,none
2026-08-06T16:54:20.430230,53,1,car,0.8879,1244.4,559.0,1578.1,796.3,1411,677,none
2026-08-06T16:54:20.431402,53,2,person,0.8346,503.4,514.2,718.2,885.2,610,699,none
2026-08-06T16:54:20.432063,53,3,motorcycle,0.7421,523.8,701.3,716.7,982.7,620,842,none
2026-08-06T16:54:20.432645,53,11,car,0.534,795.0,494.6,947.3,671.2,871,582,none
2026-08-06T16:54:20.433316,53,24,person,0.8711,1431.2,484.6,1993.8,1349.3,1712,916,none
2026-08-06T16:54:20.433872,53,29,car,0.6178,0.9,538.3,26.6,609.8,13,574,none
2026-08-06T16:54:20.434497,53,31,motorcycle,0.7387,1370.9,949.0,2096.9,1424.6,1733,1186,none
2026-08-06T16:54:20.435045,53,39,car,0.4149,650.1,514.0,734.5,638.7,692,576,none
2026-08-06T16:54:20.435597,53,20,truck,0.4979,307.2,500.5,528.4,679.3,417,589,none
2026-08-06T16:54:20.513465,54,1,car,0.873,1241.5,559.3,1572.1,794.5,1406,676,none
2026-08-06T16:54:20.514692,54,2,person,0.8083,500.6,513.6,713.2,879.6,606,696,none
2026-08-06T16:54:20.515432,54,3,motorcycle,0.728,518.2,700.4,710.4,979.7,614,840,none
2026-08-06T16:54:20.516039,54,11,car,0.5185,793.3,493.8,946.9,671.4,870,582,none
2026-08-06T16:54:20.516727,54,24,person,0.8973,1412.1,485.4,1970.9,1347.9,1691,916,none
2026-08-06T16:54:20.517284,54,29,car,0.5811,0.2,537.1,26.4,609.8,13,573,none
2026-08-06T16:54:20.517896,54,31,motorcycle,0.7406,1373.1,976.8,2051.3,1426.9,1712,1201,none
2026-08-06T16:54:20.606037,55,1,car,0.8543,1237.6,558.2,1566.2,792.0,1401,675,none
2026-08-06T16:54:20.607205,55,2,person,0.7573,496.5,510.7,708.1,873.6,602,692,none
2026-08-06T16:54:20.607854,55,3,motorcycle,0.7717,513.3,699.5,704.5,975.4,608,837,none
2026-08-06T16:54:20.608420,55,11,car,0.4352,791.2,493.3,945.3,671.3,868,582,none
2026-08-06T16:54:20.609066,55,24,person,0.902,1392.2,485.7,1939.9,1333.0,1666,909,none
2026-08-06T16:54:20.609604,55,29,car,0.5203,0.2,537.4,26.1,609.4,13,573,none
2026-08-06T16:54:20.610188,55,31,motorcycle,0.7584,1356.1,985.7,2011.1,1426.5,1683,1206,none
2026-08-06T16:54:20.610713,55,5,person,0.4822,1093.1,571.4,1154.2,699.5,1123,635,none
2026-08-06T16:54:20.696277,56,1,car,0.854,1236.3,557.9,1564.1,791.2,1400,674,none
2026-08-06T16:54:20.697503,56,2,person,0.7575,494.9,509.8,706.6,871.5,600,690,none
2026-08-06T16:54:20.698163,56,3,motorcycle,0.7704,511.3,699.2,702.9,974.0,607,836,none
2026-08-06T16:54:20.698755,56,11,car,0.4342,790.4,493.1,944.8,671.2,867,582,none
2026-08-06T16:54:20.699423,56,24,person,0.9019,1385.9,486.0,1929.1,1327.8,1657,906,none
2026-08-06T16:54:20.699973,56,29,car,0.5206,0.2,537.5,26.1,609.3,13,573,none
2026-08-06T16:54:20.700569,56,31,motorcycle,0.759,1353.5,989.3,1994.5,1426.4,1673,1207,none
2026-08-06T16:54:20.701106,56,5,person,0.4827,1092.6,570.7,1153.5,698.9,1123,634,none
2026-08-06T16:54:20.778862,57,1,car,0.8544,1234.5,556.1,1559.5,787.5,1397,671,none
2026-08-06T16:54:20.780094,57,2,person,0.7353,488.4,508.8,702.3,872.8,595,690,none
2026-08-06T16:54:20.780773,57,3,motorcycle,0.7261,504.9,694.2,696.0,967.7,600,830,none
2026-08-06T16:54:20.781377,57,11,car,0.4732,788.7,493.2,943.0,671.0,865,582,none
2026-08-06T16:54:20.782042,57,24,person,0.8806,1374.1,485.3,1898.5,1297.3,1636,891,none
2026-08-06T16:54:20.782606,57,29,car,0.538,0.1,535.4,26.0,607.5,13,571,none
2026-08-06T16:54:20.783234,57,31,motorcycle,0.7055,1305.3,949.5,1989.6,1426.2,1647,1187,none
2026-08-06T16:54:20.868628,58,1,car,0.8906,1232.1,555.9,1554.0,785.2,1393,670,none
2026-08-06T16:54:20.869845,58,2,person,0.8044,483.1,508.8,697.4,873.5,590,691,none
2026-08-06T16:54:20.870511,58,3,motorcycle,0.7389,499.6,690.6,689.0,963.9,594,827,none
2026-08-06T16:54:20.871190,58,24,person,0.881,1351.4,483.6,1873.4,1293.9,1612,888,none
2026-08-06T16:54:20.871734,58,29,car,0.4711,0.0,533.7,25.6,606.3,12,569,none
2026-08-06T16:54:20.872345,58,31,motorcycle,0.6931,1265.7,916.4,1980.6,1427.9,1623,1172,none
2026-08-06T16:54:20.872898,58,20,truck,0.4345,268.9,496.5,489.8,674.0,379,585,none
2026-08-06T16:54:20.873435,58,5,person,0.471,1086.5,569.8,1146.4,696.5,1116,633,none
2026-08-06T16:54:20.957622,59,1,car,0.8906,1231.4,555.9,1552.1,784.4,1391,670,none
2026-08-06T16:54:20.958770,59,2,person,0.8044,481.3,508.8,695.8,873.8,588,691,none
2026-08-06T16:54:20.959410,59,3,motorcycle,0.7397,498.1,689.4,686.1,962.6,592,825,none
2026-08-06T16:54:20.960074,59,24,person,0.881,1344.0,483.0,1864.8,1293.1,1604,888,none
2026-08-06T16:54:20.960624,59,29,car,0.4703,0.0,533.1,25.3,605.8,12,569,none
2026-08-06T16:54:20.961242,59,31,motorcycle,0.6931,1256.5,903.5,1972.0,1428.5,1614,1166,none
2026-08-06T16:54:20.961797,59,20,truck,0.4333,264.6,496.2,486.4,673.6,375,584,none
2026-08-06T16:54:20.962331,59,5,person,0.4709,1085.4,569.7,1144.9,696.0,1115,632,none
2026-08-06T16:54:21.040637,60,1,car,0.8806,1226.3,556.6,1542.3,782.6,1384,669,none
2026-08-06T16:54:21.041799,60,2,person,0.8028,479.4,507.5,692.7,872.4,586,689,none
2026-08-06T16:54:21.042460,60,3,motorcycle,0.7241,497.2,689.0,684.1,960.8,590,824,none
2026-08-06T16:54:21.043132,60,24,person,0.8495,1330.1,482.0,1841.1,1278.0,1585,879,none
2026-08-06T16:54:21.043765,60,31,motorcycle,0.7761,1233.8,881.4,1960.6,1430.2,1597,1155,none
2026-08-06T16:54:21.044379,60,20,truck,0.4491,279.5,493.4,510.5,671.5,394,582,none
2026-08-06T16:54:21.044929,60,5,person,0.5672,1082.6,568.5,1141.5,693.8,1112,631,none
2026-08-06T16:54:21.129787,61,1,car,0.8326,1219.4,556.0,1531.0,779.5,1375,667,none
2026-08-06T16:54:21.130960,61,2,person,0.8618,477.2,506.6,687.6,867.4,582,687,none
2026-08-06T16:54:21.131605,61,3,motorcycle,0.7916,493.3,682.7,681.5,957.2,587,819,none
2026-08-06T16:54:21.132264,61,24,person,0.8782,1311.4,479.9,1813.4,1263.0,1562,871,none
2026-08-06T16:54:21.132887,61,31,motorcycle,0.7375,1223.6,884.6,1926.3,1429.0,1574,1156,none
2026-08-06T16:54:21.133447,61,20,truck,0.4217,280.3,490.1,519.5,670.2,399,580,none
2026-08-06T16:54:21.133985,61,5,person,0.4714,1080.1,569.6,1137.7,691.2,1108,630,none
2026-08-06T16:54:21.134534,61,11,truck,0.4616,783.2,490.8,937.6,668.4,860,579,none
2026-08-06T16:54:21.223525,62,1,car,0.8101,1210.2,554.8,1520.4,778.3,1365,666,none
2026-08-06T16:54:21.224596,62,2,person,0.8843,473.0,504.7,682.5,864.9,577,684,none
2026-08-06T16:54:21.225215,62,3,motorcycle,0.73,491.4,677.6,680.4,954.3,585,815,none
2026-08-06T16:54:21.225865,62,24,person,0.8678,1290.9,481.3,1789.8,1264.2,1540,872,none
2026-08-06T16:54:21.226494,62,31,motorcycle,0.6667,1227.9,914.5,1877.4,1428.3,1552,1171,none
2026-08-06T16:54:21.227045,62,20,truck,0.4381,279.0,490.1,521.2,668.0,400,579,none
2026-08-06T16:54:21.227578,62,5,person,0.5368,1076.3,567.8,1135.2,690.9,1105,629,none
2026-08-06T16:54:21.228115,62,11,truck,0.4278,781.6,490.6,935.5,667.2,858,578,none
2026-08-06T16:54:21.337103,63,1,car,0.8109,1207.2,554.5,1516.4,778.0,1361,666,none
2026-08-06T16:54:21.338274,63,2,person,0.884,471.6,504.0,680.5,864.2,576,684,none
2026-08-06T16:54:21.338936,63,3,motorcycle,0.7296,491.0,675.8,679.9,953.4,585,814,none
2026-08-06T16:54:21.339607,63,24,person,0.8675,1284.6,481.8,1781.2,1265.2,1532,873,none
2026-08-06T16:54:21.340222,63,31,motorcycle,0.6657,1234.2,926.3,1856.1,1428.0,1545,1177,none
2026-08-06T16:54:21.340783,63,20,truck,0.4365,277.0,490.1,523.1,667.2,400,578,none
2026-08-06T16:54:21.341322,63,5,person,0.5326,1074.9,567.1,1134.5,690.8,1104,628,none
2026-08-06T16:54:21.341863,63,11,truck,0.4288,781.0,490.5,934.9,666.7,857,578,none
2026-08-06T16:54:21.419939,64,1,car,0.8518,1205.6,554.8,1510.9,776.3,1358,665,none
2026-08-06T16:54:21.421029,64,2,person,0.8549,470.2,503.4,675.6,856.7,572,680,none
2026-08-06T16:54:21.421655,64,3,motorcycle,0.8112,486.4,676.9,674.1,952.9,580,814,none
2026-08-06T16:54:21.422303,64,24,person,0.8542,1269.8,479.4,1759.5,1255.3,1514,867,none
2026-08-06T16:54:21.422916,64,31,motorcycle,0.6494,1219.6,920.0,1835.3,1427.6,1527,1173,none
2026-08-06T16:54:21.423455,64,5,person,0.5012,1072.0,565.8,1131.9,687.2,1101,626,none
2026-08-06T16:54:21.423994,64,11,car,0.4944,781.1,490.9,933.2,665.1,857,578,none
2026-08-06T16:54:21.508911,65,1,car,0.8456,1200.0,554.4,1501.6,774.3,1350,664,none
2026-08-06T16:54:21.510109,65,2,person,0.8029,468.9,506.9,667.5,845.8,568,676,none
2026-08-06T16:54:21.510777,65,3,motorcycle,0.7579,482.4,674.7,668.1,947.2,575,810,none
2026-08-06T16:54:21.511450,65,24,person,0.8636,1258.3,480.4,1731.0,1230.1,1494,855,none
2026-08-06T16:54:21.512099,65,31,motorcycle,0.6692,1202.3,920.3,1805.3,1427.6,1503,1173,none
2026-08-06T16:54:21.512658,65,5,person,0.4668,1069.2,561.6,1130.6,684.1,1099,622,none
2026-08-06T16:54:21.513234,65,11,car,0.4508,781.1,490.6,931.4,662.4,856,576,none
2026-08-06T16:54:21.597005,66,1,car,0.8453,1198.5,554.3,1497.9,773.7,1348,663,none
2026-08-06T16:54:21.598133,66,2,person,0.8025,468.2,508.2,665.0,841.9,566,675,none
2026-08-06T16:54:21.598777,66,3,motorcycle,0.7582,480.9,673.8,666.0,945.2,573,809,none
2026-08-06T16:54:21.599437,66,24,person,0.8633,1254.8,480.8,1721.1,1220.9,1487,850,none
2026-08-06T16:54:21.600064,66,31,motorcycle,0.6683,1199.7,920.4,1791.4,1427.6,1495,1173,none
2026-08-06T16:54:21.600609,66,5,person,0.4677,1068.0,560.0,1130.5,683.0,1099,621,none
2026-08-06T16:54:21.601151,66,11,car,0.4494,781.1,490.5,930.8,661.4,855,575,none
2026-08-06T16:54:21.601774,66,41,person,0.4376,1874.0,1011.1,2558.8,1425.3,2216,1218,none
2026-08-06T16:54:21.602330,66,42,truck,0.4203,1935.2,478.6,2207.6,660.5,2071,569,none
2026-08-06T16:54:21.678952,67,1,car,0.7883,1190.1,554.2,1484.3,772.3,1337,663,none
2026-08-06T16:54:21.679956,67,2,person,0.8297,464.3,505.6,663.2,842.5,563,674,none
2026-08-06T16:54:21.680548,67,3,motorcycle,0.6911,474.5,668.0,660.5,942.1,567,805,none
2026-08-06T16:54:21.681225,67,24,person,0.8873,1236.4,480.3,1700.8,1217.5,1468,848,none
2026-08-06T16:54:21.681834,67,31,motorcycle,0.6854,1189.3,925.5,1766.9,1429.2,1478,1177,none
2026-08-06T16:54:21.682407,67,5,person,0.4257,1066.6,561.1,1129.2,682.6,1097,621,none
2026-08-06T16:54:21.682954,67,11,car,0.4413,782.8,490.3,931.0,658.6,856,574,none
2026-08-06T16:54:21.765340,68,1,car,0.693,1182.1,553.2,1468.4,769.1,1325,661,none
2026-08-06T16:54:21.766492,68,2,person,0.8359,461.5,505.3,659.1,839.5,560,672,none
2026-08-06T16:54:21.767149,68,3,motorcycle,0.6912,474.1,668.4,656.7,938.8,565,803,none
2026-08-06T16:54:21.767808,68,24,person,0.8785,1216.8,476.1,1677.8,1207.3,1447,841,none
2026-08-06T16:54:21.768440,68,31,motorcycle,0.6883,1148.9,882.3,1760.5,1430.3,1454,1156,none
2026-08-06T16:54:21.769003,68,11,car,0.5386,782.7,489.6,930.0,656.5,856,573,none
2026-08-06T16:54:21.853062,69,1,car,0.6934,1180.5,552.9,1461.4,768.0,1320,660,none
2026-08-06T16:54:21.854330,69,2,person,0.8366,460.5,505.2,657.9,838.4,559,671,none
2026-08-06T16:54:21.855023,69,3,motorcycle,0.6911,474.4,668.7,655.1,937.7,564,803,none
2026-08-06T16:54:21.855715,69,24,person,0.879,1210.1,474.6,1670.2,1203.9,1440,839,none
2026-08-06T16:54:21.856370,69,31,motorcycle,0.6857,1139.3,866.7,1753.2,1430.7,1446,1148,none
2026-08-06T16:54:21.856946,69,11,car,0.5396,782.6,489.4,929.8,655.7,856,572,none
2026-08-06T16:54:21.857514,69,43,car,0.4047,1115.0,489.9,1317.9,677.8,1216,583,none
2026-08-06T16:54:21.934765,70,1,car,0.6656,1178.3,552.4,1448.8,763.2,1313,657,none
2026-08-06T16:54:21.935985,70,2,person,0.8365,456.7,503.5,655.6,839.2,556,671,none
2026-08-06T16:54:21.936642,70,3,motorcycle,0.7067,472.9,669.9,651.0,935.0,561,802,none
2026-08-06T16:54:21.937297,70,24,person,0.8765,1196.4,471.4,1653.9,1197.0,1425,834,none
2026-08-06T16:54:21.937912,70,31,motorcycle,0.7206,1135.5,873.8,1725.7,1427.4,1430,1150,none
2026-08-06T16:54:21.938464,70,11,car,0.4796,780.5,489.4,928.0,655.9,854,572,none
2026-08-06T16:54:21.939015,70,20,truck,0.4123,261.9,489.2,505.8,659.0,383,574,none
2026-08-06T16:54:21.939630,70,41,person,0.8127,1421.8,566.9,2560.0,1427.8,1990,997,none
2026-08-06T16:54:22.025578,71,1,car,0.6841,1173.2,550.5,1434.0,758.3,1303,654,none
2026-08-06T16:54:22.026715,71,2,person,0.8447,454.3,504.2,651.1,836.1,552,670,none
2026-08-06T16:54:22.027377,71,3,motorcycle,0.7462,469.9,667.5,647.5,931.8,558,799,none
2026-08-06T16:54:22.028054,71,24,person,0.8931,1178.9,474.2,1630.9,1191.8,1404,832,none
2026-08-06T16:54:22.028693,71,31,motorcycle,0.7485,1124.9,866.4,1702.4,1419.8,1413,1143,none
2026-08-06T16:54:22.029274,71,11,truck,0.5221,779.4,488.7,927.5,656.0,853,572,none
2026-08-06T16:54:22.029820,71,44,car,0.4762,779.3,488.5,927.9,656.1,853,572,none
2026-08-06T16:54:22.030468,71,41,person,0.9037,1369.8,513.0,2560.0,1427.7,1964,970,none
2026-08-06T16:54:22.116154,72,1,car,0.6703,1166.8,550.4,1411.3,749.8,1289,650,none
2026-08-06T16:54:22.117362,72,2,person,0.8344,454.1,504.5,647.9,831.1,550,667,none
2026-08-06T16:54:22.118015,72,3,motorcycle,0.7359,466.1,664.9,643.4,929.2,554,797,none
2026-08-06T16:54:22.118666,72,24,person,0.9101,1162.0,475.8,1612.3,1193.4,1387,834,none
2026-08-06T16:54:22.119294,72,31,motorcycle,0.5763,1106.8,851.5,1677.9,1411.3,1392,1131,none
2026-08-06T16:54:22.119870,72,11,truck,0.5559,777.9,487.5,926.5,655.8,852,571,none
2026-08-06T16:54:22.120510,72,41,person,0.9269,1337.0,495.7,2560.0,1427.6,1948,961,none
2026-08-06T16:54:22.121063,72,42,truck,0.4983,1931.2,468.7,2233.5,670.6,2082,569,none
2026-08-06T16:54:22.121619,72,20,truck,0.5049,252.5,486.7,500.1,655.8,376,571,none
2026-08-06T16:54:22.205663,73,1,car,0.6719,1166.0,550.4,1401.8,746.7,1283,648,none
2026-08-06T16:54:22.206851,73,2,person,0.8349,454.0,504.6,646.8,829.2,550,666,none
2026-08-06T16:54:22.207489,73,3,motorcycle,0.7342,464.7,664.0,641.9,928.4,553,796,none
2026-08-06T16:54:22.208127,73,24,person,0.9101,1156.8,476.5,1605.7,1194.3,1381,835,none
2026-08-06T16:54:22.208742,73,31,motorcycle,0.5764,1104.2,846.4,1665.4,1408.2,1384,1127,none
2026-08-06T16:54:22.209292,73,11,truck,0.557,777.4,487.0,926.1,655.7,851,571,none
2026-08-06T16:54:22.209929,73,41,person,0.927,1335.3,493.4,2560.0,1427.5,1947,960,none
2026-08-06T16:54:22.210480,73,42,truck,0.4949,1931.0,468.1,2235.0,671.1,2083,569,none
2026-08-06T16:54:22.211017,73,20,truck,0.5107,249.3,486.2,500.5,655.3,374,570,none
2026-08-06T16:54:22.298049,74,1,car,0.6916,1158.3,548.1,1391.4,748.0,1274,648,none
2026-08-06T16:54:22.299225,74,2,person,0.8451,450.9,504.3,644.1,829.3,547,666,none
2026-08-06T16:54:22.299882,74,3,motorcycle,0.7401,465.3,668.3,638.3,926.3,551,797,none
2026-08-06T16:54:22.300529,74,24,person,0.8908,1139.8,479.6,1589.3,1200.7,1364,840,none
2026-08-06T16:54:22.301138,74,31,motorcycle,0.642,1094.3,838.1,1644.3,1399.4,1369,1118,none
2026-08-06T16:54:22.301682,74,11,truck,0.4742,776.1,485.7,925.4,655.6,850,570,none
2026-08-06T16:54:22.302310,74,41,person,0.9454,1332.1,490.7,2560.0,1427.0,1946,958,none
2026-08-06T16:54:22.302854,74,42,truck,0.4316,1915.6,443.3,2250.8,669.6,2083,556,none
2026-08-06T16:54:22.303386,74,20,truck,0.489,246.2,486.7,498.5,654.5,372,570,none
2026-08-06T16:54:22.303903,74,5,person,0.4434,1051.3,557.4,1115.9,682.3,1083,619,none
2026-08-06T16:54:22.385955,75,1,car,0.4905,1153.5,543.2,1378.2,741.9,1265,642,none
2026-08-06T16:54:22.387085,75,2,person,0.8465,447.7,504.5,640.6,827.9,544,666,none
2026-08-06T16:54:22.387701,75,3,motorcycle,0.7333,462.3,670.5,632.7,923.8,547,797,none
2026-08-06T16:54:22.388329,75,24,person,0.8419,1128.2,478.5,1566.8,1182.4,1347,830,none
2026-08-06T16:54:22.388925,75,31,motorcycle,0.6957,1083.5,834.4,1617.5,1389.8,1350,1112,none
2026-08-06T16:54:22.389556,75,41,person,0.9315,1326.2,493.2,2560.0,1426.7,1943,959,none
2026-08-06T16:54:22.390104,75,42,truck,0.4067,1931.8,457.7,2238.9,664.2,2085,560,none
2026-08-06T16:54:22.390626,75,5,person,0.6055,1049.5,555.0,1114.6,681.7,1082,618,none
2026-08-06T16:54:22.476410,76,1,car,0.4925,1153.8,541.4,1371.8,739.6,1262,640,none
2026-08-06T16:54:22.477586,76,2,person,0.8467,446.4,504.6,639.6,827.5,542,666,none
2026-08-06T16:54:22.478231,76,3,motorcycle,0.734,461.1,671.3,630.9,923.0,546,797,none
2026-08-06T16:54:22.478867,76,24,person,0.8434,1124.3,478.1,1559.3,1176.8,1341,827,none
2026-08-06T16:54:22.479477,76,31,motorcycle,0.6923,1082.9,833.4,1605.2,1386.3,1344,1109,none
2026-08-06T16:54:22.480114,76,41,person,0.9313,1333.5,498.3,2560.0,1426.6,1946,962,none
2026-08-06T16:54:22.480667,76,42,truck,0.4067,1938.7,464.3,2233.7,661.9,2086,563,none
2026-08-06T16:54:22.481190,76,5,person,0.6054,1049.1,554.1,1114.0,681.6,1081,617,none
2026-08-06T16:54:22.559945,77,2,person,0.7939,444.7,503.9,635.2,821.5,539,662,none
2026-08-06T16:54:22.561014,77,3,motorcycle,0.7169,454.9,663.3,628.3,920.1,541,791,none
2026-08-06T16:54:22.561693,77,24,person,0.8977,1109.5,476.2,1540.9,1170.1,1325,823,none
2026-08-06T16:54:22.562296,77,31,motorcycle,0.6186,1088.7,857.2,1573.2,1375.7,1330,1116,none
2026-08-06T16:54:22.562934,77,41,person,0.9264,1316.9,505.1,2560.0,1426.6,1938,965,none
2026-08-06T16:54:22.563463,77,5,person,0.5401,1047.7,556.1,1111.5,681.4,1079,618,none
2026-08-06T16:54:22.651830,78,2,person,0.7721,440.2,501.8,629.3,816.4,534,659,none
2026-08-06T16:54:22.652957,78,3,motorcycle,0.7343,451.4,661.5,623.6,916.0,537,788,none
2026-08-06T16:54:22.653687,78,24,person,0.8695,1100.3,476.5,1522.8,1157.5,1311,816,none
2026-08-06T16:54:22.654334,78,31,motorcycle,0.6373,1046.7,785.3,1577.9,1369.5,1312,1077,none
2026-08-06T16:54:22.654997,78,41,person,0.9333,1287.0,502.9,2560.0,1426.2,1923,964,none
2026-08-06T16:54:22.655537,78,5,person,0.5038,1046.1,558.6,1108.5,681.7,1077,620,none
2026-08-06T16:54:22.739010,79,2,person,0.7727,438.5,501.2,627.1,814.5,532,657,none
2026-08-06T16:54:22.740269,79,3,motorcycle,0.7356,450.0,660.7,622.0,914.5,536,787,none
2026-08-06T16:54:22.741105,79,24,person,0.8682,1097.8,476.6,1516.3,1152.6,1307,814,none
2026-08-06T16:54:22.741781,79,31,motorcycle,0.6416,1036.5,760.3,1574.4,1367.0,1305,1063,none
2026-08-06T16:54:22.742464,79,41,person,0.9337,1283.2,504.4,2560.0,1426.0,1921,965,none
2026-08-06T16:54:22.743025,79,5,person,0.4979,1045.6,559.6,1107.5,681.9,1076,620,none
2026-08-06T16:54:22.822197,80,2,person,0.7876,436.5,501.1,626.2,816.5,531,658,none
2026-08-06T16:54:22.823400,80,3,motorcycle,0.7452,448.8,659.5,619.9,911.2,534,785,none
2026-08-06T16:54:22.824118,80,24,person,0.8624,1084.8,477.2,1500.9,1150.9,1292,814,none
2026-08-06T16:54:22.824754,80,31,motorcycle,0.5895,1035.0,765.4,1550.5,1357.1,1292,1061,none
2026-08-06T16:54:22.825433,80,41,person,0.937,1255.7,511.3,2518.8,1425.9,1887,968,none
2026-08-06T16:54:22.825973,80,5,person,0.4242,1044.3,558.1,1105.9,680.9,1075,619,none
2026-08-06T16:54:22.826525,80,20,truck,0.4617,223.6,481.1,478.9,651.1,351,566,none
2026-08-06T16:54:22.827077,80,42,truck,0.4158,1947.1,451.5,2263.4,663.4,2105,557,none
2026-08-06T16:54:22.916991,81,2,person,0.765,434.1,502.0,624.4,819.2,529,660,none
2026-08-06T16:54:22.918137,81,3,motorcycle,0.7145,445.4,655.1,617.8,908.2,531,781,none
2026-08-06T16:54:22.918842,81,24,person,0.8508,1068.2,468.8,1484.5,1144.7,1276,806,none
2026-08-06T16:54:22.919468,81,31,motorcycle,0.5636,1029.1,765.2,1524.7,1343.6,1276,1054,none
2026-08-06T16:54:22.920143,81,41,person,0.9431,1220.5,514.0,2456.7,1425.9,1838,969,none
2026-08-06T16:54:22.920677,81,5,person,0.4139,1041.7,555.7,1103.8,679.9,1072,617,none
2026-08-06T16:54:22.921216,81,46,car,0.5903,1638.2,578.4,1792.8,674.1,1715,626,none
2026-08-06T16:54:22.921766,81,20,truck,0.4625,215.9,475.9,475.5,650.3,345,563,none
2026-08-06T16:54:22.922304,81,11,car,0.4439,769.8,480.2,919.8,651.7,844,565,none
2026-08-06T16:54:23.006491,82,2,person,0.7941,430.8,502.3,621.0,820.5,525,661,none
2026-08-06T16:54:23.007597,82,3,motorcycle,0.7345,443.0,654.7,614.1,905.4,528,780,none
2026-08-06T16:54:23.008280,82,24,person,0.8816,1050.3,470.1,1463.7,1143.2,1257,806,none
2026-08-06T16:54:23.008884,82,31,motorcycle,0.4425,1031.1,783.2,1490.2,1325.1,1260,1054,none
2026-08-06T16:54:23.009543,82,41,person,0.9384,1183.0,514.0,2396.2,1426.9,1789,970,none
2026-08-06T16:54:23.010084,82,46,car,0.5044,1642.1,578.9,1794.4,673.2,1718,626,none
2026-08-06T16:54:23.010635,82,20,truck,0.4032,213.2,473.4,473.3,649.7,343,561,none
2026-08-06T16:54:23.011175,82,11,car,0.5642,770.2,482.7,917.0,650.4,843,566,none
2026-08-06T16:54:23.011695,82,29,car,0.4044,0.0,509.0,26.2,587.3,13,548,none
2026-08-06T16:54:23.118435,83,2,person,0.7944,429.8,502.4,619.7,821.1,524,661,none
2026-08-06T16:54:23.119541,83,3,motorcycle,0.7349,442.1,654.6,612.8,904.5,527,779,none
2026-08-06T16:54:23.120215,83,24,person,0.8818,1044.4,470.6,1456.2,1142.8,1250,806,none
2026-08-06T16:54:23.120809,83,31,motorcycle,0.4424,1033.7,789.9,1476.9,1318.4,1255,1054,none
2026-08-06T16:54:23.121469,83,41,person,0.9383,1176.8,515.3,2366.3,1427.3,1771,971,none
2026-08-06T16:54:23.122001,83,46,car,0.5018,1643.4,579.0,1795.0,672.9,1719,625,none
2026-08-06T16:54:23.122551,83,20,truck,0.4035,212.8,472.5,472.0,649.5,342,560,none
2026-08-06T16:54:23.123082,83,11,car,0.5641,770.5,483.7,916.0,650.0,843,566,none
2026-08-06T16:54:23.123600,83,29,car,0.4002,0.0,508.6,26.0,587.0,13,547,none
2026-08-06T16:54:23.200152,84,2,person,0.7861,428.3,501.4,616.8,818.4,522,659,none
2026-08-06T16:54:23.201420,84,3,motorcycle,0.7628,439.0,648.3,612.2,901.8,525,775,none
2026-08-06T16:54:23.202167,84,24,person,0.8679,1035.0,480.5,1435.7,1135.4,1235,807,none
2026-08-06T16:54:23.202837,84,31,motorcycle,0.5187,1019.2,790.6,1455.0,1315.1,1237,1052,none
2026-08-06T16:54:23.203532,84,41,person,0.933,1146.5,522.9,2307.0,1428.3,1726,975,none
2026-08-06T16:54:23.204110,84,20,truck,0.4116,212.7,473.0,469.0,648.8,340,560,none
2026-08-06T16:54:23.204669,84,11,car,0.5589,770.8,484.3,915.3,649.3,843,566,none
2026-08-06T16:54:23.205231,84,42,truck,0.551,1968.3,462.5,2275.7,667.2,2121,564,none
2026-08-06T16:54:23.290663,85,2,person,0.802,428.0,500.5,615.2,817.1,521,658,none
2026-08-06T16:54:23.291893,85,3,motorcycle,0.7444,437.4,645.5,610.0,898.3,523,771,none
2026-08-06T16:54:23.292612,85,24,person,0.8929,1027.0,487.1,1417.9,1125.2,1222,806,none
2026-08-06T16:54:23.293227,85,31,motorcycle,0.4731,1027.0,834.1,1422.5,1307.7,1224,1070,none
2026-08-06T16:54:23.293892,85,41,person,0.915,1114.1,520.3,2255.2,1428.7,1684,974,none
2026-08-06T16:54:23.294447,85,20,truck,0.4238,212.2,473.0,466.9,648.5,339,560,none
2026-08-06T16:54:23.294984,85,11,car,0.5702,771.2,484.6,914.7,648.5,842,566,none
2026-08-06T16:54:23.295520,85,48,car,0.6216,1295.6,547.9,1473.4,753.4,1384,650,none
2026-08-06T16:54:23.296064,85,42,truck,0.5087,1946.9,441.5,2292.3,672.0,2119,556,none
2026-08-06T16:54:23.296588,85,46,car,0.4155,1627.8,582.3,1765.6,669.3,1696,625,none
2026-08-06T16:54:23.386241,86,2,person,0.8021,428.3,500.1,614.5,816.8,521,658,none
2026-08-06T16:54:23.387426,86,3,motorcycle,0.7453,436.8,644.5,609.4,897.1,523,770,none
2026-08-06T16:54:23.388135,86,24,person,0.8936,1024.3,489.4,1412.1,1121.7,1218,805,none
2026-08-06T16:54:23.388747,86,31,motorcycle,0.4737,1030.6,851.1,1411.7,1305.4,1221,1078,none
2026-08-06T16:54:23.389411,86,41,person,0.915,1109.3,520.2,2229.6,1428.8,1669,974,none
2026-08-06T16:54:23.389963,86,20,truck,0.4227,212.5,473.1,465.9,648.4,339,560,none
2026-08-06T16:54:23.390501,86,11,car,0.5682,771.3,484.8,914.5,648.2,842,566,none
2026-08-06T16:54:23.391040,86,48,car,0.6215,1293.9,546.9,1472.7,753.7,1383,650,none
2026-08-06T16:54:23.391600,86,42,truck,0.5129,1940.1,434.4,2297.7,673.5,2118,553,none
2026-08-06T16:54:23.392121,86,49,truck,0.409,727.3,434.9,819.7,541.8,773,488,none
2026-08-06T16:54:23.392643,86,46,car,0.417,1626.1,582.8,1759.3,668.7,1692,625,none
2026-08-06T16:54:23.468615,87,2,person,0.8186,426.4,499.7,611.6,816.6,519,658,none
2026-08-06T16:54:23.469701,87,3,motorcycle,0.6977,436.2,646.0,607.2,896.2,521,771,none
2026-08-06T16:54:23.470367,87,24,person,0.8695,1015.1,483.8,1401.0,1113.4,1208,798,none
2026-08-06T16:54:23.470968,87,31,motorcycle,0.4977,997.2,793.9,1416.5,1300.8,1206,1047,none
2026-08-06T16:54:23.471629,87,41,person,0.9104,1084.8,516.4,2189.5,1430.2,1637,973,none
2026-08-06T16:54:23.472179,87,20,truck,0.4845,211.7,471.2,466.6,648.4,339,559,none
2026-08-06T16:54:23.472719,87,11,car,0.5869,769.4,483.5,914.0,648.4,841,565,none
2026-08-06T16:54:23.473263,87,48,car,0.638,1279.0,545.6,1458.4,753.0,1368,649,none
2026-08-06T16:54:23.473809,87,42,truck,0.5,1953.8,453.5,2290.9,674.7,2122,564,none
2026-08-06T16:54:23.474329,87,49,truck,0.4096,729.1,436.1,820.1,541.4,774,488,none
2026-08-06T16:54:23.474846,87,29,car,0.4568,0.2,505.6,28.3,587.6,14,546,none
2026-08-06T16:54:23.558005,88,2,person,0.8252,424.3,499.6,609.4,819.0,516,659,none
2026-08-06T16:54:23.559079,88,3,motorcycle,0.6927,435.7,647.6,604.1,893.9,519,770,none
2026-08-06T16:54:23.559742,88,24,person,0.8927,1001.7,476.4,1382.9,1098.5,1192,787,none
2026-08-06T16:54:23.560336,88,31,motorcycle,0.4163,998.6,831.8,1377.9,1289.5,1188,1060,none
2026-08-06T16:54:23.560991,88,41,person,0.9019,1058.9,513.6,2144.6,1431.0,1601,972,none
2026-08-06T16:54:23.561536,88,20,truck,0.4632,212.6,471.3,465.7,647.9,339,559,none
2026-08-06T16:54:23.562066,88,11,car,0.5522,769.4,483.0,913.6,647.6,841,565,none
2026-08-06T16:54:23.562601,88,48,car,0.5563,1264.7,546.1,1445.4,754.8,1355,650,none
2026-08-06T16:54:23.563148,88,42,truck,0.4692,1960.7,458.7,2293.8,674.3,2127,566,none
2026-08-06T16:54:23.563668,88,50,car,0.5036,1417.3,572.6,1530.3,708.8,1473,640,none
2026-08-06T16:54:23.564182,88,29,car,0.4534,0.7,505.7,29.0,587.7,14,546,none
2026-08-06T16:54:23.564704,88,5,motorcycle,0.4759,1036.6,583.7,1085.6,677.4,1061,630,none
2026-08-06T16:54:23.648460,89,2,person,0.825,423.9,499.6,608.2,819.8,516,659,none
2026-08-06T16:54:23.649665,89,3,motorcycle,0.6938,435.5,648.3,603.0,893.2,519,770,none
2026-08-06T16:54:23.650367,89,24,person,0.8926,997.2,473.6,1376.8,1093.2,1186,783,none
2026-08-06T16:54:23.650979,89,31,motorcycle,0.4141,1000.3,848.0,1363.1,1285.4,1181,1066,none
2026-08-06T16:54:23.651636,89,41,person,0.9017,1056.6,513.4,2121.8,1431.4,1589,972,none
2026-08-06T16:54:23.652189,89,20,truck,0.4629,213.3,471.5,465.1,647.7,339,559,none
2026-08-06T16:54:23.652729,89,11,car,0.5579,769.5,482.9,913.5,647.3,841,565,none
2026-08-06T16:54:23.653267,89,48,car,0.5566,1260.2,546.2,1441.5,755.4,1350,650,none
2026-08-06T16:54:23.653817,89,42,truck,0.4721,1962.0,460.7,2295.8,674.2,2128,567,none
2026-08-06T16:54:23.654336,89,50,car,0.5045,1417.5,572.7,1530.6,708.9,1474,640,none
2026-08-06T16:54:23.654851,89,29,car,0.452,0.8,505.8,29.3,587.8,15,546,none
2026-08-06T16:54:23.655371,89,5,motorcycle,0.4771,1035.9,585.7,1085.5,677.3,1060,631,none
2026-08-06T16:54:23.734079,90,2,person,0.8116,422.5,498.5,604.5,816.2,513,657,none
2026-08-06T16:54:23.735247,90,3,motorcycle,0.7221,431.9,646.3,599.4,891.8,515,769,none
2026-08-06T16:54:23.735947,90,24,person,0.8846,986.3,474.2,1363.7,1090.1,1175,782,none
2026-08-06T16:54:23.736623,90,41,person,0.8857,1031.4,511.3,2075.6,1429.0,1553,970,none
2026-08-06T16:54:23.737181,90,20,truck,0.4403,215.2,473.5,463.6,647.5,339,560,none
2026-08-06T16:54:23.737722,90,11,car,0.5591,769.0,482.2,913.3,647.1,841,564,none
2026-08-06T16:54:23.738260,90,48,car,0.8238,1248.4,546.9,1432.4,757.6,1340,652,none
2026-08-06T16:54:23.738809,90,42,truck,0.4192,1956.9,454.6,2306.0,677.2,2131,565,none
2026-08-06T16:54:23.739333,90,50,car,0.6083,1417.6,574.1,1530.4,709.8,1474,641,none
2026-08-06T16:54:23.739850,90,29,car,0.4381,0.3,506.1,28.6,587.5,14,546,none
2026-08-06T16:54:23.823744,91,2,person,0.8257,421.0,497.4,602.9,816.7,511,657,none
2026-08-06T16:54:23.824990,91,3,motorcycle,0.6908,429.0,644.0,596.7,890.5,512,767,none
2026-08-06T16:54:23.825726,91,24,person,0.8608,974.3,480.8,1350.5,1094.5,1162,787,none
2026-08-06T16:54:23.826433,91,41,person,0.8856,1007.4,513.2,2029.4,1429.0,1518,971,none
2026-08-06T16:54:23.827017,91,20,truck,0.4159,215.0,472.1,463.9,646.4,339,559,none
2026-08-06T16:54:23.827584,91,11,car,0.5525,768.6,481.4,913.1,646.8,840,564,none
2026-08-06T16:54:23.828145,91,48,car,0.7754,1241.7,545.6,1426.9,756.1,1334,650,none
2026-08-06T16:54:23.828717,91,42,truck,0.584,1940.8,428.9,2328.3,678.5,2134,553,none
2026-08-06T16:54:23.829256,91,50,car,0.6408,1417.1,571.7,1531.0,708.4,1474,640,none
2026-08-06T16:54:23.829839,91,31,motorcycle,0.4283,990.7,807.7,1382.5,1273.8,1186,1040,none
2026-08-06T16:54:23.830378,91,5,motorcycle,0.424,1028.5,562.3,1089.2,673.5,1058,617,none
2026-08-06T16:54:23.915468,92,2,person,0.8259,420.6,497.4,599.4,812.5,510,654,none
2026-08-06T16:54:23.916625,92,3,motorcycle,0.6507,428.2,647.0,592.5,889.3,510,768,none
2026-08-06T16:54:23.917317,92,24,person,0.9021,963.9,478.4,1334.4,1082.3,1149,780,none
2026-08-06T16:54:23.917998,92,41,person,0.8831,986.3,513.6,1992.3,1431.4,1489,972,none
2026-08-06T16:54:23.918544,92,11,car,0.6071,768.6,481.5,912.5,646.6,840,564,none
2026-08-06T16:54:23.919084,92,48,car,0.7944,1233.1,546.2,1420.2,755.8,1326,650,none
2026-08-06T16:54:23.919635,92,42,truck,0.4199,1953.8,449.3,2315.4,679.0,2134,564,none
2026-08-06T16:54:23.920151,92,29,car,0.4237,0.5,503.8,29.7,587.8,15,545,none
2026-08-06T16:54:24.002526,93,2,person,0.8258,420.8,497.5,597.9,810.8,509,654,none
2026-08-06T16:54:24.003668,93,3,motorcycle,0.6489,428.1,648.2,590.9,888.8,509,768,none
2026-08-06T16:54:24.004336,93,24,person,0.9023,960.4,477.6,1329.0,1077.8,1144,777,none
2026-08-06T16:54:24.005000,93,41,person,0.8829,984.6,514.2,1974.3,1432.3,1479,973,none
2026-08-06T16:54:24.005545,93,11,car,0.6028,768.7,481.6,912.2,646.5,840,564,none
2026-08-06T16:54:24.006085,93,48,car,0.7942,1229.5,546.4,1418.9,755.7,1324,651,none
2026-08-06T16:54:24.006634,93,42,truck,0.4199,1958.5,458.3,2310.4,679.1,2134,568,none
2026-08-06T16:54:24.007151,93,29,car,0.4188,0.6,503.3,30.1,587.8,15,545,none
2026-08-06T16:54:24.084226,94,2,person,0.8127,421.4,498.7,596.1,809.0,508,653,none
2026-08-06T16:54:24.085347,94,3,motorcycle,0.7294,424.6,643.8,590.6,889.3,507,766,none
2026-08-06T16:54:24.086042,94,24,person,0.8381,948.7,475.7,1318.7,1078.5,1133,777,none
2026-08-06T16:54:24.086718,94,41,person,0.8879,964.6,511.1,1933.3,1427.5,1448,969,none
2026-08-06T16:54:24.087285,94,11,car,0.6375,769.0,482.0,911.8,646.3,840,564,none
2026-08-06T16:54:24.087842,94,48,car,0.8608,1224.6,546.4,1415.6,753.8,1320,650,none
2026-08-06T16:54:24.088400,94,42,truck,0.4355,1967.1,464.2,2311.5,677.6,2139,570,none
2026-08-06T16:54:24.088928,94,29,car,0.4701,1.2,503.3,31.3,588.4,16,545,none
2026-08-06T16:54:24.172580,95,2,person,0.7793,422.3,500.3,592.4,802.2,507,651,none
2026-08-06T16:54:24.173692,95,3,motorcycle,0.737,420.4,635.6,590.4,888.1,505,761,none
2026-08-06T16:54:24.174379,95,24,person,0.8058,935.9,473.5,1305.2,1075.7,1120,774,none
2026-08-06T16:54:24.175046,95,41,person,0.8715,943.0,510.6,1892.8,1426.4,1417,968,none
2026-08-06T16:54:24.175597,95,11,car,0.6986,769.0,482.3,911.1,645.9,840,564,none
2026-08-06T16:54:24.176148,95,48,car,0.7842,1208.0,546.0,1400.8,749.2,1304,647,none
2026-08-06T16:54:24.176695,95,42,truck,0.4508,1970.6,464.7,2316.3,676.1,2143,570,none
2026-08-06T16:54:24.177214,95,29,car,0.4334,1.5,503.9,31.9,589.1,16,546,none
2026-08-06T16:54:24.177736,95,5,person,0.4168,1027.0,545.5,1090.4,658.4,1058,601,none
2026-08-06T16:54:24.260820,96,2,person,0.7789,422.7,500.9,591.2,799.8,506,650,none
2026-08-06T16:54:24.261921,96,3,motorcycle,0.7371,419.0,632.5,590.3,887.8,504,760,none
2026-08-06T16:54:24.262591,96,24,person,0.8055,931.5,472.5,1300.5,1074.7,1116,773,none
2026-08-06T16:54:24.263270,96,41,person,0.8709,940.8,510.7,1873.7,1426.1,1407,968,none
2026-08-06T16:54:24.263814,96,11,car,0.7081,769.0,482.5,910.8,645.8,839,564,none
2026-08-06T16:54:24.264359,96,48,car,0.7832,1200.4,545.9,1397.1,747.5,1298,646,none
2026-08-06T16:54:24.264910,96,42,truck,0.4456,1969.9,464.8,2318.4,675.4,2144,570,none
2026-08-06T16:54:24.265428,96,29,car,0.4259,1.5,504.4,32.2,589.4,16,546,none
2026-08-06T16:54:24.265952,96,5,person,0.414,1026.7,543.9,1091.3,656.6,1059,600,none
2026-08-06T16:54:24.343481,97,2,person,0.8068,419.5,500.8,587.0,797.3,503,649,none
2026-08-06T16:54:24.344685,97,3,motorcycle,0.7339,417.3,631.2,588.4,887.1,502,759,none
2026-08-06T16:54:24.345409,97,24,person,0.7975,925.6,477.9,1289.3,1070.8,1107,774,none
2026-08-06T16:54:24.346101,97,41,person,0.8754,924.4,511.0,1838.7,1424.6,1381,967,none
2026-08-06T16:54:24.346669,97,11,car,0.7188,768.7,482.4,910.1,645.7,839,564,none
2026-08-06T16:54:24.347233,97,48,car,0.7749,1195.3,545.1,1391.4,741.0,1293,643,none
2026-08-06T16:54:24.347774,97,29,car,0.4406,1.4,504.1,32.6,589.8,16,546,none
2026-08-06T16:54:24.438064,98,2,person,0.7911,416.8,500.3,586.1,799.5,501,649,none
2026-08-06T16:54:24.439164,98,3,motorcycle,0.7211,417.3,631.3,585.1,881.9,501,756,none
2026-08-06T16:54:24.439845,98,24,person,0.6998,915.8,474.4,1275.5,1059.2,1095,766,none
2026-08-06T16:54:24.440524,98,41,person,0.8735,899.9,509.6,1798.2,1423.8,1349,966,none
2026-08-06T16:54:24.441087,98,11,car,0.736,769.0,483.0,909.6,645.6,839,564,none
2026-08-06T16:54:24.441647,98,48,car,0.782,1178.9,545.0,1377.9,740.0,1278,642,none
2026-08-06T16:54:24.442184,98,29,car,0.4615,1.6,504.6,33.0,589.9,17,547,none
2026-08-06T16:54:24.442787,98,51,motorcycle,0.5085,1040.4,993.1,1844.4,1429.6,1442,1211,none
2026-08-06T16:54:24.443360,98,52,motorcycle,0.4734,2463.3,641.7,2553.6,1005.0,2508,823,none
2026-08-06T16:54:24.443923,98,42,truck,0.4175,1951.2,448.9,2333.6,678.2,2142,563,none
2026-08-06T16:54:24.528491,99,2,person,0.7915,415.8,500.1,585.9,800.4,500,650,none
2026-08-06T16:54:24.529671,99,3,motorcycle,0.7175,417.4,631.4,584.0,880.1,500,755,none
2026-08-06T16:54:24.530361,99,24,person,0.7012,912.4,473.1,1271.1,1055.1,1091,764,none
2026-08-06T16:54:24.531046,99,41,person,0.8736,896.0,509.2,1779.3,1423.5,1337,966,none
2026-08-06T16:54:24.531602,99,11,car,0.7342,769.1,483.2,909.3,645.6,839,564,none
2026-08-06T16:54:24.532146,99,48,car,0.7818,1172.1,545.0,1374.3,739.8,1273,642,none
2026-08-06T16:54:24.532669,99,29,car,0.4605,1.6,504.8,33.2,589.9,17,547,none
2026-08-06T16:54:24.533251,99,51,motorcycle,0.507,1038.3,990.9,1845.7,1429.1,1441,1209,none
2026-08-06T16:54:24.533810,99,52,motorcycle,0.4745,2461.9,640.3,2552.6,1004.3,2507,822,none
2026-08-06T16:54:24.534369,99,54,motorcycle,0.4015,1022.3,1154.8,1867.5,1428.4,1444,1291,none
2026-08-06T16:54:24.534914,99,42,truck,0.4157,1946.1,445.7,2337.5,678.8,2141,562,none
2026-08-06T16:54:24.612336,100,2,person,0.8068,413.9,499.6,585.3,802.2,499,650,none
2026-08-06T16:54:24.613411,100,3,motorcycle,0.7045,415.5,627.0,582.9,876.9,499,751,none
2026-08-06T16:54:24.614061,100,24,person,0.658,905.6,476.3,1259.8,1049.9,1082,763,none
2026-08-06T16:54:24.614734,100,41,person,0.8899,885.8,510.4,1752.9,1423.8,1319,967,none
2026-08-06T16:54:24.615273,100,11,car,0.735,769.5,484.0,908.8,645.5,839,564,none
2026-08-06T16:54:24.615808,100,48,car,0.7625,1166.8,544.9,1359.7,728.4,1263,636,none
2026-08-06T16:54:24.616323,100,29,car,0.4495,1.7,504.6,33.6,589.7,17,547,none
2026-08-06T16:54:24.616904,100,51,motorcycle,0.5796,1029.6,986.5,1845.1,1428.6,1437,1207,none
2026-08-06T16:54:24.617453,100,52,motorcycle,0.491,2451.1,637.8,2542.1,998.3,2496,818,none
2026-08-06T16:54:24.618014,100,54,motorcycle,0.4953,1022.9,1159.1,1860.7,1430.2,1441,1294,none
2026-08-06T16:54:24.618560,100,42,truck,0.4163,1944.3,444.3,2346.5,682.1,2145,563,none
2026-08-06T16:54:24.619113,100,31,motorcycle,0.4252,887.7,733.4,1276.4,1201.4,1082,967,none
2026-08-06T16:54:24.703727,101,2,person,0.8157,412.3,499.5,584.7,803.9,498,651,none
2026-08-06T16:54:24.704844,101,3,motorcycle,0.6632,415.0,625.3,581.7,874.1,498,749,none
2026-08-06T16:54:24.705539,101,24,person,0.7376,894.3,473.7,1242.8,1037.0,1068,755,none
2026-08-06T16:54:24.706201,101,41,person,0.8739,869.9,513.1,1718.2,1422.7,1294,967,none
2026-08-06T16:54:24.706746,101,11,car,0.7497,769.8,484.4,908.4,645.1,839,564,none
2026-08-06T16:54:24.707286,101,48,car,0.5855,1157.3,542.9,1341.3,716.9,1249,629,none
2026-08-06T16:54:24.707813,101,29,car,0.4712,2.2,505.8,34.3,589.9,18,547,none
2026-08-06T16:54:24.708402,101,51,motorcycle,0.5755,1015.6,982.9,1839.1,1428.0,1427,1205,none
2026-08-06T16:54:24.708960,101,52,motorcycle,0.5923,2436.0,622.8,2531.9,993.7,2483,808,none
2026-08-06T16:54:24.709514,101,31,motorcycle,0.5061,887.8,741.0,1245.6,1169.8,1066,955,none
2026-08-06T16:54:24.818867,102,2,person,0.7891,410.6,498.0,582.9,802.8,496,650,none
2026-08-06T16:54:24.820039,102,3,motorcycle,0.6902,413.6,624.9,579.6,873.0,496,748,none
2026-08-06T16:54:24.820741,102,24,person,0.5915,896.0,476.7,1219.9,992.9,1057,734,none
2026-08-06T16:54:24.821438,102,41,person,0.8801,853.8,509.3,1689.9,1424.2,1271,966,none
2026-08-06T16:54:24.822000,102,11,car,0.7589,771.1,485.7,909.1,645.9,840,565,none
2026-08-06T16:54:24.822556,102,48,car,0.5045,1148.3,544.3,1324.8,713.7,1236,628,none
2026-08-06T16:54:24.823098,102,29,car,0.4678,2.8,507.9,35.0,590.4,18,549,none
2026-08-06T16:54:24.823703,102,51,motorcycle,0.5128,1000.7,981.0,1834.7,1430.6,1417,1205,none
2026-08-06T16:54:24.824278,102,52,motorcycle,0.6817,2424.7,616.5,2524.3,988.8,2474,802,none
2026-08-06T16:54:24.824853,102,31,motorcycle,0.4278,866.7,695.7,1243.8,1155.5,1055,925,none
2026-08-06T16:54:24.825385,102,55,car,0.4488,671.2,451.1,748.2,517.5,709,484,none
2026-08-06T16:54:24.825951,102,42,truck,0.415,1950.7,451.0,2349.5,683.6,2150,567,none
2026-08-06T16:54:24.911327,103,2,person,0.7902,410.1,497.4,582.3,802.5,496,649,none
2026-08-06T16:54:24.912444,103,3,motorcycle,0.6923,413.2,624.9,578.9,872.7,496,748,none
2026-08-06T16:54:24.913111,103,24,person,0.5899,896.1,477.8,1213.1,976.8,1054,727,none
2026-08-06T16:54:24.913788,103,41,person,0.8804,853.3,508.0,1675.5,1424.7,1264,966,none
2026-08-06T16:54:24.914333,103,11,car,0.7575,771.5,486.2,909.4,646.2,840,566,none
2026-08-06T16:54:24.914876,103,48,car,0.5055,1146.1,544.8,1318.7,712.7,1232,628,none
2026-08-06T16:54:24.915398,103,29,car,0.4712,2.9,508.7,35.4,590.6,19,549,none
2026-08-06T16:54:24.915987,103,51,motorcycle,0.5157,995.2,980.3,1834.3,1431.5,1414,1205,none
2026-08-06T16:54:24.916546,103,52,motorcycle,0.6818,2419.8,614.7,2523.3,987.2,2471,800,none
2026-08-06T16:54:24.917103,103,31,motorcycle,0.4232,861.2,680.8,1241.3,1150.6,1051,915,none
2026-08-06T16:54:24.917619,103,55,car,0.4482,670.7,451.1,748.8,518.5,709,484,none
2026-08-06T16:54:24.918139,103,56,car,0.4344,1693.9,580.7,1839.6,677.3,1766,628,none
2026-08-06T16:54:24.918685,103,42,truck,0.4133,1950.6,452.9,2351.0,683.8,2150,568,none
2026-08-06T16:54:24.995548,104,2,person,0.8,409.5,501.5,579.6,803.2,494,652,none
2026-08-06T16:54:24.996603,104,3,motorcycle,0.6556,412.7,625.9,576.3,870.9,494,748,none
2026-08-06T16:54:24.997250,104,24,person,0.6306,880.3,471.6,1210.6,990.8,1045,731,none
2026-08-06T16:54:24.997920,104,41,person,0.9034,844.7,511.3,1648.8,1424.2,1246,967,none
2026-08-06T16:54:24.998468,104,11,car,0.7294,771.6,486.6,909.6,646.7,840,566,none
2026-08-06T16:54:24.999011,104,48,car,0.4193,1138.5,543.2,1307.7,711.5,1223,627,none
2026-08-06T16:54:24.999541,104,29,car,0.4439,2.9,509.8,35.6,590.9,19,550,none
2026-08-06T16:54:25.000131,104,51,motorcycle,0.4586,965.1,989.7,1787.3,1431.5,1376,1210,none
2026-08-06T16:54:25.000692,104,52,motorcycle,0.6915,2409.9,614.2,2520.2,993.9,2465,804,none
2026-08-06T16:54:25.001212,104,55,car,0.4361,671.5,451.6,748.8,518.6,710,485,none
2026-08-06T16:54:25.086829,105,2,person,0.7868,409.3,499.9,578.1,799.7,493,649,none
2026-08-06T16:54:25.087887,105,3,motorcycle,0.6844,411.6,625.6,574.1,869.7,492,747,none
2026-08-06T16:54:25.088567,105,24,person,0.662,868.9,469.5,1199.6,988.1,1034,728,none
2026-08-06T16:54:25.089238,105,41,person,0.8717,831.9,511.7,1621.1,1421.9,1226,966,none
2026-08-06T16:54:25.089781,105,11,car,0.7686,772.3,487.3,909.7,646.7,841,566,none
2026-08-06T16:54:25.090304,105,29,car,0.4057,2.4,508.6,36.2,591.3,19,549,none
2026-08-06T16:54:25.090897,105,51,motorcycle,0.4528,935.7,1014.1,1708.3,1429.8,1321,1221,none
2026-08-06T16:54:25.091464,105,52,motorcycle,0.7456,2396.7,612.3,2516.6,1005.5,2456,808,none
2026-08-06T16:54:25.091980,105,55,car,0.4594,673.0,452.4,751.6,520.6,712,486,none
2026-08-06T16:54:25.092508,105,20,car,0.4458,176.5,489.8,376.6,639.2,276,564,none
2026-08-06T16:54:25.093028,105,50,car,0.4025,1427.1,573.1,1554.2,713.6,1490,643,none
2026-08-06T16:54:25.093574,105,42,truck,0.4079,1950.1,448.1,2366.2,686.0,2158,567,none
2026-08-06T16:54:25.180607,106,2,person,0.7864,409.4,499.3,577.6,798.4,493,648,none
2026-08-06T16:54:25.181701,106,3,motorcycle,0.6848,411.3,625.6,573.3,869.3,492,747,none
2026-08-06T16:54:25.182346,106,24,person,0.6618,864.7,468.7,1196.2,987.3,1030,728,none
2026-08-06T16:54:25.183010,106,41,person,0.8711,831.3,511.9,1608.0,1421.0,1219,966,none
2026-08-06T16:54:25.183550,106,11,car,0.7661,772.5,487.5,909.9,646.7,841,567,none
2026-08-06T16:54:25.184080,106,29,car,0.4093,2.2,508.2,36.6,591.5,19,549,none
2026-08-06T16:54:25.184659,106,51,motorcycle,0.4543,926.4,1023.4,1679.5,1429.1,1302,1226,none
2026-08-06T16:54:25.185216,106,52,motorcycle,0.7455,2390.2,611.8,2517.4,1009.8,2453,810,none
2026-08-06T16:54:25.185739,106,55,car,0.4587,673.7,452.6,752.4,521.0,713,486,none
2026-08-06T16:54:25.186264,106,20,car,0.4476,180.0,490.3,369.8,639.1,274,564,none
2026-08-06T16:54:25.186788,106,50,car,0.4027,1423.6,573.1,1558.6,713.8,1491,643,none
2026-08-06T16:54:25.187334,106,42,truck,0.4085,1948.6,447.1,2370.5,686.5,2159,566,none
2026-08-06T16:54:25.264524,107,2,person,0.7971,409.1,504.3,573.0,795.3,491,649,none
2026-08-06T16:54:25.265517,107,3,motorcycle,0.6401,410.9,633.5,566.4,866.4,488,749,none
2026-08-06T16:54:25.266136,107,24,person,0.7024,859.4,472.1,1182.5,975.1,1020,723,none
2026-08-06T16:54:25.266789,107,41,person,0.8975,823.3,512.8,1583.9,1419.8,1203,966,none
2026-08-06T16:54:25.267329,107,11,car,0.7422,772.8,487.5,910.1,646.5,841,566,none
2026-08-06T16:54:25.267854,107,29,car,0.4301,2.3,509.5,36.7,591.8,19,550,none
2026-08-06T16:54:25.268439,107,51,motorcycle,0.5619,870.3,988.3,1677.5,1428.1,1273,1208,none
2026-08-06T16:54:25.269008,107,52,motorcycle,0.7461,2379.4,604.6,2515.7,1010.0,2447,807,none
2026-08-06T16:54:25.269532,107,55,car,0.4157,673.2,454.4,755.7,526.5,714,490,none
2026-08-06T16:54:25.270057,107,20,car,0.4777,182.6,491.3,364.0,639.1,273,565,none
2026-08-06T16:54:25.270606,107,42,truck,0.5659,1951.1,445.1,2378.8,685.9,2164,565,none
2026-08-06T16:54:25.355663,108,2,person,0.7905,407.9,508.4,566.8,789.2,487,648,none
2026-08-06T16:54:25.356909,108,3,motorcycle,0.6689,408.6,630.9,565.0,865.3,486,748,none
2026-08-06T16:54:25.357617,108,24,person,0.5781,854.2,478.0,1162.5,953.8,1008,715,none
2026-08-06T16:54:25.358330,108,41,person,0.8717,808.1,511.0,1555.3,1418.6,1181,964,none
2026-08-06T16:54:25.358895,108,11,car,0.7353,773.7,487.9,910.6,646.0,842,566,none
2026-08-06T16:54:25.359445,108,29,car,0.4918,2.5,511.4,36.8,592.0,19,551,none
2026-08-06T16:54:25.360048,108,51,motorcycle,0.5956,828.9,971.0,1657.6,1428.6,1243,1199,none
2026-08-06T16:54:25.360634,108,52,motorcycle,0.6717,2364.8,583.7,2514.3,1006.6,2439,795,none
2026-08-06T16:54:25.361182,108,20,car,0.4707,183.6,491.5,358.7,639.0,271,565,none
2026-08-06T16:54:25.361734,108,42,truck,0.4894,1962.6,452.4,2374.4,679.8,2168,566,none
2026-08-06T16:54:25.362275,108,50,car,0.4549,1415.9,575.0,1560.4,717.6,1488,646,none
2026-08-06T16:54:25.447196,109,2,person,0.7908,407.3,509.8,564.9,787.1,486,648,none
2026-08-06T16:54:25.448419,109,3,motorcycle,0.6673,407.9,629.7,564.6,865.0,486,747,none
2026-08-06T16:54:25.449110,109,24,person,0.5766,852.0,480.1,1156.4,946.4,1004,713,none
2026-08-06T16:54:25.449801,109,41,person,0.8716,806.8,510.4,1541.5,1418.2,1174,964,none
2026-08-06T16:54:25.450355,109,11,car,0.7339,774.0,488.1,910.9,645.8,842,566,none
2026-08-06T16:54:25.450897,109,29,car,0.4901,2.4,512.0,36.9,592.0,19,551,none
2026-08-06T16:54:25.451503,109,51,motorcycle,0.5951,817.3,964.5,1647.2,1428.8,1232,1196,none
2026-08-06T16:54:25.452080,109,52,motorcycle,0.6704,2357.2,575.9,2516.2,1005.3,2436,790,none
2026-08-06T16:54:25.452612,109,20,car,0.4866,185.5,491.7,355.6,639.1,270,565,none
2026-08-06T16:54:25.453162,109,42,truck,0.4917,1965.3,455.4,2374.3,677.4,2169,566,none
2026-08-06T16:54:25.453687,109,50,car,0.4552,1411.8,575.5,1562.9,718.4,1487,646,none
2026-08-06T16:54:25.542593,110,2,person,0.8159,404.4,508.4,563.5,787.4,483,647,none
2026-08-06T16:54:25.543744,110,3,motorcycle,0.6545,407.7,637.6,558.0,862.5,482,750,none
2026-08-06T16:54:25.544468,110,41,person,0.8758,787.4,507.6,1515.0,1420.9,1151,964,none
2026-08-06T16:54:25.545029,110,11,car,0.7673,774.7,488.1,911.7,645.2,843,566,none
2026-08-06T16:54:25.545561,110,29,car,0.4939,2.4,512.8,37.0,592.0,19,552,none
2026-08-06T16:54:25.546148,110,51,motorcycle,0.594,779.4,940.9,1634.1,1427.5,1206,1184,none
2026-08-06T16:54:25.546711,110,52,motorcycle,0.7133,2350.8,609.4,2507.4,1002.9,2429,806,none
2026-08-06T16:54:25.547246,110,20,car,0.4921,187.7,493.1,352.6,639.4,270,566,none
2026-08-06T16:54:25.547792,110,42,truck,0.5032,1965.6,453.5,2383.2,677.6,2174,565,none
2026-08-06T16:54:25.548311,110,55,car,0.4241,677.5,458.8,760.8,532.2,719,495,none
2026-08-06T16:54:25.632533,111,2,person,0.7678,401.5,503.8,562.9,788.1,482,645,none
2026-08-06T16:54:25.633682,111,3,motorcycle,0.7171,405.1,633.0,556.8,860.5,480,746,none
2026-08-06T16:54:25.634417,111,41,person,0.8754,771.3,506.8,1485.2,1417.1,1128,961,none
2026-08-06T16:54:25.635001,111,11,car,0.8159,774.8,488.1,912.2,645.0,843,566,none
2026-08-06T16:54:25.635547,111,29,car,0.5034,2.3,513.9,37.1,592.3,19,553,none
2026-08-06T16:54:25.636153,111,51,motorcycle,0.7245,740.2,918.0,1614.8,1426.5,1177,1172,none
2026-08-06T16:54:25.636715,111,52,person,0.6865,2341.3,571.7,2496.3,940.9,2418,756,none
2026-08-06T16:54:25.637249,111,20,car,0.4213,188.4,494.2,348.7,639.7,268,566,none
2026-08-06T16:54:25.637802,111,42,truck,0.4694,1965.9,452.0,2388.4,675.9,2177,563,none
2026-08-06T16:54:25.638331,111,57,car,0.5313,1271.5,553.8,1385.6,730.2,1328,641,none
2026-08-06T16:54:25.638855,111,55,car,0.4479,678.6,456.8,759.2,528.3,718,492,none
2026-08-06T16:54:25.639376,111,50,car,0.4255,1415.7,576.1,1570.1,719.2,1492,647,none
2026-08-06T16:54:25.724131,112,2,person,0.7679,399.0,502.6,562.3,791.0,480,646,none
2026-08-06T16:54:25.725388,112,3,motorcycle,0.6826,404.1,633.3,554.9,859.6,479,746,none
2026-08-06T16:54:25.726169,112,41,person,0.8885,753.0,495.1,1463.7,1416.4,1108,955,none
2026-08-06T16:54:25.726768,112,11,car,0.8336,774.8,488.6,912.4,644.9,843,566,none
2026-08-06T16:54:25.727336,112,29,car,0.4855,2.2,514.0,37.3,592.5,19,553,none
2026-08-06T16:54:25.727973,112,51,motorcycle,0.6915,724.3,909.6,1594.4,1426.9,1159,1168,none
2026-08-06T16:54:25.728556,112,52,person,0.5933,2322.3,562.5,2473.9,908.2,2398,735,none
2026-08-06T16:54:25.729113,112,20,car,0.4052,188.9,494.3,345.8,639.7,267,567,none
2026-08-06T16:54:25.729664,112,57,car,0.5301,1252.6,549.2,1377.0,740.9,1314,645,none
2026-08-06T16:54:25.730197,112,55,car,0.4497,679.9,456.1,759.4,527.3,719,491,none
2026-08-06T16:54:25.730773,112,58,motorcycle,0.6789,2260.3,661.3,2553.8,992.0,2407,826,none
2026-08-06T16:54:25.814594,113,2,person,0.7673,398.3,502.1,561.9,792.2,480,647,none
2026-08-06T16:54:25.815778,113,3,motorcycle,0.6828,403.8,633.4,554.3,859.4,479,746,none
2026-08-06T16:54:25.816521,113,41,person,0.8885,750.0,490.7,1453.0,1416.2,1101,953,none
2026-08-06T16:54:25.817096,113,11,car,0.8341,774.6,488.8,912.7,644.8,843,566,none
2026-08-06T16:54:25.817637,113,29,car,0.484,2.0,514.1,37.5,592.5,19,553,none
2026-08-06T16:54:25.818246,113,51,motorcycle,0.6897,724.5,906.5,1581.9,1427.0,1153,1166,none
2026-08-06T16:54:25.818818,113,52,person,0.5929,2313.9,563.4,2466.3,897.9,2390,730,none
2026-08-06T16:54:25.819355,113,20,car,0.4069,190.0,494.4,344.1,639.7,267,567,none
2026-08-06T16:54:25.819895,113,57,car,0.5295,1245.8,547.6,1374.3,744.6,1310,646,none
2026-08-06T16:54:25.820419,113,55,car,0.4505,680.6,455.8,759.2,526.9,719,491,none
2026-08-06T16:54:25.820979,113,58,motorcycle,0.6776,2259.5,661.4,2552.8,991.4,2406,826,none
2026-08-06T16:54:25.899491,114,2,person,0.7372,397.7,501.5,560.1,790.1,478,645,none
2026-08-06T16:54:25.900634,114,3,motorcycle,0.7534,402.2,629.2,554.3,857.9,478,743,none
2026-08-06T16:54:25.901361,114,41,person,0.8764,740.3,493.1,1428.7,1411.9,1084,952,none
2026-08-06T16:54:25.901923,114,11,car,0.8225,773.1,488.8,911.8,645.0,842,566,none
2026-08-06T16:54:25.902457,114,29,car,0.433,1.6,512.7,38.0,592.4,19,552,none
2026-08-06T16:54:25.903061,114,51,motorcycle,0.6074,716.2,915.6,1541.2,1428.0,1128,1171,none
2026-08-06T16:54:25.903601,114,57,car,0.6488,1237.3,549.2,1365.8,744.1,1301,646,none
2026-08-06T16:54:25.904119,114,55,car,0.4858,681.9,456.2,759.7,527.4,720,491,none
2026-08-06T16:54:25.904678,114,58,motorcycle,0.5469,2247.7,647.2,2551.8,988.8,2399,818,none
2026-08-06T16:54:25.905222,114,24,person,0.4562,871.9,475.9,1079.2,771.1,975,623,none
2026-08-06T16:54:25.990294,115,2,person,0.7191,396.1,502.1,558.0,790.8,477,646,none
2026-08-06T16:54:25.991525,115,3,motorcycle,0.7328,400.3,626.6,553.1,857.2,476,741,none
2026-08-06T16:54:25.992297,115,41,person,0.8696,728.5,496.6,1404.8,1412.1,1066,954,none
2026-08-06T16:54:25.992884,115,11,car,0.82,772.0,488.8,911.1,645.1,841,566,none
2026-08-06T16:54:25.993438,115,29,car,0.4075,1.4,512.1,38.2,592.3,19,552,none
2026-08-06T16:54:25.994056,115,51,motorcycle,0.628,713.0,934.7,1489.3,1428.0,1101,1181,none
2026-08-06T16:54:25.994612,115,57,car,0.6642,1225.8,548.4,1355.6,741.6,1290,645,none
2026-08-06T16:54:25.995146,115,55,car,0.5661,682.8,456.6,759.7,527.7,721,492,none
2026-08-06T16:54:25.995728,115,58,motorcycle,0.5908,2233.0,628.6,2550.5,985.5,2391,807,none
2026-08-06T16:54:25.996287,115,24,person,0.4944,852.5,477.5,1055.4,749.1,953,613,none
2026-08-06T16:54:25.996854,115,52,person,0.6138,2274.4,559.3,2441.6,914.4,2357,736,none
2026-08-06T16:54:26.080543,116,2,person,0.7188,395.6,502.3,557.1,791.0,476,646,none
2026-08-06T16:54:26.081670,116,3,motorcycle,0.7325,399.7,625.7,552.6,857.0,476,741,none
2026-08-06T16:54:26.082391,116,41,person,0.8698,727.2,498.0,1393.9,1412.3,1060,955,none
2026-08-06T16:54:26.082947,116,11,car,0.8204,771.4,488.8,911.0,645.1,841,566,none
2026-08-06T16:54:26.083483,116,29,car,0.4064,1.3,511.9,38.3,592.2,19,552,none
2026-08-06T16:54:26.084076,116,51,motorcycle,0.6266,717.8,942.4,1465.6,1428.0,1091,1185,none
2026-08-06T16:54:26.084623,116,57,car,0.6638,1221.4,548.2,1353.2,740.6,1287,644,none
2026-08-06T16:54:26.085138,116,55,car,0.5668,683.3,456.7,759.5,527.8,721,492,none
2026-08-06T16:54:26.085711,116,58,motorcycle,0.5906,2228.3,622.4,2550.1,984.4,2389,803,none
2026-08-06T16:54:26.086258,116,24,person,0.4952,844.8,477.6,1053.4,743.6,949,610,none
2026-08-06T16:54:26.086814,116,52,person,0.6158,2264.5,558.6,2439.4,919.3,2351,738,none
2026-08-06T16:54:26.164275,117,2,person,0.7431,395.8,502.7,554.2,786.3,475,644,none
2026-08-06T16:54:26.165459,117,3,motorcycle,0.7751,399.3,627.5,550.1,856.2,474,741,none
2026-08-06T16:54:26.166236,117,41,person,0.8396,719.5,503.5,1376.1,1416.3,1047,959,none
2026-08-06T16:54:26.166835,117,11,car,0.7122,769.6,488.7,908.2,643.9,838,566,none
2026-08-06T16:54:26.167458,117,51,motorcycle,0.6565,709.7,926.3,1467.5,1428.5,1088,1177,none
2026-08-06T16:54:26.168026,117,57,car,0.7817,1208.1,546.9,1344.6,740.1,1276,643,none
2026-08-06T16:54:26.168571,117,55,car,0.5496,684.4,456.8,758.9,526.9,721,491,none
2026-08-06T16:54:26.169162,117,58,motorcycle,0.6127,2224.9,660.1,2509.1,976.7,2366,818,none
2026-08-06T16:54:26.169813,117,24,person,0.4219,828.5,477.0,1039.8,737.2,934,607,none
2026-08-06T16:54:26.170373,117,52,person,0.7276,2255.3,558.9,2424.3,896.5,2339,727,none
2026-08-06T16:54:26.170912,117,20,car,0.4746,195.9,506.5,336.7,639.9,266,573,none
2026-08-06T16:54:26.255234,118,2,person,0.7516,394.9,503.2,551.6,784.1,473,643,none
2026-08-06T16:54:26.256318,118,3,motorcycle,0.7624,399.1,631.4,546.7,854.7,472,743,none
2026-08-06T16:54:26.257047,118,41,person,0.8549,707.0,506.4,1351.7,1415.4,1029,960,none
2026-08-06T16:54:26.257603,118,11,car,0.6582,768.2,488.6,906.4,643.5,837,566,none
2026-08-06T16:54:26.258190,118,51,motorcycle,0.763,693.9,910.9,1455.4,1426.1,1074,1168,none
2026-08-06T16:54:26.258726,118,57,car,0.8411,1192.9,545.5,1336.2,740.3,1264,642,none
2026-08-06T16:54:26.259241,118,55,car,0.5298,685.3,456.5,758.6,526.0,721,491,none
2026-08-06T16:54:26.259796,118,58,motorcycle,0.6224,2206.9,658.2,2491.7,974.4,2349,816,none
2026-08-06T16:54:26.260333,118,24,person,0.4737,813.0,476.6,1027.3,734.3,920,605,none
2026-08-06T16:54:26.260878,118,52,person,0.6674,2235.8,557.3,2411.2,899.0,2323,728,none
2026-08-06T16:54:26.261396,118,50,car,0.4123,1435.4,577.7,1594.1,722.6,1514,650,none
2026-08-06T16:54:26.261906,118,29,car,0.4071,1.0,510.2,38.9,592.0,19,551,none
2026-08-06T16:54:26.346816,119,2,person,0.7499,394.6,503.4,550.6,783.2,472,643,none
2026-08-06T16:54:26.347919,119,3,motorcycle,0.7622,398.9,632.8,545.5,854.3,472,743,none
2026-08-06T16:54:26.348654,119,41,person,0.8549,705.3,507.6,1340.7,1415.1,1022,961,none
2026-08-06T16:54:26.349220,119,11,car,0.6564,767.8,488.6,905.7,643.4,836,565,none
2026-08-06T16:54:26.349816,119,51,motorcycle,0.7616,692.8,905.1,1446.8,1425.3,1069,1165,none
2026-08-06T16:54:26.350356,119,57,car,0.841,1185.8,545.0,1335.2,740.3,1260,642,none
2026-08-06T16:54:26.350874,119,55,car,0.5284,685.7,456.3,758.3,525.6,721,490,none
2026-08-06T16:54:26.351435,119,58,motorcycle,0.6237,2201.0,657.8,2486.6,973.8,2343,815,none
2026-08-06T16:54:26.351980,119,24,person,0.4721,806.8,476.5,1025.0,733.9,915,605,none
2026-08-06T16:54:26.352531,119,52,person,0.6679,2228.0,556.8,2407.9,899.8,2317,728,none
2026-08-06T16:54:26.353056,119,50,car,0.4113,1435.8,577.8,1596.3,722.7,1516,650,none
2026-08-06T16:54:26.353571,119,29,car,0.4025,0.9,509.8,39.1,591.9,19,550,none
2026-08-06T16:54:26.431706,120,2,person,0.6257,394.2,504.4,546.8,777.8,470,641,none
2026-08-06T16:54:26.432865,120,3,motorcycle,0.7796,399.4,636.5,543.0,853.0,471,744,none
2026-08-06T16:54:26.433621,120,41,person,0.8748,695.7,509.7,1320.1,1412.5,1007,961,none
2026-08-06T16:54:26.434214,120,11,car,0.6126,766.0,487.5,904.1,642.7,835,565,none
2026-08-06T16:54:26.434846,120,51,motorcycle,0.7587,678.6,901.6,1421.7,1424.7,1050,1163,none
2026-08-06T16:54:26.435405,120,57,car,0.8335,1179.0,544.1,1334.5,738.8,1256,641,none
2026-08-06T16:54:26.435944,120,55,car,0.519,686.2,456.1,758.1,525.2,722,490,none
2026-08-06T16:54:26.436526,120,58,motorcycle,0.7495,2171.5,615.7,2491.4,972.2,2331,793,none
2026-08-06T16:54:26.437085,120,24,person,0.4587,793.8,483.2,1008.2,730.0,900,606,none
2026-08-06T16:54:26.437656,120,52,person,0.4912,2211.5,555.8,2389.9,888.7,2300,722,none
2026-08-06T16:54:26.438198,120,20,car,0.4546,190.6,496.3,340.5,639.5,265,567,none
2026-08-06T16:54:26.520825,121,3,motorcycle,0.774,400.5,643.5,537.6,849.6,469,746,none
2026-08-06T16:54:26.522034,121,41,person,0.8848,684.3,510.5,1298.2,1409.5,991,959,none
2026-08-06T16:54:26.522635,121,11,car,0.5668,764.9,488.0,901.9,642.8,833,565,none
2026-08-06T16:54:26.523240,121,51,motorcycle,0.6989,664.8,894.5,1401.8,1424.7,1033,1159,none
2026-08-06T16:54:26.523780,121,57,car,0.8327,1170.6,544.2,1331.5,737.9,1251,641,none
2026-08-06T16:54:26.524295,121,55,car,0.5151,686.9,455.9,757.8,524.3,722,490,none
2026-08-06T16:54:26.524853,121,58,motorcycle,0.584,2154.1,624.4,2459.8,967.8,2306,796,none
2026-08-06T16:54:26.525391,121,52,person,0.6546,2197.0,554.0,2369.8,866.8,2283,710,none
2026-08-06T16:54:26.525920,121,20,truck,0.4503,189.6,494.9,339.3,638.9,264,566,none
2026-08-06T16:54:26.615100,122,3,motorcycle,0.7803,399.4,644.3,533.9,845.3,466,744,none
2026-08-06T16:54:26.616305,122,41,person,0.8754,671.5,509.9,1279.8,1413.2,975,961,none
2026-08-06T16:54:26.616912,122,11,car,0.6954,763.2,488.6,897.8,641.7,830,565,none
2026-08-06T16:54:26.617539,122,51,motorcycle,0.7676,638.9,886.6,1367.3,1424.7,1003,1155,none
2026-08-06T16:54:26.618092,122,57,car,0.8283,1160.7,544.6,1326.2,735.1,1243,639,none
2026-08-06T16:54:26.618620,122,55,car,0.5342,687.4,455.8,758.0,523.9,722,489,none
2026-08-06T16:54:26.619189,122,58,motorcycle,0.6522,2139.9,615.8,2447.9,963.4,2293,789,none
2026-08-06T16:54:26.619737,122,52,person,0.4556,2169.1,553.3,2349.8,875.4,2259,714,none
2026-08-06T16:54:26.620261,122,56,car,0.4562,1748.1,585.1,1883.1,672.2,1815,628,none
2026-08-06T16:54:26.620778,122,29,car,0.4164,0.4,508.5,38.7,590.8,19,549,none
2026-08-06T16:54:26.621312,122,2,motorcycle,0.4541,389.5,581.0,533.3,833.8,461,707,none
2026-08-06T16:54:26.621855,122,24,person,0.4303,772.1,476.5,992.2,729.2,882,602,none
2026-08-06T16:54:26.702898,123,3,motorcycle,0.7791,398.7,644.5,532.8,843.6,465,744,none
2026-08-06T16:54:26.704059,123,41,person,0.8755,669.5,509.7,1271.3,1414.6,970,962,none
2026-08-06T16:54:26.704643,123,11,car,0.6984,762.8,488.8,896.1,641.4,829,565,none
2026-08-06T16:54:26.705248,123,51,motorcycle,0.768,634.7,883.5,1349.4,1424.7,992,1154,none
2026-08-06T16:54:26.705793,123,57,car,0.828,1155.3,544.7,1326.4,734.0,1240,639,none
2026-08-06T16:54:26.706314,123,55,car,0.535,687.6,455.8,758.1,523.8,722,489,none
2026-08-06T16:54:26.706875,123,58,motorcycle,0.6525,2135.3,612.5,2443.5,961.9,2289,787,none
2026-08-06T16:54:26.707415,123,52,person,0.4496,2158.7,553.0,2343.8,878.6,2251,715,none
2026-08-06T16:54:26.707937,123,59,car,0.4119,69.3,510.3,142.4,577.8,105,544,none
2026-08-06T16:54:26.708460,123,56,car,0.4537,1747.7,585.2,1885.1,672.1,1816,628,none
2026-08-06T16:54:26.708972,123,29,car,0.4148,0.3,508.3,38.7,590.7,19,549,none
2026-08-06T16:54:26.709503,123,2,motorcycle,0.4505,387.5,596.9,531.6,846.4,459,721,none
2026-08-06T16:54:26.710042,123,24,person,0.4329,767.5,474.5,990.9,730.4,879,602,none
2026-08-06T16:54:26.790556,124,3,motorcycle,0.8073,397.3,642.8,531.6,841.0,464,741,none
2026-08-06T16:54:26.791721,124,41,person,0.8972,662.5,513.4,1250.1,1406.3,956,959,none
2026-08-06T16:54:26.792320,124,11,car,0.5845,761.8,488.9,893.6,640.8,827,564,none
2026-08-06T16:54:26.792937,124,51,motorcycle,0.6949,627.9,871.9,1342.4,1426.6,985,1149,none
2026-08-06T16:54:26.793476,124,57,car,0.8834,1144.9,547.4,1319.3,732.6,1232,640,none
2026-08-06T16:54:26.793996,124,55,car,0.5418,688.1,456.1,757.6,523.1,722,489,none
2026-08-06T16:54:26.794553,124,58,motorcycle,0.7318,2136.6,644.4,2418.0,960.9,2277,802,none
2026-08-06T16:54:26.795100,124,52,person,0.6578,2146.0,550.1,2338.8,888.3,2242,719,none
2026-08-06T16:54:26.795619,124,59,car,0.4229,70.0,509.8,143.4,577.5,106,543,none
2026-08-06T16:54:26.796136,124,29,car,0.4336,0.1,508.0,38.5,590.5,19,549,none
2026-08-06T16:54:26.796672,124,50,car,0.4345,1440.9,577.4,1605.6,722.5,1523,649,none
2026-08-06T16:54:26.880801,125,3,motorcycle,0.7462,393.7,638.7,530.0,839.9,461,739,none
2026-08-06T16:54:26.882092,125,41,person,0.8647,653.8,511.7,1229.4,1395.3,941,953,none
2026-08-06T16:54:26.882736,125,11,car,0.4976,759.2,488.5,888.5,638.3,823,563,none
2026-08-06T16:54:26.883385,125,51,motorcycle,0.7668,614.2,860.7,1327.6,1427.4,970,1144,none
2026-08-06T16:54:26.883958,125,57,car,0.9078,1137.2,548.7,1315.1,730.4,1226,639,none
2026-08-06T16:54:26.884500,125,55,car,0.5535,688.9,456.6,757.6,522.6,723,489,none
2026-08-06T16:54:26.885075,125,58,motorcycle,0.6755,2133.9,661.9,2399.3,956.6,2266,809,none
2026-08-06T16:54:26.885637,125,52,person,0.6789,2135.5,548.3,2326.5,881.9,2230,715,none
2026-08-06T16:54:26.886171,125,59,car,0.4073,71.3,509.4,145.1,577.2,108,543,none
2026-08-06T16:54:26.886708,125,29,car,0.4081,0.0,507.2,38.4,590.2,19,548,none
2026-08-06T16:54:26.887249,125,50,car,0.4309,1437.4,577.1,1605.4,721.3,1521,649,none
2026-08-06T16:54:26.887800,125,2,person,0.4626,383.3,538.5,532.0,796.6,457,667,none
2026-08-06T16:54:26.998404,126,3,motorcycle,0.7449,392.4,637.1,529.5,839.6,460,738,none
2026-08-06T16:54:26.999527,126,41,person,0.8639,652.7,511.1,1220.7,1391.2,936,951,none
2026-08-06T16:54:27.000143,126,11,car,0.4998,758.5,488.4,886.4,637.4,822,562,none
2026-08-06T16:54:27.000761,126,51,motorcycle,0.7678,614.2,856.6,1317.8,1427.8,965,1142,none
2026-08-06T16:54:27.001308,126,57,car,0.9077,1132.7,549.2,1315.7,729.6,1224,639,none
2026-08-06T16:54:27.001825,126,55,car,0.5558,689.1,456.8,757.6,522.4,723,489,none
2026-08-06T16:54:27.002387,126,58,motorcycle,0.6777,2132.5,668.1,2394.3,955.1,2263,811,none
2026-08-06T16:54:27.002935,126,52,person,0.6778,2131.9,547.7,2322.4,879.6,2227,713,none
2026-08-06T16:54:27.003457,126,59,car,0.4043,71.7,509.3,145.7,577.1,108,543,none
2026-08-06T16:54:27.003971,126,29,car,0.4106,0.0,507.0,38.3,590.0,19,548,none
2026-08-06T16:54:27.004495,126,50,car,0.4288,1435.2,577.0,1606.2,720.8,1520,648,none
2026-08-06T16:54:27.005028,126,2,person,0.4663,382.5,524.6,532.4,785.4,457,655,none
2026-08-06T16:54:27.081969,127,3,motorcycle,0.7614,392.3,636.4,529.2,838.3,460,737,none
2026-08-06T16:54:27.083233,127,41,person,0.8687,642.1,508.7,1203.6,1386.6,922,947,none
2026-08-06T16:54:27.083963,127,51,motorcycle,0.8066,595.8,833.3,1309.0,1426.3,952,1129,none
2026-08-06T16:54:27.084547,127,57,car,0.8911,1125.7,548.7,1313.5,728.0,1219,638,none
2026-08-06T16:54:27.085087,127,55,car,0.5374,691.2,456.7,757.5,519.8,724,488,none
2026-08-06T16:54:27.085657,127,58,motorcycle,0.6353,2114.5,666.6,2375.9,952.5,2245,809,none
2026-08-06T16:54:27.086212,127,52,person,0.7038,2119.7,548.1,2308.2,874.6,2213,711,none
2026-08-06T16:54:27.086735,127,59,car,0.4016,71.8,508.1,146.7,576.4,109,542,none
2026-08-06T16:54:27.087253,127,29,car,0.4387,0.0,507.3,38.1,589.8,19,548,none
2026-08-06T16:54:27.087780,127,50,car,0.438,1438.9,576.6,1612.4,722.1,1525,649,none
2026-08-06T16:54:27.088319,127,2,person,0.5855,379.6,521.4,528.9,779.8,454,650,none
2026-08-06T16:54:27.173363,128,3,motorcycle,0.6977,388.2,629.6,527.3,834.9,457,732,none
2026-08-06T16:54:27.174623,128,41,person,0.8616,637.7,506.8,1181.5,1363.2,909,935,none
2026-08-06T16:54:27.175366,128,51,motorcycle,0.7849,584.1,820.9,1295.0,1427.3,939,1124,none
2026-08-06T16:54:27.175967,128,57,car,0.879,1118.8,547.3,1312.4,727.1,1215,637,none
2026-08-06T16:54:27.176529,128,55,car,0.5325,693.3,456.1,757.8,516.6,725,486,none
2026-08-06T16:54:27.177113,128,58,motorcycle,0.621,2097.0,663.1,2359.1,948.5,2228,805,none
2026-08-06T16:54:27.177683,128,52,person,0.63,2098.1,552.7,2286.2,875.8,2192,714,none
2026-08-06T16:54:27.178243,128,2,person,0.7235,373.3,507.9,525.0,768.7,449,638,none
2026-08-06T16:54:27.265729,129,3,motorcycle,0.697,386.5,626.8,526.6,833.7,456,730,none
2026-08-06T16:54:27.266937,129,41,person,0.8614,637.8,506.2,1172.7,1354.4,905,930,none
2026-08-06T16:54:27.267628,129,51,motorcycle,0.785,585.1,816.2,1284.9,1427.6,934,1121,none
2026-08-06T16:54:27.268206,129,57,car,0.8805,1115.1,546.9,1313.6,726.8,1214,636,none
2026-08-06T16:54:27.268752,129,55,car,0.5338,693.8,455.9,758.1,515.4,725,485,none
2026-08-06T16:54:27.269326,129,58,motorcycle,0.6133,2090.1,660.4,2354.5,947.1,2222,803,none
2026-08-06T16:54:27.269888,129,52,person,0.6199,2090.1,554.4,2278.6,876.1,2184,715,none
2026-08-06T16:54:27.270444,129,2,person,0.7188,370.8,503.0,523.9,764.8,447,633,none
2026-08-06T16:54:27.270991,129,61,car,0.4659,848.4,477.5,936.3,580.5,892,528,none
2026-08-06T16:54:27.271537,129,50,car,0.4056,1441.8,576.9,1617.3,723.5,1529,650,none
2026-08-06T16:54:27.350565,130,3,motorcycle,0.7344,387.1,630.3,523.3,832.0,455,731,none
2026-08-06T16:54:27.351811,130,41,person,0.863,631.5,503.6,1158.9,1346.6,895,925,none
2026-08-06T16:54:27.352508,130,51,motorcycle,0.7487,603.6,853.4,1249.3,1427.7,926,1140,none
2026-08-06T16:54:27.353087,130,57,car,0.8959,1112.4,547.0,1313.9,725.7,1213,636,none
2026-08-06T16:54:27.353628,130,55,car,0.5358,694.2,455.8,759.2,515.2,726,485,none
2026-08-06T16:54:27.354184,130,58,motorcycle,0.5894,2082.5,664.4,2340.2,942.6,2211,803,none
2026-08-06T16:54:27.354752,130,52,person,0.5604,2076.2,555.3,2274.9,894.5,2175,724,none
2026-08-06T16:54:27.355301,130,2,person,0.7446,370.3,502.1,523.3,762.2,446,632,none
2026-08-06T16:54:27.355830,130,50,car,0.4736,1445.8,576.4,1623.3,724.1,1534,650,none
2026-08-06T16:54:27.441426,131,3,motorcycle,0.6891,386.1,630.6,521.0,830.6,453,730,none
2026-08-06T16:54:27.442641,131,41,person,0.8657,615.5,501.6,1145.6,1357.8,880,929,none
2026-08-06T16:54:27.443325,131,51,motorcycle,0.7727,597.5,857.9,1225.1,1427.7,911,1142,none
2026-08-06T16:54:27.443911,131,57,car,0.8869,1108.2,545.7,1312.3,723.0,1210,634,none
2026-08-06T16:54:27.444458,131,55,car,0.5155,694.1,455.5,760.5,515.3,727,485,none
2026-08-06T16:54:27.445030,131,58,motorcycle,0.6249,2063.7,664.0,2318.3,938.2,2191,801,none
2026-08-06T16:54:27.445599,131,52,person,0.7261,2064.8,549.6,2255.9,874.3,2160,711,none
2026-08-06T16:54:27.446154,131,2,person,0.7193,369.2,501.9,523.8,763.1,446,632,none
2026-08-06T16:54:27.446693,131,50,car,0.4154,1449.3,576.7,1628.2,725.5,1538,651,none
2026-08-06T16:54:27.447231,131,29,car,0.4098,1.2,510.2,36.8,586.5,18,548,none
2026-08-06T16:54:27.532319,132,3,motorcycle,0.6574,384.4,629.9,517.7,827.8,451,728,none
2026-08-06T16:54:27.533592,132,41,person,0.8585,600.0,501.7,1132.5,1370.9,866,936,none
2026-08-06T16:54:27.534306,132,51,motorcycle,0.7321,588.2,855.1,1204.7,1426.9,896,1141,none
2026-08-06T16:54:27.534893,132,57,car,0.8687,1106.2,546.1,1311.7,721.3,1208,633,none
2026-08-06T16:54:27.535450,132,55,car,0.5047,693.1,455.1,762.1,516.7,727,485,none
2026-08-06T16:54:27.536020,132,58,motorcycle,0.6402,2050.4,664.2,2302.6,934.7,2176,799,none
2026-08-06T16:54:27.536584,132,52,person,0.6875,2055.0,549.6,2240.3,862.9,2147,706,none
2026-08-06T16:54:27.537137,132,2,person,0.7591,368.4,502.7,522.7,761.3,445,631,none
2026-08-06T16:54:27.537674,132,50,car,0.4645,1456.3,576.0,1628.7,718.0,1542,646,none
2026-08-06T16:54:27.538197,132,29,car,0.4636,1.6,511.1,36.6,585.4,19,548,none
2026-08-06T16:54:27.538718,132,59,car,0.4145,69.3,506.4,144.3,574.6,106,540,none
2026-08-06T16:54:27.623009,133,3,motorcycle,0.6544,383.8,629.7,516.6,826.8,450,728,none
2026-08-06T16:54:27.624328,133,41,person,0.8588,596.1,501.8,1126.5,1376.1,861,938,none
2026-08-06T16:54:27.625027,133,51,motorcycle,0.7335,588.6,854.1,1194.1,1426.5,891,1140,none
2026-08-06T16:54:27.625686,133,57,car,0.8687,1104.6,546.3,1312.6,720.7,1208,633,none
2026-08-06T16:54:27.626218,133,55,car,0.5048,692.5,454.9,762.8,517.1,727,486,none
2026-08-06T16:54:27.626778,133,58,motorcycle,0.6399,2045.7,664.1,2297.7,933.6,2171,798,none
2026-08-06T16:54:27.627330,133,52,person,0.6876,2051.6,549.7,2235.4,858.9,2143,704,none
2026-08-06T16:54:27.627869,133,2,person,0.7589,367.9,503.2,522.6,760.7,445,631,none
2026-08-06T16:54:27.628398,133,50,car,0.4641,1453.3,576.3,1630.9,722.5,1542,649,none
2026-08-06T16:54:27.628930,133,29,car,0.4653,1.6,511.5,36.6,585.0,19,548,none
2026-08-06T16:54:27.629451,133,59,car,0.4157,69.0,506.3,144.1,574.6,106,540,none
2026-08-06T16:54:27.723222,134,3,motorcycle,0.6714,383.8,628.7,515.9,825.4,449,727,none
2026-08-06T16:54:27.724570,134,41,person,0.8529,589.7,500.6,1113.3,1372.6,851,936,none
2026-08-06T16:54:27.725308,134,51,motorcycle,0.8145,578.3,836.5,1191.0,1428.3,884,1132,none
2026-08-06T16:54:27.725915,134,57,car,0.8524,1100.0,541.2,1314.6,719.1,1207,630,none
2026-08-06T16:54:27.726473,134,55,car,0.4858,692.0,454.7,764.4,518.4,728,486,none
2026-08-06T16:54:27.727053,134,58,motorcycle,0.7563,2029.9,656.5,2285.8,930.8,2157,793,none
2026-08-06T16:54:27.727624,134,52,person,0.6826,2038.1,548.7,2223.8,861.9,2130,705,none
2026-08-06T16:54:27.728175,134,2,person,0.775,367.4,498.5,524.3,760.8,445,629,none
2026-08-06T16:54:27.728716,134,50,car,0.4965,1454.7,574.6,1636.9,724.8,1545,649,none
2026-08-06T16:54:27.729244,134,29,car,0.4231,1.5,511.3,36.8,584.8,19,548,none
2026-08-06T16:54:27.815699,135,3,motorcycle,0.6981,383.8,628.2,514.6,823.2,449,725,none
2026-08-06T16:54:27.817030,135,41,person,0.8672,580.6,496.1,1099.7,1369.8,840,932,none
2026-08-06T16:54:27.817743,135,51,motorcycle,0.7366,583.8,869.7,1155.1,1428.8,869,1149,none
2026-08-06T16:54:27.818329,135,57,car,0.855,1094.6,538.4,1313.2,717.6,1203,628,none
2026-08-06T16:54:27.818890,135,55,car,0.5053,689.5,454.3,769.1,524.4,729,489,none
2026-08-06T16:54:27.819466,135,58,motorcycle,0.7014,2013.4,645.3,2278.2,929.0,2145,787,none
2026-08-06T16:54:27.820028,135,52,person,0.6747,2023.1,547.2,2212.4,865.3,2117,706,none
2026-08-06T16:54:27.820571,135,2,person,0.6668,369.4,497.3,523.2,754.9,446,626,none
2026-08-06T16:54:27.821114,135,50,car,0.5422,1456.2,572.8,1641.7,725.8,1548,649,none
2026-08-06T16:54:27.821660,135,62,car,0.4412,1152.2,476.3,1414.8,684.1,1283,580,none
2026-08-06T16:54:27.822207,135,42,truck,0.5267,2146.6,454.2,2560.0,697.8,2353,575,none
2026-08-06T16:54:27.907205,136,3,motorcycle,0.6962,383.9,628.0,514.1,822.5,448,725,none
2026-08-06T16:54:27.908396,136,41,person,0.8665,579.2,494.4,1093.3,1368.3,836,931,none
2026-08-06T16:54:27.909058,136,51,motorcycle,0.7361,588.3,882.1,1140.3,1429.0,864,1155,none
2026-08-06T16:54:27.909623,136,57,car,0.8551,1092.0,537.4,1313.3,717.1,1202,627,none
2026-08-06T16:54:27.910170,136,55,car,0.5051,688.7,454.2,770.7,526.5,729,490,none
2026-08-06T16:54:27.910737,136,58,motorcycle,0.7001,2007.5,641.0,2275.9,928.4,2141,784,none
2026-08-06T16:54:27.911289,136,52,person,0.6731,2017.7,546.7,2208.7,866.6,2113,706,none
2026-08-06T16:54:27.911832,136,2,person,0.6685,370.3,497.0,522.7,752.8,446,624,none
2026-08-06T16:54:27.912362,136,50,car,0.5429,1456.9,572.1,1643.4,726.2,1550,649,none
2026-08-06T16:54:27.912898,136,62,car,0.4423,1152.8,476.0,1415.5,684.0,1284,579,none
2026-08-06T16:54:27.913442,136,42,truck,0.5292,2157.1,454.2,2560.0,698.3,2358,576,none
2026-08-06T16:54:27.990688,137,3,motorcycle,0.6651,382.2,628.0,511.8,821.6,446,724,none
2026-08-06T16:54:27.991995,137,41,person,0.8763,575.8,491.0,1081.7,1359.5,828,925,none
2026-08-06T16:54:27.992697,137,51,motorcycle,0.6884,568.3,856.0,1135.5,1428.4,851,1142,none
2026-08-06T16:54:27.993290,137,57,car,0.8809,1088.9,538.4,1311.3,717.5,1200,627,none
2026-08-06T16:54:27.993846,137,55,car,0.5153,689.0,454.0,772.7,528.4,730,491,none
2026-08-06T16:54:27.994423,137,58,motorcycle,0.6472,1997.2,646.8,2258.0,926.4,2127,786,none
2026-08-06T16:54:27.994983,137,52,person,0.6264,2015.3,546.3,2195.8,845.3,2105,695,none
2026-08-06T16:54:27.995534,137,2,person,0.7432,368.2,494.5,522.4,754.6,445,624,none
2026-08-06T16:54:27.996081,137,50,car,0.5303,1459.7,571.9,1641.0,721.5,1550,646,none
2026-08-06T16:54:27.996637,137,42,truck,0.4957,2155.4,450.0,2560.0,698.0,2357,573,none
2026-08-06T16:54:28.081417,138,3,motorcycle,0.6445,381.6,626.8,510.8,820.4,446,723,none
2026-08-06T16:54:28.082611,138,41,person,0.8721,573.1,490.9,1062.3,1337.0,817,913,none
2026-08-06T16:54:28.083299,138,51,motorcycle,0.7614,544.3,823.0,1131.7,1429.7,838,1126,none
2026-08-06T16:54:28.083873,138,57,car,0.8877,1084.8,538.8,1308.5,717.6,1196,628,none
2026-08-06T16:54:28.084420,138,55,car,0.513,686.8,453.4,774.4,532.0,730,492,none
2026-08-06T16:54:28.084994,138,58,motorcycle,0.5465,1965.2,609.7,2252.7,921.7,2108,765,none
2026-08-06T16:54:28.085538,138,52,person,0.5003,1996.6,545.8,2182.0,852.1,2089,698,none
2026-08-06T16:54:28.086082,138,2,person,0.7164,367.1,493.6,520.0,752.2,443,622,none
2026-08-06T16:54:28.086620,138,50,car,0.5453,1461.8,572.0,1640.9,719.2,1551,645,none
2026-08-06T16:54:28.087171,138,42,truck,0.5543,2167.4,451.6,2560.0,695.7,2363,573,none
2026-08-06T16:54:28.173473,139,3,motorcycle,0.6434,381.5,626.3,510.4,820.0,445,723,none
2026-08-06T16:54:28.174824,139,41,person,0.872,573.4,490.9,1054.8,1329.5,814,910,none
2026-08-06T16:54:28.175580,139,51,motorcycle,0.7609,539.4,810.5,1126.6,1430.2,832,1120,none
2026-08-06T16:54:28.176194,139,57,car,0.8885,1082.9,538.9,1308.0,717.6,1195,628,none
2026-08-06T16:54:28.176762,139,55,car,0.5133,686.2,453.2,774.8,533.4,730,493,none
2026-08-06T16:54:28.177364,139,58,motorcycle,0.5471,1954.4,596.6,2249.3,920.0,2101,758,none
2026-08-06T16:54:28.177957,139,52,person,0.5022,1990.0,545.6,2177.4,854.5,2083,700,none
2026-08-06T16:54:28.178527,139,2,person,0.7145,366.9,493.3,519.1,751.3,443,622,none
2026-08-06T16:54:28.179079,139,50,car,0.5447,1462.4,572.0,1640.8,718.4,1551,645,none
2026-08-06T16:54:28.179637,139,42,truck,0.5542,2173.5,452.3,2560.0,694.7,2366,573,none
2026-08-06T16:54:28.257556,140,3,motorcycle,0.5268,377.3,617.8,510.4,818.0,443,717,none
2026-08-06T16:54:28.258782,140,41,person,0.867,567.3,489.8,1041.9,1321.5,804,905,none
2026-08-06T16:54:28.259471,140,51,motorcycle,0.707,538.4,819.2,1106.6,1430.9,822,1125,none
2026-08-06T16:54:28.260044,140,57,car,0.8778,1080.4,539.0,1305.7,717.0,1193,627,none
2026-08-06T16:54:28.260582,140,55,car,0.4624,687.5,452.7,775.6,532.9,731,492,none
2026-08-06T16:54:28.261157,140,58,motorcycle,0.5837,1961.4,622.0,2231.5,918.7,2096,770,none
2026-08-06T16:54:28.261723,140,52,person,0.6945,1975.0,544.1,2167.2,863.0,2071,703,none
2026-08-06T16:54:28.262282,140,2,person,0.7336,362.7,488.4,518.5,753.6,440,621,none
2026-08-06T16:54:28.262827,140,50,car,0.4826,1466.4,571.3,1643.9,716.6,1555,643,none
2026-08-06T16:54:28.263370,140,42,truck,0.4077,2176.2,452.1,2559.1,691.8,2367,571,none
2026-08-06T16:54:28.350075,141,3,motorcycle,0.5825,375.4,616.8,508.4,816.6,441,716,none
2026-08-06T16:54:28.351254,141,41,person,0.8676,568.4,485.1,1015.9,1267.7,792,876,none
2026-08-06T16:54:28.351950,141,51,motorcycle,0.6935,544.8,845.8,1079.0,1429.7,811,1137,none
2026-08-06T16:54:28.352528,141,57,car,0.8706,1077.5,538.7,1303.4,716.6,1190,627,none
2026-08-06T16:54:28.353077,141,55,car,0.4226,693.3,452.4,773.8,525.4,733,488,none
2026-08-06T16:54:28.353659,141,58,motorcycle,0.6361,1960.0,629.4,2219.5,913.1,2089,771,none
2026-08-06T16:54:28.354213,141,52,person,0.7141,1965.9,544.0,2155.2,859.1,2060,701,none
2026-08-06T16:54:28.354757,141,2,person,0.6963,357.5,486.0,515.7,755.5,436,620,none
2026-08-06T16:54:28.355308,141,42,truck,0.5181,2176.1,451.0,2559.2,690.7,2367,570,none
2026-08-06T16:54:28.442455,142,3,motorcycle,0.4976,372.7,613.0,506.9,814.2,439,713,none
2026-08-06T16:54:28.443739,142,41,person,0.8638,561.6,479.1,998.4,1242.6,779,860,none
2026-08-06T16:54:28.444477,142,51,motorcycle,0.7448,535.6,840.0,1065.6,1429.3,800,1134,none
2026-08-06T16:54:28.445082,142,57,car,0.8385,1073.7,536.6,1299.2,713.5,1186,625,none
2026-08-06T16:54:28.445680,142,58,motorcycle,0.6287,1949.5,644.2,2191.7,908.0,2070,776,none
2026-08-06T16:54:28.446255,142,52,person,0.7647,1949.3,542.2,2142.9,866.6,2046,704,none
2026-08-06T16:54:28.446826,142,2,person,0.6308,360.1,485.2,517.3,754.8,438,620,none
2026-08-06T16:54:28.447389,142,42,truck,0.5832,2184.9,449.6,2560.0,690.6,2372,570,none
2026-08-06T16:54:28.447938,142,64,person,0.5254,968.3,546.5,1027.6,659.6,997,603,none
2026-08-06T16:54:28.448490,142,50,car,0.4043,1467.4,569.7,1654.1,723.6,1560,646,none
2026-08-06T16:54:28.535294,143,3,motorcycle,0.5014,371.7,611.8,506.4,813.4,439,712,none
2026-08-06T16:54:28.536658,143,41,person,0.8638,559.3,477.0,992.6,1233.8,775,855,none
2026-08-06T16:54:28.537411,143,51,motorcycle,0.7446,535.1,838.3,1058.1,1429.2,796,1133,none
2026-08-06T16:54:28.538025,143,57,car,0.8388,1072.2,535.8,1298.1,712.3,1185,624,none
2026-08-06T16:54:28.538630,143,58,motorcycle,0.6285,1946.0,649.8,2182.3,906.2,2064,777,none
2026-08-06T16:54:28.539225,143,52,person,0.7648,1943.7,541.5,2138.3,869.4,2040,705,none
2026-08-06T16:54:28.539804,143,2,person,0.6385,361.5,485.1,517.7,754.5,439,619,none
2026-08-06T16:54:28.540367,143,42,truck,0.5839,2188.7,449.1,2560.0,690.6,2374,569,none
2026-08-06T16:54:28.540902,143,64,person,0.5217,968.0,546.4,1027.4,659.7,997,603,none
2026-08-06T16:54:28.541470,143,65,motorcycle,0.4378,358.5,539.0,513.3,817.3,435,678,none
2026-08-06T16:54:28.542018,143,50,car,0.4041,1467.8,569.4,1655.7,725.3,1561,647,none
2026-08-06T16:54:28.619712,144,3,motorcycle,0.4992,371.0,610.6,504.9,810.4,437,710,none
2026-08-06T16:54:28.621005,144,41,person,0.8862,553.6,475.7,984.1,1227.7,768,851,none
2026-08-06T16:54:28.621715,144,51,motorcycle,0.6173,527.1,834.0,1045.7,1429.1,786,1131,none
2026-08-06T16:54:28.622309,144,57,car,0.8041,1070.4,535.9,1296.4,711.8,1183,623,none
2026-08-06T16:54:28.622896,144,58,motorcycle,0.713,1935.2,651.7,2168.6,903.0,2051,777,none
2026-08-06T16:54:28.623453,144,52,person,0.5567,1938.4,541.3,2123.9,853.3,2031,697,none
2026-08-06T16:54:28.624006,144,2,person,0.6577,358.3,485.7,513.2,753.5,435,619,none
2026-08-06T16:54:28.624559,144,42,truck,0.4509,2186.8,449.1,2560.0,690.7,2373,569,none
2026-08-06T16:54:28.625091,144,64,person,0.5327,967.0,547.8,1024.5,657.5,995,602,none
2026-08-06T16:54:28.625633,144,65,motorcycle,0.4011,358.1,536.4,512.7,814.3,435,675,none
2026-08-06T16:54:28.712175,145,3,motorcycle,0.5583,373.7,614.3,503.0,806.8,438,710,none
2026-08-06T16:54:28.713412,145,41,person,0.9002,544.1,478.5,972.2,1226.6,758,852,none
2026-08-06T16:54:28.714140,145,51,motorcycle,0.566,506.9,810.2,1035.4,1428.9,771,1119,none
2026-08-06T16:54:28.714758,145,57,car,0.8377,1068.5,536.8,1294.7,712.0,1181,624,none
2026-08-06T16:54:28.715353,145,58,motorcycle,0.7091,1920.0,634.4,2165.7,899.7,2042,767,none
2026-08-06T16:54:28.715931,145,52,person,0.5163,1930.4,541.2,2109.7,840.1,2020,690,none
2026-08-06T16:54:28.716501,145,2,person,0.7182,360.5,489.6,511.9,751.6,436,620,none
2026-08-06T16:54:28.717066,145,42,truck,0.5248,2200.9,451.0,2560.0,690.7,2380,570,none
2026-08-06T16:54:28.717610,145,64,person,0.5755,963.8,546.4,1021.6,656.7,992,601,none
2026-08-06T16:54:28.718156,145,65,motorcycle,0.4159,365.7,570.8,501.8,813.7,433,692,none
2026-08-06T16:54:28.808533,146,3,motorcycle,0.5563,374.8,615.8,502.5,805.5,438,710,none
2026-08-06T16:54:28.809827,146,41,person,0.9002,540.9,479.6,968.1,1226.4,754,853,none
2026-08-06T16:54:28.810556,146,51,motorcycle,0.5654,502.5,801.0,1028.9,1428.8,765,1114,none
2026-08-06T16:54:28.811154,146,57,car,0.8378,1067.6,537.2,1294.5,712.1,1181,624,none
2026-08-06T16:54:28.811740,146,58,motorcycle,0.7089,1914.9,628.1,2164.6,898.5,2039,763,none
2026-08-06T16:54:28.812317,146,52,person,0.516,1927.6,541.3,2105.3,835.2,2016,688,none
2026-08-06T16:54:28.812861,146,2,person,0.7213,361.4,491.1,511.4,750.9,436,621,none
2026-08-06T16:54:28.813413,146,42,truck,0.5237,2207.1,451.7,2560.0,690.7,2383,571,none
2026-08-06T16:54:28.813943,146,64,person,0.5756,962.9,545.9,1020.7,656.5,991,601,none
2026-08-06T16:54:28.814479,146,65,motorcycle,0.418,367.7,582.3,498.7,813.8,433,698,none
2026-08-06T16:54:28.892020,147,3,motorcycle,0.5652,374.3,613.7,502.2,803.3,438,708,none
2026-08-06T16:54:28.893252,147,41,person,0.8912,536.9,481.4,959.2,1219.7,748,850,none
2026-08-06T16:54:28.893961,147,51,motorcycle,0.6604,502.0,806.8,1015.7,1429.0,758,1117,none
2026-08-06T16:54:28.894553,147,57,car,0.8383,1065.7,536.6,1294.0,711.9,1179,624,none
2026-08-06T16:54:28.895140,147,58,motorcycle,0.744,1912.5,644.8,2146.2,896.4,2029,770,none
2026-08-06T16:54:28.895716,147,52,person,0.7121,1914.4,541.4,2096.9,843.8,2005,692,none
2026-08-06T16:54:28.896274,147,2,person,0.713,361.2,493.2,509.3,750.4,435,621,none
2026-08-06T16:54:28.896819,147,64,person,0.6301,960.8,544.6,1019.0,656.6,989,600,none
2026-08-06T16:54:28.897353,147,55,car,0.4272,707.3,451.3,772.0,508.7,739,480,none
2026-08-06T16:54:29.000730,148,3,motorcycle,0.5977,372.7,611.5,502.4,803.8,437,707,none
2026-08-06T16:54:29.001965,148,41,person,0.8796,530.9,481.9,950.9,1216.0,740,848,none
2026-08-06T16:54:29.002669,148,51,motorcycle,0.7416,499.4,811.1,999.9,1426.3,749,1118,none
2026-08-06T16:54:29.003252,148,57,car,0.806,1064.4,535.6,1293.4,710.6,1178,623,none
2026-08-06T16:54:29.003829,148,58,motorcycle,0.6833,1903.0,659.3,2122.2,893.5,2012,776,none
2026-08-06T16:54:29.004403,148,52,person,0.7614,1904.9,540.2,2085.7,839.0,1995,689,none
2026-08-06T16:54:29.004960,148,2,person,0.7314,361.8,494.2,507.5,747.6,434,620,none
2026-08-06T16:54:29.005501,148,64,person,0.6511,959.5,544.4,1017.5,657.0,988,600,none
2026-08-06T16:54:29.006040,148,59,car,0.4293,71.2,503.9,134.9,561.6,103,532,none
2026-08-06T16:54:29.006581,148,50,car,0.4375,1483.8,566.5,1673.2,724.2,1578,645,none
2026-08-06T16:54:29.007116,148,42,truck,0.5625,2210.8,451.0,2560.0,689.4,2385,570,none
2026-08-06T16:54:29.091356,149,3,motorcycle,0.597,372.1,610.7,502.5,804.1,437,707,none
2026-08-06T16:54:29.092639,149,41,person,0.8798,529.0,482.1,948.2,1214.6,738,848,none
2026-08-06T16:54:29.093358,149,51,motorcycle,0.7424,500.7,812.8,992.4,1425.2,746,1118,none
2026-08-06T16:54:29.093953,149,57,car,0.8058,1063.8,535.2,1293.5,710.1,1178,622,none
2026-08-06T16:54:29.094533,149,58,motorcycle,0.6842,1899.6,664.6,2114.5,892.6,2007,778,none
2026-08-06T16:54:29.095100,149,52,person,0.7606,1901.6,539.7,2081.9,837.1,1991,688,none
2026-08-06T16:54:29.095657,149,2,person,0.7317,362.1,494.5,506.8,746.6,434,620,none
2026-08-06T16:54:29.096199,149,64,person,0.6513,959.2,544.3,1016.8,657.2,988,600,none
2026-08-06T16:54:29.096738,149,59,car,0.4302,71.2,503.9,134.8,561.3,102,532,none
2026-08-06T16:54:29.097290,149,50,car,0.4366,1485.4,566.3,1674.2,724.0,1579,645,none
2026-08-06T16:54:29.097851,149,42,truck,0.5617,2212.1,450.9,2560.0,689.1,2386,569,none
2026-08-06T16:54:29.176500,150,3,motorcycle,0.6321,368.3,601.5,502.3,801.5,435,701,none
2026-08-06T16:54:29.177701,150,41,person,0.8907,527.1,483.3,935.9,1195.6,731,839,none
2026-08-06T16:54:29.178401,150,51,motorcycle,0.5957,506.4,823.9,976.6,1416.4,741,1120,none
2026-08-06T16:54:29.178990,150,57,car,0.8257,1061.1,533.6,1291.7,708.4,1176,621,none
2026-08-06T16:54:29.179576,150,58,motorcycle,0.572,1889.8,664.6,2104.8,891.8,1997,778,none
2026-08-06T16:54:29.180156,150,52,person,0.6887,1890.0,540.4,2069.8,837.8,1979,689,none
2026-08-06T16:54:29.180724,150,2,person,0.6543,361.1,494.1,505.4,746.3,433,620,none
2026-08-06T16:54:29.181273,150,64,person,0.6722,958.0,543.4,1015.9,657.8,986,600,none
2026-08-06T16:54:29.181810,150,59,car,0.4142,71.5,503.8,134.7,560.7,103,532,none
2026-08-06T16:54:29.182361,150,50,car,0.4048,1490.9,566.9,1673.6,719.4,1582,643,none
2026-08-06T16:54:29.182918,150,42,truck,0.6693,2215.4,450.5,2560.0,690.2,2387,570,none
2026-08-06T16:54:29.269675,151,3,motorcycle,0.6827,367.1,600.0,499.9,799.5,433,699,none
2026-08-06T16:54:29.270873,151,41,person,0.8839,513.5,482.7,927.9,1206.9,720,844,none
2026-08-06T16:54:29.271564,151,51,motorcycle,0.6461,509.6,831.8,960.7,1406.6,735,1119,none
2026-08-06T16:54:29.272151,151,57,car,0.831,1059.4,532.6,1289.9,706.7,1174,619,none
2026-08-06T16:54:29.272741,151,58,motorcycle,0.49,1874.5,652.2,2097.2,888.7,1985,770,none
2026-08-06T16:54:29.273317,151,52,person,0.7062,1880.4,539.1,2061.7,841.1,1971,690,none
2026-08-06T16:54:29.273862,151,2,person,0.642,362.0,493.9,504.2,743.0,433,618,none
2026-08-06T16:54:29.274394,151,64,person,0.653,956.4,542.1,1014.4,657.8,985,599,none
2026-08-06T16:54:29.274939,151,50,car,0.4629,1494.4,567.7,1675.9,719.6,1585,643,none
2026-08-06T16:54:29.275492,151,42,truck,0.5665,2215.5,449.9,2560.0,688.9,2387,569,none
2026-08-06T16:54:29.276044,151,62,truck,0.4006,1166.8,469.8,1431.3,677.9,1299,573,none
2026-08-06T16:54:29.363140,152,3,motorcycle,0.6102,367.4,601.2,497.5,797.6,432,699,none
2026-08-06T16:54:29.364403,152,41,person,0.8763,505.6,481.8,914.0,1195.9,709,838,none
2026-08-06T16:54:29.365113,152,51,motorcycle,0.6852,496.0,815.2,944.7,1395.2,720,1105,none
2026-08-06T16:54:29.365691,152,57,car,0.8582,1058.1,532.8,1286.4,704.8,1172,618,none
2026-08-06T16:54:29.366263,152,58,motorcycle,0.6081,1854.3,630.6,2093.5,887.3,1973,758,none
2026-08-06T16:54:29.366821,152,52,person,0.6401,1869.8,536.6,2043.5,824.3,1956,680,none
2026-08-06T16:54:29.367365,152,2,person,0.6834,362.6,493.8,503.8,742.0,433,617,none
2026-08-06T16:54:29.367889,152,64,person,0.6419,955.2,541.1,1013.0,657.6,984,599,none
2026-08-06T16:54:29.368470,152,50,car,0.5011,1498.2,567.4,1679.7,719.8,1588,643,none
2026-08-06T16:54:29.369017,152,42,truck,0.5281,2219.5,447.8,2560.0,688.7,2389,568,none
2026-08-06T16:54:29.454884,153,3,motorcycle,0.6104,367.7,601.3,496.5,797.0,432,699,none
2026-08-06T16:54:29.456095,153,41,person,0.8762,502.9,481.5,909.1,1192.1,705,836,none
2026-08-06T16:54:29.456794,153,51,motorcycle,0.6816,493.0,809.2,937.3,1391.2,715,1100,none
2026-08-06T16:54:29.457380,153,57,car,0.8584,1057.5,532.8,1285.3,704.1,1171,618,none
2026-08-06T16:54:29.457978,153,58,motorcycle,0.609,1847.6,622.4,2091.6,886.8,1969,754,none
2026-08-06T16:54:29.458555,153,52,person,0.6403,1866.1,535.6,2037.3,817.6,1951,676,none
2026-08-06T16:54:29.459126,153,2,person,0.684,363.0,493.8,503.7,741.7,433,617,none
2026-08-06T16:54:29.459678,153,64,person,0.6423,955.0,540.7,1012.4,657.5,983,599,none
2026-08-06T16:54:29.460242,153,50,car,0.4997,1499.7,567.3,1680.9,719.9,1590,643,none
2026-08-06T16:54:29.460805,153,42,truck,0.528,2221.8,447.0,2560.0,688.7,2390,567,none
2026-08-06T16:54:29.538489,154,3,motorcycle,0.6318,367.3,601.3,495.0,795.5,431,698,none
2026-08-06T16:54:29.539716,154,41,person,0.8735,498.9,479.6,902.3,1186.1,700,832,none
2026-08-06T16:54:29.540385,154,51,motorcycle,0.4767,489.8,802.2,928.4,1383.9,709,1093,none
2026-08-06T16:54:29.540955,154,57,car,0.8728,1057.3,533.4,1283.4,703.4,1170,618,none
2026-08-06T16:54:29.541543,154,58,motorcycle,0.6239,1820.3,568.7,2103.4,882.0,1961,725,none
2026-08-06T16:54:29.542096,154,2,person,0.6443,362.0,493.7,502.0,741.3,432,617,none
2026-08-06T16:54:29.542628,154,64,person,0.6126,954.7,540.5,1011.3,656.5,982,598,none
2026-08-06T16:54:29.543168,154,50,car,0.4413,1501.9,567.3,1681.4,718.8,1591,643,none
2026-08-06T16:54:29.543714,154,42,truck,0.4497,2227.7,447.5,2560.0,689.7,2393,568,none
2026-08-06T16:54:29.628997,155,3,motorcycle,0.6143,364.2,591.6,496.4,793.0,430,692,none
2026-08-06T16:54:29.630187,155,41,person,0.875,498.1,483.4,891.6,1171.4,694,827,none
2026-08-06T16:54:29.630850,155,51,motorcycle,0.5472,490.8,809.8,911.1,1372.1,700,1090,none
2026-08-06T16:54:29.631434,155,57,car,0.8806,1055.9,534.1,1280.6,702.7,1168,618,none
2026-08-06T16:54:29.632005,155,2,person,0.598,359.8,492.9,500.1,740.8,429,616,none
2026-08-06T16:54:29.632556,155,64,person,0.5951,954.3,539.9,1009.6,654.1,981,596,none
2026-08-06T16:54:29.633104,155,50,car,0.4386,1504.9,567.5,1685.1,719.6,1595,643,none
2026-08-06T16:54:29.633670,155,42,truck,0.4431,2233.8,448.7,2560.0,690.4,2396,569,none
2026-08-06T16:54:29.634212,155,68,person,0.4586,341.2,487.8,507.3,671.9,424,579,none
2026-08-06T16:54:29.720197,156,3,motorcycle,0.6146,363.3,588.1,496.8,792.1,430,690,none
2026-08-06T16:54:29.721493,156,41,person,0.875,497.8,484.9,888.2,1166.2,693,825,none
2026-08-06T16:54:29.722231,156,51,motorcycle,0.5478,492.6,812.9,904.0,1367.8,698,1090,none
2026-08-06T16:54:29.722837,156,57,car,0.8806,1055.3,534.4,1279.8,702.5,1167,618,none
2026-08-06T16:54:29.723416,156,2,person,0.5992,359.0,492.6,499.5,740.7,429,616,none
2026-08-06T16:54:29.723986,156,64,person,0.5944,954.3,539.7,1008.9,653.1,981,596,none
2026-08-06T16:54:29.724547,156,50,car,0.4402,1506.0,567.6,1686.3,720.0,1596,643,none
2026-08-06T16:54:29.725115,156,42,truck,0.442,2237.1,449.2,2560.0,690.6,2398,569,none
2026-08-06T16:54:29.725673,156,68,person,0.4588,339.7,487.7,508.5,675.0,424,581,none
2026-08-06T16:54:29.803856,157,3,motorcycle,0.5847,359.0,573.6,500.3,791.3,429,682,none
2026-08-06T16:54:29.805165,157,41,person,0.8934,493.9,481.4,879.2,1152.6,686,817,none
2026-08-06T16:54:29.805880,157,51,motorcycle,0.6468,490.3,811.1,894.2,1358.5,692,1084,none
2026-08-06T16:54:29.806484,157,57,car,0.8787,1053.1,534.3,1277.2,701.8,1165,618,none
2026-08-06T16:54:29.807056,157,2,person,0.6143,356.1,492.0,501.1,748.5,428,620,none
2026-08-06T16:54:29.807601,157,64,person,0.4364,954.2,539.6,1008.0,651.9,981,595,none
2026-08-06T16:54:29.808163,157,50,car,0.5259,1508.7,567.6,1688.3,719.0,1598,643,none
2026-08-06T16:54:29.808725,157,42,truck,0.4777,2244.7,451.4,2560.0,690.5,2402,570,none
2026-08-06T16:54:29.809286,157,58,motorcycle,0.4166,1824.3,618.1,2053.2,871.9,1938,744,none
2026-08-06T16:54:29.900328,158,3,motorcycle,0.6265,359.7,577.9,497.6,791.1,428,684,none
2026-08-06T16:54:29.901533,158,41,person,0.9055,490.0,478.3,868.5,1136.5,679,807,none
2026-08-06T16:54:29.902202,158,51,motorcycle,0.6584,522.9,828.0,898.0,1345.8,710,1086,none
2026-08-06T16:54:29.902783,158,57,car,0.8721,1051.1,533.1,1275.4,701.0,1163,617,none
2026-08-06T16:54:29.903340,158,2,person,0.6122,353.9,491.7,502.3,756.0,428,623,none
2026-08-06T16:54:29.903884,158,50,car,0.5109,1511.4,566.7,1691.3,717.8,1601,642,none
2026-08-06T16:54:29.904429,158,42,truck,0.4035,2250.7,452.8,2560.0,690.5,2405,571,none
2026-08-06T16:54:29.904959,158,69,car,0.4306,1271.7,551.4,1453.4,680.7,1362,616,none
2026-08-06T16:54:29.905480,158,70,car,0.4029,883.3,493.9,965.8,581.8,924,537,none
2026-08-06T16:54:29.906003,158,71,car,0.4413,771.1,479.1,879.5,629.4,825,554,none
2026-08-06T16:54:29.906548,158,58,motorcycle,0.5756,1817.6,625.5,2034.9,867.1,1926,746,none
2026-08-06T16:54:29.907082,158,52,person,0.6531,1834.2,535.8,2012.1,823.2,1923,679,none
2026-08-06T16:54:29.991227,159,3,motorcycle,0.6247,360.0,579.2,496.6,791.1,428,685,none
2026-08-06T16:54:29.992381,159,41,person,0.9054,488.6,477.2,865.1,1131.0,676,804,none
2026-08-06T16:54:29.993046,159,51,motorcycle,0.6602,537.2,834.4,898.3,1341.4,717,1087,none
2026-08-06T16:54:29.993611,159,57,car,0.8724,1050.4,532.7,1274.7,700.8,1162,616,none
2026-08-06T16:54:29.994174,159,2,person,0.6107,353.4,491.7,502.5,758.7,427,625,none
2026-08-06T16:54:29.994721,159,50,car,0.5135,1512.2,566.4,1692.5,717.5,1602,641,none
2026-08-06T16:54:29.995279,159,42,truck,0.4051,2253.9,453.3,2560.0,690.5,2406,571,none
2026-08-06T16:54:29.995821,159,69,car,0.4311,1272.5,551.4,1453.7,680.3,1363,615,none
2026-08-06T16:54:29.996339,159,70,car,0.4002,884.0,493.8,965.7,580.9,924,537,none
2026-08-06T16:54:29.996863,159,71,car,0.4413,771.4,479.6,879.1,628.9,825,554,none
2026-08-06T16:54:29.997414,159,58,motorcycle,0.5754,1815.7,627.6,2029.3,865.7,1922,746,none
2026-08-06T16:54:29.997995,159,72,motorcycle,0.4516,494.4,758.0,879.4,1344.7,686,1051,none
2026-08-06T16:54:29.998542,159,52,person,0.6531,1831.3,535.9,2012.5,824.2,1921,680,none
2026-08-06T16:54:30.075725,160,3,motorcycle,0.6712,362.1,585.3,494.7,790.8,428,688,none
2026-08-06T16:54:30.077027,160,41,person,0.9112,485.4,473.1,858.5,1120.1,671,796,none
2026-08-06T16:54:30.077731,160,51,motorcycle,0.6291,536.7,830.1,888.5,1334.6,712,1082,none
2026-08-06T16:54:30.078318,160,57,car,0.828,1047.6,530.4,1273.8,699.6,1160,614,none
2026-08-06T16:54:30.078885,160,2,person,0.6214,353.7,491.5,501.1,756.5,427,623,none
2026-08-06T16:54:30.079444,160,50,car,0.461,1515.3,565.4,1697.1,717.4,1606,641,none
2026-08-06T16:54:30.079994,160,71,car,0.4153,769.9,479.7,877.3,628.2,823,553,none
2026-08-06T16:54:30.080554,160,58,motorcycle,0.5922,1807.7,626.5,2022.0,865.0,1914,745,none
2026-08-06T16:54:30.081102,160,52,person,0.6234,1823.8,538.0,2002.3,817.8,1913,677,none
2026-08-06T16:54:30.081630,160,64,person,0.44,953.8,537.9,1007.4,650.6,980,594,none
2026-08-06T16:54:30.165822,161,3,motorcycle,0.6233,362.3,588.6,492.1,789.4,427,688,none
2026-08-06T16:54:30.167086,161,41,person,0.9148,480.7,472.5,849.2,1110.5,664,791,none
2026-08-06T16:54:30.167796,161,51,motorcycle,0.6251,532.9,834.8,872.4,1326.4,702,1080,none
2026-08-06T16:54:30.168395,161,57,car,0.8623,1047.6,531.1,1272.3,698.9,1159,614,none
2026-08-06T16:54:30.168973,161,2,person,0.6308,352.6,490.9,499.7,756.6,426,623,none
2026-08-06T16:54:30.169538,161,71,car,0.4451,768.3,479.4,876.0,628.2,822,553,none
2026-08-06T16:54:30.170124,161,58,motorcycle,0.5647,1793.3,617.3,2014.0,863.6,1903,740,none
2026-08-06T16:54:30.170689,161,52,person,0.4552,1804.9,542.9,1989.6,833.6,1897,688,none
2026-08-06T16:54:30.171225,161,64,person,0.5172,953.1,536.7,1006.2,649.3,979,592,none
2026-08-06T16:54:30.256421,162,3,motorcycle,0.551,359.9,584.8,490.8,787.3,425,686,none
2026-08-06T16:54:30.257615,162,41,person,0.9154,473.1,474.8,837.6,1104.3,655,789,none
2026-08-06T16:54:30.258282,162,51,motorcycle,0.6506,530.6,828.6,862.9,1316.0,696,1072,none
2026-08-06T16:54:30.258862,162,57,car,0.8612,1047.0,531.4,1269.5,697.5,1158,614,none
2026-08-06T16:54:30.259421,162,2,person,0.6409,350.2,491.2,499.2,762.4,424,626,none
2026-08-06T16:54:30.259967,162,71,car,0.5141,768.8,479.5,875.9,627.1,822,553,none
2026-08-06T16:54:30.260525,162,58,motorcycle,0.5461,1787.0,636.7,1988.0,861.3,1887,748,none
2026-08-06T16:54:30.261075,162,52,person,0.675,1790.3,542.0,1969.7,824.8,1880,683,none
2026-08-06T16:54:30.261606,162,64,person,0.5394,952.4,536.1,1004.9,648.1,978,592,none
2026-08-06T16:54:30.262150,162,73,truck,0.4278,169.3,478.8,287.5,619.4,228,549,none
2026-08-06T16:54:30.262695,162,42,truck,0.4015,2256.3,448.9,2560.0,691.8,2408,570,none
2026-08-06T16:54:30.263232,162,50,car,0.5186,1518.0,565.4,1707.2,723.2,1612,644,none
2026-08-06T16:54:30.347479,163,3,motorcycle,0.5489,359.0,583.4,490.2,786.6,424,684,none
2026-08-06T16:54:30.348818,163,41,person,0.9154,470.3,475.7,833.9,1102.3,652,788,none
2026-08-06T16:54:30.349551,163,51,motorcycle,0.6516,531.0,826.1,858.7,1312.4,694,1069,none
2026-08-06T16:54:30.350166,163,57,car,0.8613,1046.8,531.6,1268.6,697.0,1157,614,none
2026-08-06T16:54:30.350762,163,2,person,0.6403,349.5,491.4,498.7,764.6,424,627,none
2026-08-06T16:54:30.351341,163,71,car,0.5163,768.9,479.6,876.0,626.8,822,553,none
2026-08-06T16:54:30.351924,163,58,motorcycle,0.5449,1785.2,644.2,1978.8,860.7,1882,752,none
2026-08-06T16:54:30.352491,163,52,person,0.6735,1785.1,541.7,1962.4,821.2,1873,681,none
2026-08-06T16:54:30.353044,163,64,person,0.5382,952.2,535.9,1004.3,647.7,978,591,none
2026-08-06T16:54:30.353602,163,73,truck,0.4252,169.2,478.8,287.5,619.4,228,549,none
2026-08-06T16:54:30.354163,163,42,truck,0.4015,2258.5,448.2,2560.0,692.0,2409,570,none
2026-08-06T16:54:30.354716,163,50,car,0.5176,1518.3,565.4,1709.3,724.6,1613,644,none
2026-08-06T16:54:30.432165,164,3,motorcycle,0.4706,354.7,569.2,493.1,785.6,423,677,none
2026-08-06T16:54:30.433426,164,41,person,0.8736,461.1,476.8,823.0,1096.5,642,786,none
2026-08-06T16:54:30.434133,164,51,motorcycle,0.6493,529.5,822.7,848.4,1301.8,688,1062,none
2026-08-06T16:54:30.434728,164,57,car,0.8524,1045.4,532.0,1265.7,696.3,1155,614,none
2026-08-06T16:54:30.435311,164,2,person,0.6059,348.3,491.8,497.1,766.2,422,628,none
2026-08-06T16:54:30.435863,164,71,car,0.4918,769.5,479.9,876.1,626.6,822,553,none
2026-08-06T16:54:30.436441,164,58,motorcycle,0.5498,1774.0,625.3,1983.2,860.3,1878,742,none
2026-08-06T16:54:30.436972,164,64,person,0.4676,951.4,536.3,1003.0,647.4,977,591,none
2026-08-06T16:54:30.437510,164,73,truck,0.4098,169.5,479.5,287.0,619.3,228,549,none
2026-08-06T16:54:30.438046,164,50,car,0.4057,1522.1,565.7,1709.4,721.6,1615,643,none
2026-08-06T16:54:30.522350,165,3,motorcycle,0.4372,352.1,560.7,493.6,783.8,422,672,none
2026-08-06T16:54:30.523591,165,41,person,0.8647,451.4,474.5,814.8,1092.9,633,783,none
2026-08-06T16:54:30.524264,165,51,motorcycle,0.5823,524.4,810.2,839.8,1290.4,682,1050,none
2026-08-06T16:54:30.524839,165,57,car,0.8517,1043.3,532.2,1263.0,696.0,1153,614,none
2026-08-06T16:54:30.525396,165,2,person,0.6004,348.7,492.3,494.5,762.0,421,627,none
2026-08-06T16:54:30.525933,165,71,car,0.5268,769.4,479.4,876.4,626.7,822,553,none
2026-08-06T16:54:30.526488,165,58,motorcycle,0.6176,1765.2,626.2,1971.0,858.3,1868,742,none
2026-08-06T16:54:30.527014,165,64,person,0.4339,949.9,537.1,1001.1,647.5,975,592,none
2026-08-06T16:54:30.527554,165,73,truck,0.4007,169.6,480.3,286.3,619.0,227,549,none
2026-08-06T16:54:30.612645,166,3,motorcycle,0.4383,351.6,557.4,493.4,783.2,422,670,none
2026-08-06T16:54:30.613806,166,41,person,0.8646,447.3,473.7,812.7,1091.9,629,782,none
2026-08-06T16:54:30.614472,166,51,motorcycle,0.5831,523.7,805.6,835.6,1286.4,679,1046,none
2026-08-06T16:54:30.615041,166,57,car,0.8517,1042.6,532.3,1262.1,696.0,1152,614,none
2026-08-06T16:54:30.615608,166,2,person,0.5994,349.2,492.6,493.3,760.2,421,626,none
2026-08-06T16:54:30.616145,166,71,car,0.527,769.4,479.2,876.6,626.7,822,552,none
2026-08-06T16:54:30.616698,166,58,motorcycle,0.6182,1762.5,627.0,1966.4,857.7,1864,742,none
2026-08-06T16:54:30.617233,166,64,person,0.4345,949.4,537.4,1000.4,647.6,974,592,none
2026-08-06T16:54:30.617765,166,73,truck,0.4039,169.6,480.5,286.1,618.8,227,549,none
2026-08-06T16:54:30.694887,167,3,motorcycle,0.4386,351.0,556.7,491.0,780.8,420,668,none
2026-08-06T16:54:30.696197,167,41,person,0.8914,442.2,473.7,808.4,1090.9,625,782,none
2026-08-06T16:54:30.696921,167,51,motorcycle,0.6783,523.8,807.4,827.5,1279.7,675,1043,none
2026-08-06T16:54:30.697522,167,57,car,0.8447,1042.3,532.0,1260.9,694.9,1151,613,none
2026-08-06T16:54:30.698104,167,2,person,0.5343,349.5,492.5,491.0,755.1,420,623,none
2026-08-06T16:54:30.698661,167,71,car,0.5057,769.6,478.4,876.6,625.8,823,552,none
2026-08-06T16:54:30.699235,167,58,motorcycle,0.6429,1759.3,630.3,1959.4,856.1,1859,743,none
2026-08-06T16:54:30.699781,167,64,person,0.5374,948.8,536.2,999.9,646.8,974,591,none
2026-08-06T16:54:30.798634,168,3,motorcycle,0.4463,344.8,534.1,495.1,779.9,419,656,none
2026-08-06T16:54:30.799967,168,41,person,0.8831,436.2,475.4,802.3,1092.0,619,783,none
2026-08-06T16:54:30.800732,168,51,motorcycle,0.638,520.7,809.8,816.2,1272.1,668,1040,none
2026-08-06T16:54:30.801345,168,57,car,0.8238,1041.7,531.9,1258.8,693.2,1150,612,none
2026-08-06T16:54:30.801927,168,2,person,0.5525,347.1,492.0,488.3,753.8,417,622,none
2026-08-06T16:54:30.802485,168,71,car,0.4603,769.2,479.3,875.1,624.8,822,552,none
2026-08-06T16:54:30.803057,168,58,motorcycle,0.6297,1748.8,625.7,1950.2,854.1,1849,739,none
2026-08-06T16:54:30.803602,168,64,person,0.4473,948.5,536.8,998.9,645.9,973,591,none
2026-08-06T16:54:30.804135,168,59,car,0.415,77.4,500.6,140.3,558.6,108,529,none
2026-08-06T16:54:30.804696,168,42,truck,0.5897,2283.6,447.6,2560.0,694.2,2421,570,none
2026-08-06T16:54:30.887894,169,3,motorcycle,0.4481,343.6,525.7,495.6,779.5,419,652,none
2026-08-06T16:54:30.889144,169,41,person,0.8832,434.2,476.1,800.4,1092.7,617,784,none
2026-08-06T16:54:30.889832,169,51,motorcycle,0.6362,520.1,811.0,811.7,1269.6,665,1040,none
2026-08-06T16:54:30.890411,169,57,car,0.8236,1041.4,531.9,1258.2,692.7,1149,612,none
2026-08-06T16:54:30.890963,169,2,person,0.552,346.2,491.9,487.4,753.4,416,622,none
2026-08-06T16:54:30.891513,169,71,car,0.4616,769.0,479.6,874.6,624.4,821,551,none
2026-08-06T16:54:30.892082,169,58,motorcycle,0.6311,1745.5,624.0,1946.9,853.4,1846,738,none
2026-08-06T16:54:30.892627,169,64,person,0.4475,948.5,537.1,998.6,645.6,973,591,none
2026-08-06T16:54:30.893176,169,74,motorcycle,0.4307,365.2,599.9,475.9,780.7,420,690,none
2026-08-06T16:54:30.893699,169,59,car,0.4138,78.0,500.5,139.9,558.6,108,529,none
2026-08-06T16:54:30.894244,169,42,truck,0.5886,2290.1,447.6,2560.0,694.4,2425,571,none
2026-08-06T16:54:30.985726,170,3,motorcycle,0.4011,341.7,516.8,495.4,778.4,418,647,none
2026-08-06T16:54:30.986945,170,41,person,0.881,431.3,475.4,794.8,1087.2,613,781,none
2026-08-06T16:54:30.987623,170,51,motorcycle,0.6956,511.5,797.3,805.8,1265.3,658,1031,none
2026-08-06T16:54:30.988202,170,57,car,0.8106,1041.1,532.3,1256.6,691.7,1148,612,none
2026-08-06T16:54:30.988754,170,2,person,0.5821,343.6,492.0,487.6,759.4,415,625,none
2026-08-06T16:54:30.989285,170,71,car,0.4529,768.1,481.9,872.6,624.2,820,553,none
2026-08-06T16:54:30.989838,170,58,motorcycle,0.569,1734.6,622.4,1932.8,850.3,1833,736,none
2026-08-06T16:54:30.990357,170,59,car,0.4181,78.4,500.6,139.5,558.3,108,529,none
2026-08-06T16:54:31.095460,171,3,motorcycle,0.4063,344.0,518.8,493.3,776.3,418,647,none
2026-08-06T16:54:31.096674,171,41,person,0.8984,427.8,475.0,789.2,1083.7,608,779,none
2026-08-06T16:54:31.097338,171,51,motorcycle,0.7245,503.1,782.1,798.4,1256.9,650,1019,none
2026-08-06T16:54:31.097911,171,57,car,0.8311,1040.2,531.8,1257.3,692.2,1148,611,none
2026-08-06T16:54:31.098470,171,2,person,0.5381,342.7,492.3,486.4,759.1,414,625,none
2026-08-06T16:54:31.099026,171,58,motorcycle,0.6696,1728.5,633.2,1915.7,849.0,1822,741,none
2026-08-06T16:54:31.099555,171,59,car,0.4118,78.9,500.6,139.5,558.4,109,529,none
2026-08-06T16:54:31.100094,171,52,person,0.5996,1732.5,536.2,1906.4,807.9,1819,672,none
2026-08-06T16:54:31.100621,171,50,car,0.406,1532.9,562.9,1730.0,723.4,1631,643,none
2026-08-06T16:54:31.101156,171,42,truck,0.5357,2300.0,448.6,2560.0,696.3,2429,572,none
2026-08-06T16:54:31.183703,172,41,person,0.8983,426.8,474.2,778.1,1064.0,602,769,none
2026-08-06T16:54:31.184972,172,51,motorcycle,0.7864,502.3,787.6,786.7,1247.0,644,1017,none
2026-08-06T16:54:31.185674,172,57,car,0.8481,1039.4,532.3,1254.7,691.5,1147,611,none
2026-08-06T16:54:31.186299,172,58,motorcycle,0.6675,1722.0,634.2,1904.2,844.1,1813,739,none
2026-08-06T16:54:31.186880,172,59,car,0.4227,79.0,500.6,139.3,558.4,109,529,none
2026-08-06T16:54:31.187466,172,52,person,0.5398,1734.4,536.7,1904.2,795.8,1819,666,none
2026-08-06T16:54:31.188070,172,72,motorcycle,0.4656,437.8,729.5,776.6,1244.8,607,987,none
2026-08-06T16:54:31.271228,173,41,person,0.8979,426.5,473.9,774.5,1056.6,600,765,none
2026-08-06T16:54:31.272449,173,51,motorcycle,0.7861,502.6,790.1,782.3,1243.5,642,1016,none
2026-08-06T16:54:31.273091,173,57,car,0.8483,1039.2,532.5,1253.8,691.3,1146,611,none
2026-08-06T16:54:31.273668,173,58,motorcycle,0.6672,1719.8,634.5,1900.6,842.4,1810,738,none
2026-08-06T16:54:31.274217,173,59,car,0.422,79.0,500.6,139.2,558.3,109,529,none
2026-08-06T16:54:31.274775,173,52,person,0.5354,1734.3,536.9,1904.3,791.8,1819,664,none
2026-08-06T16:54:31.275355,173,72,motorcycle,0.464,436.4,728.9,774.6,1242.6,605,985,none
2026-08-06T16:54:31.352116,174,41,person,0.9027,421.9,470.4,772.1,1057.4,596,763,none
2026-08-06T16:54:31.353193,174,51,motorcycle,0.7075,499.5,778.3,778.3,1234.8,638,1006,none
2026-08-06T16:54:31.353791,174,57,car,0.8591,1038.6,532.8,1250.7,689.9,1144,611,none
2026-08-06T16:54:31.354363,174,58,motorcycle,0.6809,1707.2,621.4,1897.3,841.0,1802,731,none
2026-08-06T16:54:31.354894,174,59,car,0.4052,79.3,500.5,139.3,558.1,109,529,none
2026-08-06T16:54:31.355441,174,52,person,0.4194,1722.4,539.0,1897.8,800.4,1810,669,none
2026-08-06T16:54:31.356012,174,72,motorcycle,0.4931,434.2,726.0,769.9,1235.7,602,980,none
2026-08-06T16:54:31.356545,174,73,truck,0.4116,167.9,481.8,282.0,617.4,224,549,none
2026-08-06T16:54:31.357084,174,3,motorcycle,0.439,351.3,529.0,492.2,772.3,421,650,none
2026-08-06T16:54:31.357609,174,42,truck,0.4939,2307.9,445.9,2560.0,697.4,2433,571,none
2026-08-06T16:54:31.441149,175,41,person,0.8696,417.1,465.6,769.9,1058.7,593,762,none
2026-08-06T16:54:31.442244,175,51,motorcycle,0.692,492.6,772.9,768.9,1229.4,630,1001,none
2026-08-06T16:54:31.442844,175,57,car,0.8491,1035.6,532.7,1248.0,690.1,1141,611,none
2026-08-06T16:54:31.443416,175,58,motorcycle,0.6387,1697.8,607.0,1897.9,839.0,1797,723,none
2026-08-06T16:54:31.443995,175,72,motorcycle,0.5066,433.7,725.5,766.6,1232.0,600,978,none
2026-08-06T16:54:31.444537,175,42,truck,0.5042,2314.5,445.0,2560.0,696.9,2437,570,none
2026-08-06T16:54:31.529360,176,41,person,0.8697,415.7,463.8,769.0,1059.3,592,761,none
2026-08-06T16:54:31.530472,176,51,motorcycle,0.6932,490.9,771.1,764.9,1227.6,627,999,none
2026-08-06T16:54:31.531085,176,57,car,0.8486,1034.6,532.6,1246.9,690.2,1140,611,none
2026-08-06T16:54:31.531663,176,58,motorcycle,0.6369,1694.5,601.5,1898.2,838.4,1796,719,none
2026-08-06T16:54:31.532245,176,72,motorcycle,0.5063,433.7,725.3,765.5,1231.0,599,978,none
2026-08-06T16:54:31.532796,176,42,truck,0.5044,2319.2,444.7,2560.0,696.7,2439,570,none
2026-08-06T16:54:31.533349,176,75,car,0.7192,2471.9,762.4,2559.3,1142.1,2515,952,none
2026-08-06T16:54:31.610180,177,41,person,0.8404,411.4,463.8,756.8,1044.4,584,754,none
2026-08-06T16:54:31.611379,177,57,car,0.8767,1035.9,533.1,1245.2,688.1,1140,610,none
2026-08-06T16:54:31.612052,177,58,motorcycle,0.5174,1684.0,594.6,1889.8,836.9,1786,715,none
2026-08-06T16:54:31.612696,177,72,motorcycle,0.5684,440.5,728.7,764.2,1225.2,602,976,none
2026-08-06T16:54:31.613283,177,42,truck,0.5853,2319.5,443.5,2560.0,696.7,2439,570,none
2026-08-06T16:54:31.613877,177,75,car,0.7296,2455.1,763.8,2541.9,1136.6,2498,950,none
2026-08-06T16:54:31.696833,178,41,person,0.8438,403.0,463.3,751.0,1049.2,577,756,none
2026-08-06T16:54:31.698068,178,57,car,0.8949,1035.3,533.3,1243.4,687.3,1139,610,none
2026-08-06T16:54:31.698740,178,58,motorcycle,0.558,1677.2,605.4,1870.0,833.5,1773,719,none
2026-08-06T16:54:31.699370,178,72,motorcycle,0.5599,433.0,725.7,754.6,1219.5,593,972,none
2026-08-06T16:54:31.699952,178,42,truck,0.5592,2324.7,444.9,2560.0,696.2,2442,570,none
2026-08-06T16:54:31.700533,178,75,car,0.7266,2433.2,755.2,2521.3,1123.1,2477,939,none
2026-08-06T16:54:31.782610,179,41,person,0.8438,400.3,463.0,749.0,1051.1,574,757,none
2026-08-06T16:54:31.783750,179,57,car,0.8945,1034.9,533.4,1243.0,687.0,1138,610,none
2026-08-06T16:54:31.784395,179,58,motorcycle,0.5598,1675.2,609.3,1862.7,832.3,1768,720,none
2026-08-06T16:54:31.785005,179,72,motorcycle,0.5616,430.3,724.4,751.1,1217.6,590,971,none
2026-08-06T16:54:31.785575,179,42,truck,0.5592,2327.9,445.4,2560.0,695.9,2443,570,none
2026-08-06T16:54:31.786147,179,75,car,0.7278,2425.8,752.6,2516.7,1119.1,2471,935,none
2026-08-06T16:54:31.863663,180,41,person,0.8527,393.6,457.7,743.7,1049.2,568,753,none
2026-08-06T16:54:31.864755,180,57,car,0.8848,1034.4,533.0,1241.8,686.0,1138,609,none
2026-08-06T16:54:31.865379,180,58,motorcycle,0.5676,1667.8,598.7,1862.0,831.6,1764,715,none
2026-08-06T16:54:31.865992,180,72,motorcycle,0.6455,431.1,726.9,745.9,1213.1,588,969,none
2026-08-06T16:54:31.866557,180,42,truck,0.4828,2336.4,443.9,2560.0,691.4,2448,567,none
2026-08-06T16:54:31.867138,180,75,car,0.7775,2405.7,714.0,2508.7,1111.6,2457,912,none
2026-08-06T16:54:31.867683,180,69,car,0.4182,1319.2,547.3,1499.7,674.3,1409,610,none
2026-08-06T16:54:31.951057,181,41,person,0.8387,397.5,459.9,736.2,1031.8,566,745,none
2026-08-06T16:54:31.952209,181,57,car,0.8903,1031.5,533.1,1237.9,685.4,1134,609,none
2026-08-06T16:54:31.952874,181,58,motorcycle,0.497,1651.5,584.4,1852.2,830.1,1751,707,none
2026-08-06T16:54:31.953517,181,72,motorcycle,0.6182,432.0,735.3,736.8,1207.8,584,971,none
2026-08-06T16:54:31.954131,181,75,car,0.7868,2384.0,689.8,2497.5,1101.0,2440,895,none
2026-08-06T16:54:31.954716,181,62,bus,0.4384,1215.9,462.3,1496.8,672.5,1356,567,none
2026-08-06T16:54:32.044559,182,41,person,0.8497,388.1,463.5,727.2,1035.4,557,749,none
2026-08-06T16:54:32.045832,182,57,car,0.8689,1026.9,532.5,1234.3,685.4,1130,608,none
2026-08-06T16:54:32.046542,182,58,motorcycle,0.6161,1639.9,574.1,1844.9,828.9,1742,701,none
2026-08-06T16:54:32.047196,182,75,car,0.8408,2355.1,646.9,2486.5,1090.7,2420,868,none
2026-08-06T16:54:32.047802,182,51,motorcycle,0.6886,466.7,752.4,729.6,1193.6,598,972,none
2026-08-06T16:54:32.128989,183,41,person,0.8493,384.8,464.8,724.1,1036.8,554,750,none
2026-08-06T16:54:32.130119,183,57,car,0.8686,1025.3,532.3,1232.9,685.4,1129,608,none
2026-08-06T16:54:32.130764,183,58,motorcycle,0.6146,1636.5,570.2,1841.3,828.5,1738,699,none
2026-08-06T16:54:32.131374,183,75,car,0.8399,2341.5,631.2,2485.9,1087.1,2413,859,none
2026-08-06T16:54:32.131969,183,51,motorcycle,0.6892,466.2,751.6,727.0,1191.8,596,971,none
2026-08-06T16:54:32.208984,184,41,person,0.8652,383.1,466.8,717.8,1029.5,550,748,none
2026-08-06T16:54:32.210166,184,57,car,0.86,1022.6,532.1,1230.9,685.5,1126,608,none
2026-08-06T16:54:32.210829,184,58,motorcycle,0.5825,1632.0,579.1,1826.9,827.1,1729,703,none
2026-08-06T16:54:32.211449,184,75,car,0.8229,2321.7,606.0,2482.8,1079.6,2402,842,none
2026-08-06T16:54:32.212052,184,51,motorcycle,0.6963,461.3,743.5,721.4,1185.9,591,964,none
2026-08-06T16:54:32.293615,185,41,person,0.8877,379.7,465.7,713.7,1025.9,546,745,none
2026-08-06T16:54:32.294795,185,57,car,0.8723,1019.0,531.6,1228.1,685.6,1123,608,none
2026-08-06T16:54:32.295463,185,58,motorcycle,0.472,1626.3,577.0,1820.6,825.9,1723,701,none
2026-08-06T16:54:32.296099,185,75,car,0.8803,2297.6,591.7,2475.8,1076.5,2386,834,none
2026-08-06T16:54:32.296714,185,51,motorcycle,0.6489,455.3,742.4,711.0,1178.1,583,960,none
2026-08-06T16:54:32.297289,185,68,person,0.4705,317.1,492.0,499.5,709.2,408,600,none
2026-08-06T16:54:32.297855,185,52,motorcycle,0.4679,1650.3,633.6,1784.7,823.5,1717,728,none
2026-08-06T16:54:32.298408,185,73,truck,0.4139,164.0,478.5,276.9,612.2,220,545,none
2026-08-06T16:54:32.380768,186,41,person,0.8873,378.3,465.3,712.6,1024.9,545,745,none
2026-08-06T16:54:32.381904,186,57,car,0.8712,1017.8,531.5,1227.0,685.7,1122,608,none
2026-08-06T16:54:32.382560,186,58,motorcycle,0.4692,1624.6,576.2,1818.2,825.4,1721,700,none
2026-08-06T16:54:32.383184,186,75,car,0.8797,2284.7,586.8,2477.5,1075.7,2381,831,none
2026-08-06T16:54:32.383792,186,51,motorcycle,0.6446,453.1,741.9,707.1,1175.5,580,958,none
2026-08-06T16:54:32.384369,186,68,person,0.473,321.0,492.0,495.2,709.7,408,600,none
2026-08-06T16:54:32.384926,186,52,motorcycle,0.4654,1646.8,637.1,1784.2,824.4,1715,730,none
2026-08-06T16:54:32.385471,186,73,truck,0.4148,163.8,478.4,276.8,611.9,220,545,none
2026-08-06T16:54:32.463031,187,41,person,0.8661,374.7,467.1,708.9,1026.1,541,746,none
2026-08-06T16:54:32.464226,187,57,car,0.8557,1015.9,531.6,1224.6,685.5,1120,608,none
2026-08-06T16:54:32.464900,187,58,motorcycle,0.5109,1626.0,592.5,1806.8,824.7,1716,708,none
2026-08-06T16:54:32.465532,187,75,car,0.9227,2263.7,570.8,2475.1,1070.5,2369,820,none
2026-08-06T16:54:32.466126,187,51,motorcycle,0.6177,446.2,744.6,696.4,1170.0,571,957,none
2026-08-06T16:54:32.466692,187,68,person,0.4863,324.2,492.0,490.7,706.3,407,599,none
2026-08-06T16:54:32.467244,187,73,truck,0.419,163.5,478.0,276.1,610.8,219,544,none
2026-08-06T16:54:32.467794,187,50,person,0.5432,1577.3,532.4,1846.4,778.0,1711,655,none
2026-08-06T16:54:32.468340,187,62,bus,0.4075,1218.5,462.0,1529.7,684.9,1374,573,none
2026-08-06T16:54:32.551235,188,41,person,0.8584,374.4,465.9,703.3,1015.7,538,740,none
2026-08-06T16:54:32.552312,188,57,car,0.8695,1014.0,531.6,1222.2,685.2,1118,608,none
2026-08-06T16:54:32.552938,188,58,motorcycle,0.6101,1622.3,612.0,1786.2,821.1,1704,716,none
2026-08-06T16:54:32.553548,188,75,car,0.8797,2238.7,558.6,2469.2,1064.0,2353,811,none
2026-08-06T16:54:32.554131,188,51,motorcycle,0.6455,438.1,740.4,690.1,1166.5,564,953,none
2026-08-06T16:54:32.554682,188,68,person,0.415,323.7,491.9,485.8,705.3,404,598,none
2026-08-06T16:54:32.555220,188,73,truck,0.461,163.1,477.9,275.3,609.9,219,543,none
2026-08-06T16:54:32.641108,189,41,person,0.8582,374.4,465.4,701.5,1011.8,537,738,none
2026-08-06T16:54:32.642240,189,57,car,0.8698,1013.3,531.6,1221.4,685.1,1117,608,none
2026-08-06T16:54:32.642879,189,58,motorcycle,0.6102,1621.1,619.3,1779.3,819.9,1700,719,none
2026-08-06T16:54:32.643507,189,75,car,0.8802,2224.9,554.4,2471.9,1061.7,2348,808,none
2026-08-06T16:54:32.644112,189,51,motorcycle,0.6455,434.9,738.9,688.4,1165.3,561,952,none
2026-08-06T16:54:32.644680,189,68,person,0.4244,324.2,491.7,483.3,704.9,403,598,none
2026-08-06T16:54:32.645236,189,73,truck,0.4471,162.8,477.8,275.1,609.6,218,543,none
2026-08-06T16:54:32.723994,190,41,person,0.8538,379.9,463.8,697.8,994.4,538,729,none
2026-08-06T16:54:32.725205,190,57,car,0.8643,1012.2,531.3,1220.3,684.9,1116,608,none
2026-08-06T16:54:32.725876,190,58,motorcycle,0.6457,1611.6,614.6,1771.4,817.3,1691,715,none
2026-08-06T16:54:32.726519,190,75,car,0.8526,2205.3,555.0,2467.9,1057.5,2336,806,none
2026-08-06T16:54:32.727128,190,51,motorcycle,0.666,436.1,741.2,685.7,1160.0,560,950,none
2026-08-06T16:54:32.727702,190,68,person,0.4875,322.9,489.6,480.6,705.4,401,597,none
2026-08-06T16:54:32.728259,190,73,truck,0.4611,162.6,478.1,274.2,608.7,218,543,none
2026-08-06T16:54:32.728827,190,50,person,0.5222,1574.5,526.7,1826.2,773.4,1700,650,none
2026-08-06T16:54:32.816263,191,41,person,0.8398,379.4,455.6,696.7,986.4,538,721,none
2026-08-06T16:54:32.817498,191,57,car,0.8623,1010.8,530.7,1218.9,684.5,1114,607,none
2026-08-06T16:54:32.818183,191,58,motorcycle,0.4921,1601.6,599.6,1769.6,814.0,1685,706,none
2026-08-06T16:54:32.818837,191,75,car,0.8527,2170.8,551.5,2477.0,1110.8,2323,831,none
2026-08-06T16:54:32.819442,191,51,motorcycle,0.6718,428.6,739.2,676.0,1151.1,552,945,none
2026-08-06T16:54:32.819998,191,73,truck,0.4354,162.1,478.0,273.5,608.0,217,542,none
2026-08-06T16:54:32.820570,191,50,person,0.4144,1575.6,526.3,1818.8,777.5,1697,651,none
2026-08-06T16:54:32.906074,192,41,person,0.8472,374.3,448.5,691.9,982.4,533,715,none
2026-08-06T16:54:32.907323,192,57,car,0.8943,1009.1,529.7,1217.0,683.7,1113,606,none
2026-08-06T16:54:32.908000,192,58,motorcycle,0.4223,1588.0,579.7,1769.4,813.5,1678,696,none
2026-08-06T16:54:32.908656,192,75,car,0.7607,2142.6,550.5,2476.1,1130.1,2309,840,none
2026-08-06T16:54:32.909268,192,51,motorcycle,0.6807,427.8,728.2,674.9,1143.8,551,936,none
2026-08-06T16:54:32.909830,192,73,truck,0.4583,161.1,477.8,272.5,607.9,216,542,none
2026-08-06T16:54:32.910385,192,50,person,0.4119,1578.5,528.3,1807.3,773.2,1692,650,none
2026-08-06T16:54:32.910929,192,52,motorcycle,0.5408,1600.9,629.4,1738.8,814.4,1669,721,none
2026-08-06T16:54:32.911471,192,62,bus,0.4072,1216.5,460.2,1539.9,687.1,1378,573,none
2026-08-06T16:54:32.996740,193,41,person,0.847,372.7,445.9,689.7,981.2,531,713,none
2026-08-06T16:54:32.997983,193,57,car,0.8945,1008.6,529.3,1216.2,683.4,1112,606,none
2026-08-06T16:54:32.998665,193,58,motorcycle,0.4204,1583.5,572.3,1768.7,813.3,1676,692,none
2026-08-06T16:54:32.999314,193,75,car,0.7622,2127.4,550.7,2480.4,1137.8,2303,844,none
2026-08-06T16:54:32.999918,193,51,motorcycle,0.6816,428.2,724.2,673.9,1141.3,551,932,none
2026-08-06T16:54:33.000477,193,73,truck,0.4602,160.8,477.8,272.2,607.9,216,542,none
2026-08-06T16:54:33.001029,193,50,person,0.4163,1581.1,529.2,1801.1,771.2,1691,650,none
2026-08-06T16:54:33.001567,193,76,truck,0.4271,846.7,443.8,924.8,559.3,885,501,none
2026-08-06T16:54:33.002103,193,52,motorcycle,0.5448,1597.7,628.4,1737.2,813.4,1667,720,none
2026-08-06T16:54:33.002652,193,62,bus,0.4006,1214.3,460.1,1542.2,687.2,1378,573,none
2026-08-06T16:54:33.092507,194,41,person,0.8542,363.0,433.8,685.3,981.3,524,707,none
2026-08-06T16:54:33.093687,194,57,car,0.8987,1008.0,529.7,1214.0,682.8,1111,606,none
2026-08-06T16:54:33.094415,194,75,car,0.7832,2108.3,548.8,2476.5,1132.4,2292,840,none
2026-08-06T16:54:33.095036,194,51,motorcycle,0.7171,425.4,727.3,666.6,1138.2,545,932,none
2026-08-06T16:54:33.095597,194,73,truck,0.4437,160.1,476.8,271.5,607.0,215,541,none
2026-08-06T16:54:33.096143,194,76,truck,0.4428,848.0,443.9,927.0,560.6,887,502,none
2026-08-06T16:54:33.096695,194,52,motorcycle,0.4484,1593.5,638.1,1725.1,808.8,1659,723,none
2026-08-06T16:54:33.097232,194,71,car,0.4583,763.1,496.0,855.8,611.9,809,553,none
2026-08-06T16:54:33.097776,194,68,person,0.4514,323.3,484.9,467.8,684.7,395,584,none
2026-08-06T16:54:33.202281,195,41,person,0.8474,358.3,433.6,678.5,979.2,518,706,none
2026-08-06T16:54:33.203450,195,57,car,0.8956,1006.1,529.6,1211.2,682.3,1108,605,none
2026-08-06T16:54:33.204136,195,75,car,0.8365,2090.1,548.2,2468.1,1115.4,2279,831,none
2026-08-06T16:54:33.204759,195,51,motorcycle,0.6994,411.8,727.9,653.2,1133.2,532,930,none
2026-08-06T16:54:33.205326,195,73,truck,0.4299,158.9,475.3,270.7,606.1,214,540,none
2026-08-06T16:54:33.205883,195,76,truck,0.4449,847.9,442.8,928.4,561.8,888,502,none
2026-08-06T16:54:33.206425,195,52,motorcycle,0.4526,1586.6,644.8,1713.9,805.3,1650,725,none
2026-08-06T16:54:33.206964,195,71,car,0.4568,758.2,487.4,859.7,609.9,808,548,none
2026-08-06T16:54:33.290986,196,41,person,0.8476,356.9,433.7,675.8,978.5,516,706,none
2026-08-06T16:54:33.292102,196,57,car,0.8956,1005.4,529.6,1210.2,682.1,1107,605,none
2026-08-06T16:54:33.292783,196,75,car,0.8335,2078.7,548.4,2470.2,1108.7,2274,828,none
2026-08-06T16:54:33.293379,196,51,motorcycle,0.6986,406.1,728.1,649.5,1131.5,527,929,none
2026-08-06T16:54:33.293933,196,73,truck,0.4241,158.5,474.7,270.4,605.7,214,540,none
2026-08-06T16:54:33.294489,196,76,truck,0.445,847.8,442.4,928.8,562.2,888,502,none
2026-08-06T16:54:33.295034,196,52,motorcycle,0.4509,1583.8,647.1,1711.0,804.0,1647,725,none
2026-08-06T16:54:33.295565,196,71,car,0.4576,756.1,485.1,861.4,609.4,808,547,none
2026-08-06T16:54:33.376467,197,41,person,0.8648,357.9,439.1,671.6,976.8,514,707,none
2026-08-06T16:54:33.377653,197,57,car,0.8682,1002.3,528.2,1207.5,681.2,1104,604,none
2026-08-06T16:54:33.378348,197,75,car,0.8643,2062.2,547.4,2466.6,1097.9,2264,822,none
2026-08-06T16:54:33.378947,197,51,motorcycle,0.6561,408.4,728.7,648.2,1125.9,528,927,none
2026-08-06T16:54:33.379504,197,76,truck,0.481,846.9,441.1,929.7,563.2,888,502,none
2026-08-06T16:54:33.380057,197,52,motorcycle,0.4102,1575.2,639.2,1707.4,801.6,1641,720,none
2026-08-06T16:54:33.380597,197,71,car,0.4992,753.0,481.2,861.9,608.5,807,544,none
2026-08-06T16:54:33.464638,198,41,person,0.8699,359.7,441.7,666.4,968.4,513,705,none
2026-08-06T16:54:33.465865,198,57,car,0.8394,1001.2,528.6,1203.1,679.0,1102,603,none
2026-08-06T16:54:33.466584,198,75,car,0.8165,2043.2,546.8,2460.9,1086.4,2252,816,none
2026-08-06T16:54:33.467215,198,51,motorcycle,0.6929,408.9,724.7,647.9,1118.2,528,921,none
2026-08-06T16:54:33.467785,198,76,truck,0.4219,847.3,440.8,930.2,562.9,888,501,none
2026-08-06T16:54:33.468354,198,52,motorcycle,0.4291,1566.4,629.5,1705.0,798.8,1635,714,none
2026-08-06T16:54:33.468907,198,71,car,0.5016,750.2,477.5,862.3,608.1,806,542,none
2026-08-06T16:54:33.469462,198,68,person,0.463,327.4,484.7,449.7,651.0,388,567,none
2026-08-06T16:54:33.556178,199,41,person,0.8695,360.4,442.7,664.6,966.0,512,704,none
2026-08-06T16:54:33.557308,199,57,car,0.8384,1000.8,528.8,1201.5,678.2,1101,603,none
2026-08-06T16:54:33.557981,199,75,car,0.8152,2031.1,546.8,2464.5,1082.0,2247,814,none
2026-08-06T16:54:33.558586,199,51,motorcycle,0.6904,408.9,723.0,648.5,1115.4,528,919,none
2026-08-06T16:54:33.559135,199,76,truck,0.426,847.4,440.6,930.6,563.0,888,501,none
2026-08-06T16:54:33.559698,199,52,motorcycle,0.4229,1563.0,625.9,1704.5,797.7,1633,711,none
2026-08-06T16:54:33.560241,199,71,car,0.5087,749.2,476.4,862.5,607.9,805,542,none
2026-08-06T16:54:33.560791,199,68,person,0.4648,327.2,484.9,448.7,647.9,387,566,none
2026-08-06T16:54:33.639208,200,41,person,0.8661,358.3,444.9,660.7,965.6,509,705,none
2026-08-06T16:54:33.640366,200,57,car,0.7869,999.7,528.6,1197.8,675.8,1098,602,none
2026-08-06T16:54:33.641047,200,75,car,0.7703,2012.7,546.0,2461.6,1074.6,2237,810,none
2026-08-06T16:54:33.641654,200,51,motorcycle,0.6833,392.2,716.8,636.0,1110.2,514,913,none
2026-08-06T16:54:33.642202,200,76,truck,0.4242,847.5,439.9,931.3,562.7,889,501,none
2026-08-06T16:54:33.642749,200,52,motorcycle,0.6263,1551.3,624.6,1692.2,796.0,1621,710,none
2026-08-06T16:54:33.643285,200,68,person,0.5306,326.3,484.4,444.7,641.1,385,562,none
2026-08-06T16:54:33.643814,200,50,car,0.4425,1598.3,559.3,1769.4,732.7,1683,645,none
2026-08-06T16:54:33.644338,200,73,car,0.4393,151.8,473.7,263.6,603.8,207,538,none
2026-08-06T16:54:33.730653,201,41,person,0.8504,360.3,447.3,653.5,951.2,506,699,none
2026-08-06T16:54:33.731950,201,57,car,0.7919,997.0,527.4,1195.3,674.5,1096,600,none
2026-08-06T16:54:33.732689,201,75,car,0.9047,1994.9,546.2,2458.9,1067.3,2226,806,none
2026-08-06T16:54:33.733327,201,51,motorcycle,0.6711,385.5,710.7,631.5,1104.7,508,907,none
2026-08-06T16:54:33.733915,201,76,truck,0.403,847.9,440.2,933.2,565.3,890,502,none
2026-08-06T16:54:33.734492,201,52,motorcycle,0.6291,1542.7,629.9,1678.8,795.0,1610,712,none
2026-08-06T16:54:33.735036,201,77,car,0.4271,657.1,423.6,729.3,482.2,693,452,none
2026-08-06T16:54:33.735585,201,73,car,0.4381,149.4,473.4,262.4,604.4,205,538,none
2026-08-06T16:54:33.736128,201,71,car,0.4926,747.9,474.3,862.0,606.8,804,540,none
2026-08-06T16:54:33.822801,202,41,person,0.8333,359.6,454.9,644.2,939.5,501,697,none
2026-08-06T16:54:33.823935,202,57,car,0.8017,993.3,527.2,1192.0,674.4,1092,600,none
2026-08-06T16:54:33.824621,202,75,car,0.8949,1974.1,545.0,2454.6,1059.2,2214,802,none
2026-08-06T16:54:33.825235,202,51,motorcycle,0.6619,380.4,708.6,627.1,1100.4,503,904,none
2026-08-06T16:54:33.825790,202,76,truck,0.4167,848.8,440.9,933.9,565.7,891,503,none
2026-08-06T16:54:33.826348,202,52,motorcycle,0.5522,1538.7,628.3,1675.5,793.3,1607,710,none
2026-08-06T16:54:33.826868,202,77,car,0.4055,655.8,423.2,730.3,483.8,693,453,none
2026-08-06T16:54:33.827401,202,73,car,0.4947,148.2,472.6,261.6,603.9,204,538,none
2026-08-06T16:54:33.827920,202,71,car,0.5478,747.7,473.1,861.1,605.1,804,539,none
2026-08-06T16:54:33.828455,202,62,bus,0.564,1222.0,455.3,1535.1,668.2,1378,561,none
2026-08-06T16:54:33.828988,202,68,person,0.4266,325.6,484.4,432.8,621.9,379,553,none
2026-08-06T16:54:33.829518,202,50,car,0.521,1578.0,556.8,1761.6,727.2,1669,642,none
2026-08-06T16:54:33.914649,203,41,person,0.8332,358.7,457.6,641.7,935.5,500,696,none
2026-08-06T16:54:33.915727,203,57,car,0.8022,992.0,527.1,1190.9,674.4,1091,600,none
2026-08-06T16:54:33.916388,203,75,car,0.895,1960.9,544.7,2459.4,1056.4,2210,800,none
2026-08-06T16:54:33.916973,203,51,motorcycle,0.6609,378.2,708.1,626.3,1099.0,502,903,none
2026-08-06T16:54:33.917527,203,76,truck,0.417,849.1,441.2,934.1,565.8,891,503,none
2026-08-06T16:54:33.918078,203,52,motorcycle,0.5537,1537.2,627.8,1674.9,792.7,1606,710,none
2026-08-06T16:54:33.918615,203,77,car,0.4052,655.4,423.1,730.6,484.4,693,453,none
2026-08-06T16:54:33.919157,203,73,car,0.4919,147.7,472.3,261.4,603.7,204,537,none
2026-08-06T16:54:33.919691,203,71,car,0.5485,747.7,472.7,860.7,604.5,804,538,none
2026-08-06T16:54:33.920237,203,62,bus,0.567,1220.4,455.0,1536.1,667.3,1378,561,none
2026-08-06T16:54:33.920775,203,68,person,0.4268,324.5,484.3,431.6,618.5,378,551,none
2026-08-06T16:54:33.921311,203,50,car,0.5176,1569.7,556.0,1765.4,726.8,1667,641,none
2026-08-06T16:54:33.997937,204,41,person,0.8662,351.3,457.9,636.6,936.6,493,697,none
2026-08-06T16:54:33.999212,204,57,car,0.8269,993.0,528.0,1190.4,673.7,1091,600,none
2026-08-06T16:54:33.999946,204,75,car,0.8879,1943.4,544.1,2457.9,1050.3,2200,797,none
2026-08-06T16:54:34.000579,204,51,motorcycle,0.7175,376.9,702.8,627.2,1095.0,502,898,none
2026-08-06T16:54:34.001156,204,76,truck,0.503,848.7,440.5,933.6,563.9,891,502,none
2026-08-06T16:54:34.001735,204,52,motorcycle,0.6777,1528.6,626.9,1665.3,790.5,1596,708,none
2026-08-06T16:54:34.002292,204,73,car,0.5562,146.4,472.1,259.9,602.9,203,537,none
2026-08-06T16:54:34.002839,204,71,car,0.4321,745.6,469.1,860.7,603.7,803,536,none
2026-08-06T16:54:34.003405,204,62,bus,0.5905,1219.1,453.5,1537.5,666.4,1378,559,none
2026-08-06T16:54:34.003949,204,50,car,0.5585,1562.8,557.1,1766.9,725.7,1664,641,none
2026-08-06T16:54:34.089935,205,41,person,0.8602,344.4,458.3,629.7,933.6,487,695,none
2026-08-06T16:54:34.091133,205,57,car,0.8238,989.0,525.6,1187.1,672.1,1088,598,none
2026-08-06T16:54:34.091859,205,75,car,0.9024,1922.8,544.2,2454.8,1045.7,2188,794,none
2026-08-06T16:54:34.092490,205,51,motorcycle,0.7527,373.4,701.8,622.4,1090.4,497,896,none
2026-08-06T16:54:34.093068,205,76,truck,0.5244,849.0,440.8,933.4,562.2,891,501,none
2026-08-06T16:54:34.093646,205,52,motorcycle,0.6997,1521.3,621.9,1661.5,789.3,1591,705,none
2026-08-06T16:54:34.094203,205,73,car,0.5868,145.9,472.1,258.9,602.2,202,537,none
2026-08-06T16:54:34.094765,205,62,bus,0.612,1217.2,452.2,1537.9,666.4,1377,559,none
2026-08-06T16:54:34.095313,205,50,car,0.4152,1565.2,558.0,1776.9,727.3,1671,642,none
2026-08-06T16:54:34.185852,206,41,person,0.86,341.3,458.4,627.9,932.7,484,695,none
2026-08-06T16:54:34.187036,206,57,car,0.8242,987.5,524.7,1185.9,671.5,1086,598,none
2026-08-06T16:54:34.187735,206,75,car,0.9023,1909.7,544.4,2459.8,1044.1,2184,794,none
2026-08-06T16:54:34.188337,206,51,motorcycle,0.7529,371.8,701.5,621.0,1088.9,496,895,none
2026-08-06T16:54:34.188891,206,76,truck,0.5254,848.8,440.9,933.5,561.6,891,501,none
2026-08-06T16:54:34.189447,206,52,motorcycle,0.7001,1518.6,620.1,1660.4,788.9,1589,704,none
2026-08-06T16:54:34.189981,206,73,car,0.5855,145.6,472.1,258.6,602.0,202,537,none
2026-08-06T16:54:34.190520,206,62,bus,0.6139,1216.3,451.8,1538.2,666.6,1377,559,none
2026-08-06T16:54:34.191052,206,50,car,0.4161,1563.8,558.3,1781.6,727.9,1672,643,none
2026-08-06T16:54:34.268111,207,41,person,0.8662,334.8,459.9,621.6,932.8,478,696,none
2026-08-06T16:54:34.269217,207,57,car,0.8421,986.1,524.9,1183.6,671.3,1084,598,none
2026-08-06T16:54:34.269888,207,75,car,0.9168,1896.8,544.7,2457.3,1033.9,2177,789,none
2026-08-06T16:54:34.270486,207,51,motorcycle,0.7487,366.4,700.8,613.5,1084.5,489,892,none
2026-08-06T16:54:34.271034,207,76,truck,0.5136,848.4,441.9,933.3,561.8,890,501,none
2026-08-06T16:54:34.271588,207,52,motorcycle,0.4631,1513.4,624.6,1650.4,786.7,1581,705,none
2026-08-06T16:54:34.272134,207,73,car,0.5392,145.2,474.8,256.6,602.4,200,538,none
2026-08-06T16:54:34.272683,207,62,bus,0.6165,1215.6,451.6,1535.7,665.1,1375,558,none
2026-08-06T16:54:34.356052,208,41,person,0.8848,327.4,459.2,618.0,937.7,472,698,none
2026-08-06T16:54:34.357226,208,57,car,0.8329,982.6,523.6,1180.7,671.0,1081,597,none
2026-08-06T16:54:34.357955,208,75,car,0.9167,1876.2,542.8,2460.0,1034.7,2168,788,none
2026-08-06T16:54:34.358583,208,51,motorcycle,0.6771,356.7,701.0,600.3,1077.3,478,889,none
2026-08-06T16:54:34.359158,208,76,truck,0.5214,847.9,443.3,933.0,562.5,890,502,none
2026-08-06T16:54:34.359735,208,52,motorcycle,0.6749,1501.3,617.7,1641.9,784.5,1571,701,none
2026-08-06T16:54:34.360286,208,73,car,0.505,143.9,476.6,254.1,602.6,198,539,none
2026-08-06T16:54:34.360847,208,62,bus,0.5775,1215.7,451.4,1534.9,664.6,1375,558,none
2026-08-06T16:54:34.361403,208,58,person,0.4785,1491.4,525.8,1660.4,753.0,1575,639,none
2026-08-06T16:54:34.361948,208,50,car,0.4805,1600.4,559.7,1813.2,728.9,1706,644,none
2026-08-06T16:54:34.447100,209,41,person,0.8847,324.8,459.0,616.9,939.4,470,699,none
2026-08-06T16:54:34.448179,209,57,car,0.8326,981.5,523.1,1179.5,670.9,1080,597,none
2026-08-06T16:54:34.448836,209,75,car,0.9167,1863.3,542.2,2466.8,1035.1,2165,788,none
2026-08-06T16:54:34.449435,209,51,motorcycle,0.6756,353.1,701.2,595.8,1074.8,474,888,none
2026-08-06T16:54:34.449980,209,76,truck,0.5205,847.4,443.8,933.1,562.7,890,503,none
2026-08-06T16:54:34.450528,209,52,motorcycle,0.6701,1497.2,615.0,1639.0,783.8,1568,699,none
2026-08-06T16:54:34.451071,209,73,car,0.5048,143.3,477.4,253.2,602.7,198,540,none
2026-08-06T16:54:34.451616,209,62,bus,0.5781,1215.7,451.4,1534.5,664.5,1375,557,none
2026-08-06T16:54:34.452133,209,79,car,0.4042,934.1,529.4,1009.0,591.0,971,560,none
2026-08-06T16:54:34.452669,209,58,person,0.4759,1491.4,524.8,1656.5,752.1,1573,638,none
2026-08-06T16:54:34.453202,209,50,car,0.4794,1609.9,560.0,1818.8,729.2,1714,644,none
2026-08-06T16:54:34.531681,210,41,person,0.8781,320.8,458.7,611.2,936.3,466,697,none
2026-08-06T16:54:34.532773,210,57,car,0.8488,978.7,522.5,1176.7,670.7,1077,596,none
2026-08-06T16:54:34.533455,210,75,car,0.9183,1847.1,541.0,2462.0,1026.0,2154,783,none
2026-08-06T16:54:34.534073,210,51,motorcycle,0.6108,343.7,698.3,587.7,1072.0,465,885,none
2026-08-06T16:54:34.534634,210,76,truck,0.5396,846.7,444.0,932.6,562.2,889,503,none
2026-08-06T16:54:34.535199,210,52,motorcycle,0.5747,1490.9,614.7,1631.7,783.0,1561,698,none
2026-08-06T16:54:34.535757,210,73,car,0.4426,141.4,477.1,252.0,603.1,196,540,none
2026-08-06T16:54:34.536320,210,62,bus,0.5646,1217.0,451.2,1534.1,663.5,1375,557,none
2026-08-06T16:54:34.536860,210,50,car,0.4848,1614.1,560.2,1816.1,724.3,1715,642,none
2026-08-06T16:54:34.537394,210,77,car,0.4018,650.8,420.5,732.8,488.2,691,454,none
2026-08-06T16:54:34.537936,210,71,car,0.406,732.0,462.3,852.3,603.0,792,532,none
2026-08-06T16:54:34.623418,211,41,person,0.8551,318.5,459.4,602.7,924.8,460,692,none
2026-08-06T16:54:34.624630,211,57,car,0.7964,975.9,523.7,1170.6,669.6,1073,596,none
2026-08-06T16:54:34.625351,211,75,car,0.9217,1829.4,538.7,2460.1,1019.6,2144,779,none
2026-08-06T16:54:34.625982,211,51,motorcycle,0.7954,341.5,700.4,581.9,1065.2,461,882,none
2026-08-06T16:54:34.626550,211,76,truck,0.4823,845.5,443.2,932.3,561.8,888,502,none
2026-08-06T16:54:34.627117,211,52,motorcycle,0.483,1483.7,612.6,1625.3,782.1,1554,697,none
2026-08-06T16:54:34.627668,211,73,car,0.438,139.6,475.1,250.6,601.4,195,538,none
2026-08-06T16:54:34.628225,211,62,bus,0.5857,1238.1,450.6,1512.7,628.7,1375,539,none
2026-08-06T16:54:34.628763,211,50,car,0.5071,1621.0,560.9,1814.3,718.5,1717,639,none
2026-08-06T16:54:34.629282,211,77,car,0.4405,650.3,419.9,732.4,488.9,691,454,none
2026-08-06T16:54:34.715102,212,41,person,0.8526,320.4,458.7,597.3,909.6,458,684,none
2026-08-06T16:54:34.716262,212,57,car,0.8013,971.7,522.6,1167.4,669.6,1069,596,none
2026-08-06T16:54:34.716978,212,75,car,0.9313,1810.8,537.8,2458.4,1015.2,2134,776,none
2026-08-06T16:54:34.717605,212,51,motorcycle,0.7617,335.5,698.4,576.0,1061.0,455,879,none
2026-08-06T16:54:34.718181,212,76,truck,0.4872,844.5,442.3,932.1,561.1,888,501,none
2026-08-06T16:54:34.718751,212,52,motorcycle,0.4709,1477.2,623.1,1608.6,780.4,1542,701,none
2026-08-06T16:54:34.719317,212,73,truck,0.4396,137.0,474.0,249.5,602.0,193,537,none
2026-08-06T16:54:34.719877,212,62,bus,0.6308,1231.0,450.0,1518.0,634.9,1374,542,none
2026-08-06T16:54:34.720417,212,50,car,0.4808,1623.0,560.2,1817.2,718.6,1720,639,none
2026-08-06T16:54:34.720950,212,77,car,0.4697,650.8,419.8,731.5,488.4,691,454,none
2026-08-06T16:54:34.721487,212,71,car,0.4294,733.8,467.2,848.4,601.2,791,534,none
2026-08-06T16:54:34.805474,213,41,person,0.8526,320.8,458.3,596.0,904.1,458,681,none
2026-08-06T16:54:34.806609,213,57,car,0.801,970.4,522.2,1166.2,669.6,1068,595,none
2026-08-06T16:54:34.807289,213,75,car,0.9315,1798.5,537.6,2463.9,1013.8,2131,775,none
2026-08-06T16:54:34.807896,213,51,motorcycle,0.7618,333.0,697.7,574.5,1059.5,453,878,none
2026-08-06T16:54:34.808458,213,76,truck,0.4903,843.9,442.0,932.2,560.9,888,501,none
2026-08-06T16:54:34.809018,213,52,motorcycle,0.4697,1475.1,627.3,1602.6,779.8,1538,703,none
2026-08-06T16:54:34.809569,213,73,truck,0.4315,136.0,473.5,249.1,602.3,192,537,none
2026-08-06T16:54:34.810128,213,62,bus,0.6315,1228.5,449.8,1519.9,636.3,1374,543,none
2026-08-06T16:54:34.810658,213,50,car,0.4796,1623.6,560.0,1818.0,718.7,1720,639,none
2026-08-06T16:54:34.811182,213,77,car,0.4709,651.4,419.7,730.9,488.2,691,453,none
2026-08-06T16:54:34.811709,213,80,car,0.4182,1144.8,541.9,1224.5,617.9,1184,579,none
2026-08-06T16:54:34.812234,213,71,car,0.4307,734.3,468.5,847.7,600.9,790,534,none
2026-08-06T16:54:34.889301,214,41,person,0.837,313.3,456.8,593.8,909.5,453,683,none
2026-08-06T16:54:34.890533,214,57,car,0.8186,969.0,521.8,1164.5,669.4,1066,595,none
2026-08-06T16:54:34.891256,214,75,car,0.9109,1782.2,535.5,2461.0,1006.2,2121,770,none
2026-08-06T16:54:34.891891,214,51,motorcycle,0.7609,333.1,700.6,569.9,1055.2,451,877,none
2026-08-06T16:54:34.892479,214,76,truck,0.5004,842.9,442.7,932.0,561.9,887,502,none
2026-08-06T16:54:34.893063,214,73,truck,0.4457,134.5,471.6,248.6,601.6,191,536,none
2026-08-06T16:54:34.893649,214,62,bus,0.7039,1220.6,449.6,1529.0,647.4,1374,548,none
2026-08-06T16:54:34.894211,214,50,car,0.6472,1623.1,559.1,1819.2,719.1,1721,639,none
2026-08-06T16:54:34.894756,214,77,car,0.4886,651.9,419.5,729.6,487.3,690,453,none
2026-08-06T16:54:34.895329,214,58,person,0.4414,1455.5,524.5,1628.7,771.8,1542,648,none
2026-08-06T16:54:34.982354,215,41,person,0.8262,311.2,458.4,586.4,898.6,448,678,none
2026-08-06T16:54:34.983529,215,57,car,0.8232,967.0,520.5,1163.0,668.8,1064,594,none
2026-08-06T16:54:34.984234,215,75,car,0.8963,1762.2,534.5,2450.3,997.5,2106,765,none
2026-08-06T16:54:34.984833,215,51,motorcycle,0.7608,334.0,703.4,566.2,1050.4,450,876,none
2026-08-06T16:54:34.985395,215,76,truck,0.4907,842.1,444.3,930.8,561.8,886,503,none
2026-08-06T16:54:34.985963,215,73,car,0.4352,132.8,471.4,247.5,602.0,190,536,none
2026-08-06T16:54:34.986529,215,62,bus,0.7752,1215.0,448.7,1532.9,653.8,1373,551,none
2026-08-06T16:54:34.987085,215,50,car,0.6343,1625.1,558.4,1821.0,717.5,1723,637,none
2026-08-06T16:54:34.987627,215,77,car,0.5003,652.1,419.3,728.8,487.1,690,453,none
2026-08-06T16:54:34.988172,215,71,car,0.4294,724.9,457.4,847.7,602.5,786,529,none
2026-08-06T16:54:35.073986,216,41,person,0.8265,309.9,459.0,584.5,894.7,447,676,none
2026-08-06T16:54:35.075108,216,57,car,0.8235,966.5,520.0,1162.3,668.6,1064,594,none
2026-08-06T16:54:35.075808,216,75,car,0.8964,1749.6,534.2,2452.2,994.4,2100,764,none
2026-08-06T16:54:35.076410,216,51,motorcycle,0.7599,334.1,704.4,565.1,1048.8,449,876,none
2026-08-06T16:54:35.076971,216,76,truck,0.4903,841.6,445.0,930.6,561.8,886,503,none
2026-08-06T16:54:35.077529,216,73,car,0.4348,132.2,471.3,247.1,602.2,189,536,none
2026-08-06T16:54:35.078110,216,62,bus,0.7745,1213.2,448.4,1534.0,656.3,1373,552,none
2026-08-06T16:54:35.078668,216,50,car,0.6388,1625.4,558.2,1821.8,717.0,1723,637,none
2026-08-06T16:54:35.079203,216,77,car,0.5009,652.4,419.3,728.3,487.0,690,453,none
2026-08-06T16:54:35.079746,216,71,car,0.4298,723.4,454.9,847.4,603.0,785,528,none
2026-08-06T16:54:35.155325,217,41,person,0.8577,302.1,456.8,579.2,896.0,440,676,none
2026-08-06T16:54:35.156498,217,57,car,0.833,964.4,519.3,1159.6,667.4,1062,593,none
2026-08-06T16:54:35.157190,217,75,car,0.9039,1725.3,534.8,2431.3,987.4,2078,761,none
2026-08-06T16:54:35.157790,217,51,motorcycle,0.745,326.9,697.5,560.0,1044.7,443,871,none
2026-08-06T16:54:35.158350,217,76,truck,0.5284,841.4,445.5,929.8,560.0,885,502,none
2026-08-06T16:54:35.158896,217,73,car,0.5171,133.4,472.8,244.4,599.0,188,535,none
2026-08-06T16:54:35.159452,217,62,bus,0.7973,1214.2,447.4,1537.4,657.6,1375,552,none
2026-08-06T16:54:35.159996,217,50,car,0.5735,1622.5,557.4,1813.4,712.0,1717,634,none
2026-08-06T16:54:35.160526,217,77,car,0.5216,652.4,419.4,726.9,486.6,689,453,none
2026-08-06T16:54:35.249614,218,41,person,0.8688,299.0,455.9,577.1,895.4,438,675,none
2026-08-06T16:54:35.250754,218,57,car,0.8223,962.5,520.0,1156.2,667.1,1059,593,none
2026-08-06T16:54:35.251440,218,75,car,0.9133,1694.9,535.5,2408.0,984.0,2051,759,none
2026-08-06T16:54:35.252045,218,51,motorcycle,0.7384,319.9,692.9,554.4,1039.5,437,866,none
2026-08-06T16:54:35.252607,218,76,truck,0.4652,841.1,445.9,928.8,557.6,884,501,none
2026-08-06T16:54:35.253177,218,73,car,0.4997,133.9,473.5,242.6,596.9,188,535,none
2026-08-06T16:54:35.253742,218,62,bus,0.746,1214.0,446.9,1540.0,659.7,1376,553,none
2026-08-06T16:54:35.254275,218,50,car,0.6137,1627.5,555.9,1805.6,699.9,1716,627,none
2026-08-06T16:54:35.254804,218,77,car,0.4802,651.5,419.5,726.8,488.0,689,453,none
2026-08-06T16:54:35.255350,218,58,person,0.4687,1438.3,524.7,1585.0,739.3,1511,631,none
2026-08-06T16:54:35.360420,219,41,person,0.869,297.7,455.5,576.7,895.4,437,675,none
2026-08-06T16:54:35.361633,219,57,car,0.8217,961.9,520.3,1154.9,667.0,1058,593,none
2026-08-06T16:54:35.362357,219,75,car,0.9136,1680.4,535.8,2403.4,982.8,2041,759,none
2026-08-06T16:54:35.362982,219,51,motorcycle,0.7382,316.8,691.3,552.9,1037.8,434,864,none
2026-08-06T16:54:35.363557,219,76,truck,0.4643,840.6,446.0,928.9,556.7,884,501,none
2026-08-06T16:54:35.364131,219,73,car,0.4909,134.1,473.7,242.0,596.1,188,534,none
2026-08-06T16:54:35.364710,219,62,bus,0.7452,1214.2,446.7,1540.6,660.5,1377,553,none
2026-08-06T16:54:35.365272,219,50,car,0.6131,1629.1,555.4,1802.7,695.5,1715,625,none
2026-08-06T16:54:35.365804,219,77,car,0.4796,651.3,419.5,726.6,488.6,688,454,none
2026-08-06T16:54:35.366366,219,58,person,0.4686,1438.5,525.0,1580.2,735.9,1509,630,none
2026-08-06T16:54:35.442417,220,41,person,0.8481,295.2,456.5,574.1,895.0,434,675,none
2026-08-06T16:54:35.443607,220,57,car,0.8082,961.5,520.8,1152.1,665.8,1056,593,none
2026-08-06T16:54:35.444315,220,75,car,0.9121,1656.2,534.7,2382.4,977.2,2019,755,none
2026-08-06T16:54:35.444935,220,51,motorcycle,0.7262,314.9,692.9,549.9,1034.7,432,863,none
2026-08-06T16:54:35.445493,220,76,truck,0.4276,840.0,446.4,929.1,556.3,884,501,none
2026-08-06T16:54:35.446050,220,73,car,0.4786,133.5,473.6,240.9,595.1,187,534,none
2026-08-06T16:54:35.446603,220,62,bus,0.6499,1214.2,445.9,1539.8,660.2,1377,553,none
2026-08-06T16:54:35.447131,220,50,car,0.4456,1627.0,554.8,1784.3,682.4,1705,618,none
2026-08-06T16:54:35.447647,220,77,car,0.5102,651.6,419.6,727.0,489.3,689,454,none
2026-08-06T16:54:35.448184,220,52,motorcycle,0.5515,1427.7,609.0,1555.9,765.9,1491,687,none
2026-08-06T16:54:35.532687,221,41,person,0.8445,291.6,451.0,576.3,899.1,433,675,none
2026-08-06T16:54:35.533801,221,57,car,0.8654,960.5,521.2,1148.2,664.2,1054,592,none
2026-08-06T16:54:35.534472,221,75,car,0.9293,1636.4,534.0,2364.7,971.5,2000,752,none
2026-08-06T16:54:35.535071,221,51,motorcycle,0.6577,308.6,691.7,543.0,1030.5,425,861,none
2026-08-06T16:54:35.535616,221,76,truck,0.4685,840.1,447.2,928.8,555.1,884,501,none
2026-08-06T16:54:35.536166,221,73,car,0.4893,132.9,473.3,239.5,593.5,186,533,none
2026-08-06T16:54:35.536729,221,62,bus,0.6047,1212.7,445.0,1537.7,659.9,1375,552,none
2026-08-06T16:54:35.537252,221,50,car,0.4639,1628.6,554.3,1778.6,676.1,1703,615,none
2026-08-06T16:54:35.537772,221,77,car,0.5276,652.2,419.7,726.9,489.1,689,454,none
2026-08-06T16:54:35.538306,221,52,motorcycle,0.5234,1425.6,609.7,1551.4,763.7,1488,686,none
2026-08-06T16:54:35.538838,221,58,person,0.5826,1421.2,517.3,1572.3,746.8,1496,632,none
2026-08-06T16:54:35.626532,222,41,person,0.8489,291.1,454.0,569.9,893.0,430,673,none
2026-08-06T16:54:35.627688,222,57,car,0.8783,959.7,520.1,1145.9,662.4,1052,591,none
2026-08-06T16:54:35.628377,222,75,car,0.9286,1609.3,533.9,2336.1,966.5,1972,750,none
2026-08-06T16:54:35.628978,222,51,motorcycle,0.648,304.0,688.0,538.9,1025.1,421,856,none
2026-08-06T16:54:35.629521,222,76,truck,0.4921,840.1,448.4,928.3,553.9,884,501,none
2026-08-06T16:54:35.630065,222,73,car,0.4028,131.3,473.1,238.2,593.4,184,533,none
2026-08-06T16:54:35.630619,222,62,bus,0.671,1215.1,443.8,1531.1,653.3,1373,548,none
2026-08-06T16:54:35.631151,222,77,car,0.5223,653.3,420.3,726.4,488.6,689,454,none
2026-08-06T16:54:35.631698,222,52,motorcycle,0.4729,1417.6,608.9,1542.5,763.1,1480,685,none
2026-08-06T16:54:35.632219,222,83,car,0.47,0.5,478.0,35.3,557.3,17,517,none
2026-08-06T16:54:35.632744,222,71,car,0.4196,717.0,447.4,842.2,599.5,779,523,none
2026-08-06T16:54:35.716407,223,41,person,0.849,291.1,455.3,567.5,890.7,429,672,none
2026-08-06T16:54:35.717543,223,57,car,0.8784,959.6,519.8,1145.1,661.7,1052,590,none
2026-08-06T16:54:35.718227,223,75,car,0.9286,1598.0,533.9,2327.9,964.8,1962,749,none
2026-08-06T16:54:35.718832,223,51,motorcycle,0.6471,301.7,686.7,537.7,1023.2,419,854,none
2026-08-06T16:54:35.719377,223,76,truck,0.4932,839.7,448.8,928.6,553.5,884,501,none
2026-08-06T16:54:35.719922,223,73,car,0.4012,130.7,473.1,237.8,593.3,184,533,none
2026-08-06T16:54:35.720467,223,62,bus,0.6701,1216.3,443.4,1528.4,650.9,1372,547,none
2026-08-06T16:54:35.721001,223,77,car,0.5215,653.8,420.5,726.1,488.4,689,454,none
2026-08-06T16:54:35.721535,223,52,motorcycle,0.4731,1415.1,608.6,1539.2,762.9,1477,685,none
2026-08-06T16:54:35.722057,223,83,car,0.4676,0.6,478.2,35.2,557.1,17,517,none
2026-08-06T16:54:35.722596,223,84,person,0.4208,478.5,465.8,598.3,673.3,538,569,none
2026-08-06T16:54:35.723118,223,71,car,0.4171,717.5,447.0,841.2,599.3,779,523,none
2026-08-06T16:54:35.800844,224,41,person,0.8406,291.7,455.2,565.0,885.4,428,670,none
2026-08-06T16:54:35.801929,224,57,car,0.8637,958.1,518.8,1143.1,660.6,1050,589,none
2026-08-06T16:54:35.802615,224,75,car,0.9252,1576.7,533.3,2304.4,960.2,1940,746,none
2026-08-06T16:54:35.803205,224,51,motorcycle,0.7245,298.6,683.0,535.8,1020.5,417,851,none
2026-08-06T16:54:35.803747,224,76,truck,0.5136,839.5,450.9,927.6,553.0,883,501,none
2026-08-06T16:54:35.804287,224,73,car,0.4163,130.4,472.8,237.3,592.1,183,532,none
2026-08-06T16:54:35.804850,224,62,bus,0.6732,1220.8,443.2,1523.5,644.0,1372,543,none
2026-08-06T16:54:35.805380,224,77,car,0.4972,654.5,420.6,725.3,487.2,689,453,none
2026-08-06T16:54:35.805900,224,83,car,0.5118,0.0,477.6,34.0,556.7,17,517,none
2026-08-06T16:54:35.806443,224,84,person,0.4134,480.4,465.9,588.9,653.6,534,559,none
2026-08-06T16:54:35.806968,224,71,car,0.4483,717.3,448.1,838.1,598.0,777,523,none
2026-08-06T16:54:35.807504,224,58,person,0.4548,1409.4,518.6,1565.0,754.5,1487,636,none
2026-08-06T16:54:35.892324,225,41,person,0.8184,288.3,452.4,562.6,885.8,425,669,none
2026-08-06T16:54:35.893396,225,57,car,0.8239,957.0,518.1,1141.1,659.2,1049,588,none
2026-08-06T16:54:35.894060,225,75,car,0.9139,1554.6,532.4,2282.0,957.0,1918,744,none
2026-08-06T16:54:35.894653,225,51,motorcycle,0.7048,296.2,677.9,535.9,1017.8,416,847,none
2026-08-06T16:54:35.895207,225,76,truck,0.4795,839.4,453.0,927.5,553.6,883,503,none
2026-08-06T16:54:35.895756,225,73,car,0.4398,129.2,472.3,236.2,591.3,182,531,none
2026-08-06T16:54:35.896310,225,62,bus,0.7018,1224.1,442.3,1519.8,638.0,1371,540,none
2026-08-06T16:54:35.896830,225,77,car,0.5012,655.2,421.1,724.9,486.6,690,453,none
2026-08-06T16:54:35.897347,225,83,car,0.519,0.0,477.3,32.9,556.6,16,516,none
2026-08-06T16:54:35.897878,225,84,person,0.412,473.4,460.9,581.2,646.9,527,553,none
2026-08-06T16:54:35.898407,225,71,car,0.5289,717.6,450.7,835.0,597.0,776,523,none
2026-08-06T16:54:35.983555,226,41,person,0.8182,287.3,451.3,561.6,886.1,424,668,none
2026-08-06T16:54:35.984678,226,57,car,0.8243,956.7,517.8,1140.3,658.8,1048,588,none
2026-08-06T16:54:35.985347,226,75,car,0.9138,1545.9,532.1,2275.3,955.9,1910,744,none
2026-08-06T16:54:35.985936,226,51,motorcycle,0.7033,295.2,676.0,536.6,1016.9,415,846,none
2026-08-06T16:54:35.986474,226,76,truck,0.4788,838.9,453.7,927.9,553.9,883,503,none
2026-08-06T16:54:35.987008,226,73,car,0.4376,128.6,472.1,236.0,591.0,182,531,none
2026-08-06T16:54:35.987557,226,62,bus,0.703,1225.0,442.1,1518.8,636.0,1371,539,none
2026-08-06T16:54:35.988079,226,77,car,0.5004,655.5,421.3,724.7,486.3,690,453,none
2026-08-06T16:54:35.988593,226,83,car,0.5186,0.0,477.2,32.5,556.5,16,516,none
2026-08-06T16:54:35.989121,226,84,person,0.4118,471.3,459.6,579.6,645.6,525,552,none
2026-08-06T16:54:35.989640,226,71,car,0.5303,717.7,451.5,833.9,596.6,775,524,none
2026-08-06T16:54:36.066464,227,41,person,0.8366,279.7,449.8,557.0,891.7,418,670,none
2026-08-06T16:54:36.067723,227,57,car,0.8406,954.8,516.8,1137.5,657.3,1046,587,none
2026-08-06T16:54:36.068442,227,75,car,0.9175,1531.6,531.7,2255.6,950.5,1893,741,none
2026-08-06T16:54:36.069067,227,51,motorcycle,0.622,296.4,672.9,533.5,1012.6,414,842,none
2026-08-06T16:54:36.069640,227,76,truck,0.4845,837.8,454.0,928.4,554.6,883,504,none
2026-08-06T16:54:36.070206,227,73,car,0.467,126.8,471.9,235.2,591.5,180,531,none
2026-08-06T16:54:36.070770,227,62,bus,0.733,1234.0,441.5,1512.2,622.9,1373,532,none
2026-08-06T16:54:36.071310,227,77,car,0.4803,655.5,421.1,724.1,485.5,689,453,none
2026-08-06T16:54:36.071839,227,83,car,0.5725,0.0,476.1,32.2,556.6,16,516,none
2026-08-06T16:54:36.072379,227,71,car,0.5342,717.3,450.1,833.2,595.4,775,522,none
2026-08-06T16:54:36.072934,227,58,person,0.4837,1395.4,512.3,1558.8,758.1,1477,635,none
2026-08-06T16:54:36.157794,228,41,person,0.7787,275.4,450.7,552.1,891.9,413,671,none
2026-08-06T16:54:36.158924,228,57,car,0.8538,951.3,516.2,1133.9,656.6,1042,586,none
2026-08-06T16:54:36.159607,228,75,car,0.9149,1508.8,531.9,2227.0,945.7,1867,738,none
2026-08-06T16:54:36.160210,228,51,motorcycle,0.7206,291.7,675.4,521.7,1008.1,406,841,none
2026-08-06T16:54:36.160769,228,76,truck,0.4065,837.7,453.5,929.5,554.2,883,503,none
2026-08-06T16:54:36.161324,228,73,car,0.4149,125.1,471.2,233.7,590.6,179,530,none
2026-08-06T16:54:36.161873,228,62,bus,0.6382,1236.2,440.4,1512.6,619.1,1374,529,none
2026-08-06T16:54:36.162398,228,77,car,0.4515,655.3,420.5,724.6,485.6,689,453,none
2026-08-06T16:54:36.162918,228,83,car,0.5168,0.0,474.4,32.8,556.7,16,515,none
2026-08-06T16:54:36.163436,228,71,car,0.4886,716.7,449.8,831.9,594.1,774,521,none
2026-08-06T16:54:36.163967,228,84,person,0.4419,463.8,460.0,577.2,653.5,520,556,none
2026-08-06T16:54:36.251530,229,41,person,0.7791,273.9,451.1,550.4,892.0,412,671,none
2026-08-06T16:54:36.252813,229,57,car,0.8543,950.0,516.0,1132.7,656.3,1041,586,none
2026-08-06T16:54:36.253574,229,75,car,0.9148,1500.1,532.0,2217.8,944.0,1858,738,none
2026-08-06T16:54:36.254220,229,51,motorcycle,0.7201,290.7,676.4,517.0,1006.6,403,841,none
2026-08-06T16:54:36.254806,229,76,truck,0.4069,837.3,453.2,930.3,554.1,883,503,none
2026-08-06T16:54:36.255391,229,73,car,0.4162,124.3,471.0,233.3,590.3,178,530,none
2026-08-06T16:54:36.255967,229,62,bus,0.6386,1236.3,440.1,1513.4,617.7,1374,528,none
2026-08-06T16:54:36.256514,229,77,car,0.453,655.2,420.2,724.8,485.6,690,452,none
2026-08-06T16:54:36.257056,229,83,car,0.5158,0.0,473.7,33.0,556.7,16,515,none
2026-08-06T16:54:36.257600,229,71,car,0.4879,716.5,449.7,831.4,593.6,773,521,none
2026-08-06T16:54:36.258150,229,84,person,0.4423,462.1,459.9,577.5,655.6,519,557,none
2026-08-06T16:54:36.347770,230,41,person,0.8033,277.2,454.4,546.7,881.2,411,667,none
2026-08-06T16:54:36.348977,230,57,car,0.8743,948.4,516.3,1130.1,656.0,1039,586,none
2026-08-06T16:54:36.349693,230,75,car,0.9195,1487.3,532.6,2197.4,938.5,1842,735,none
2026-08-06T16:54:36.350307,230,51,motorcycle,0.6641,293.7,677.8,515.2,1003.2,404,840,none
2026-08-06T16:54:36.350875,230,62,bus,0.6568,1228.9,439.5,1524.6,629.1,1376,534,none
2026-08-06T16:54:36.351410,230,77,car,0.4159,655.3,419.5,724.6,484.5,689,452,none
2026-08-06T16:54:36.351938,230,83,car,0.4102,0.0,474.0,31.4,555.8,15,514,none
2026-08-06T16:54:36.352485,230,71,car,0.4459,716.1,450.7,829.8,592.9,772,521,none
2026-08-06T16:54:36.353030,230,84,person,0.4844,458.1,460.4,579.0,665.2,518,562,none
2026-08-06T16:54:36.353574,230,58,person,0.5,1368.0,509.6,1523.7,752.9,1445,631,none
2026-08-06T16:54:36.436758,231,41,person,0.7993,273.8,454.4,542.7,877.5,408,665,none
2026-08-06T16:54:36.437914,231,57,car,0.8798,945.8,516.3,1126.3,654.6,1036,585,none
2026-08-06T16:54:36.438582,231,75,car,0.9295,1471.6,531.1,2173.9,931.4,1822,731,none
2026-08-06T16:54:36.439179,231,51,motorcycle,0.6936,295.0,676.9,510.7,996.6,402,836,none
2026-08-06T16:54:36.439752,231,62,bus,0.521,1226.0,439.4,1534.7,637.4,1380,538,none
2026-08-06T16:54:36.440289,231,77,car,0.4001,655.1,419.0,725.0,484.5,690,451,none
2026-08-06T16:54:36.440818,231,71,car,0.4433,716.8,452.1,828.2,590.7,772,521,none
2026-08-06T16:54:36.441369,231,84,person,0.5855,452.0,460.2,576.3,671.1,514,565,none
2026-08-06T16:54:36.441915,231,58,person,0.4284,1363.2,511.9,1510.7,749.3,1436,630,none
2026-08-06T16:54:36.442443,231,73,car,0.4212,119.4,469.7,229.7,590.6,174,530,none
2026-08-06T16:54:36.526960,232,41,person,0.798,268.2,454.2,538.6,878.1,403,666,none
2026-08-06T16:54:36.528071,232,57,car,0.9017,943.6,516.7,1123.2,654.2,1033,585,none
2026-08-06T16:54:36.528737,232,75,car,0.933,1453.7,529.7,2149.6,925.4,1801,727,none
2026-08-06T16:54:36.529331,232,51,motorcycle,0.6997,298.0,674.5,510.6,991.9,404,833,none
2026-08-06T16:54:36.529902,232,62,bus,0.6752,1225.3,439.0,1543.0,642.6,1384,540,none
2026-08-06T16:54:36.530461,232,84,person,0.5874,449.6,461.2,570.8,667.5,510,564,none
2026-08-06T16:54:36.531017,232,58,person,0.5542,1356.9,511.8,1499.7,747.9,1428,629,none
2026-08-06T16:54:36.531572,232,86,car,0.5258,2024.7,562.7,2216.5,755.0,2120,658,none
2026-08-06T16:54:36.532118,232,73,car,0.401,117.8,469.5,227.4,589.9,172,529,none
2026-08-06T16:54:36.616820,233,41,person,0.7976,266.0,454.0,537.4,878.2,401,666,none
2026-08-06T16:54:36.617971,233,57,car,0.9013,942.8,516.8,1122.1,654.0,1032,585,none
2026-08-06T16:54:36.618669,233,75,car,0.933,1447.2,529.2,2141.9,923.4,1794,726,none
2026-08-06T16:54:36.619292,233,51,motorcycle,0.7007,299.6,673.7,510.3,990.2,404,831,none
2026-08-06T16:54:36.619888,233,62,bus,0.6763,1225.1,438.8,1546.2,644.5,1385,541,none
2026-08-06T16:54:36.620455,233,84,person,0.5885,448.9,461.6,568.7,666.0,508,563,none
2026-08-06T16:54:36.621022,233,58,person,0.5543,1355.7,511.7,1495.0,747.4,1425,629,none
2026-08-06T16:54:36.621579,233,86,car,0.527,2022.3,561.6,2215.8,755.3,2119,658,none
2026-08-06T16:54:36.622133,233,73,car,0.4038,117.2,469.4,226.6,589.6,171,529,none
2026-08-06T16:54:36.622697,233,87,motorcycle,0.4133,267.9,637.4,526.1,993.6,397,815,none
2026-08-06T16:54:36.699622,234,41,person,0.8027,264.9,455.8,534.9,876.6,399,666,none
2026-08-06T16:54:36.700682,234,57,car,0.9049,940.6,517.2,1119.8,654.1,1030,585,none
2026-08-06T16:54:36.701340,234,75,car,0.9217,1435.4,528.4,2126.4,920.4,1780,724,none
2026-08-06T16:54:36.701939,234,51,motorcycle,0.6831,283.3,671.6,496.1,988.1,389,829,none
2026-08-06T16:54:36.702511,234,62,bus,0.6467,1225.8,438.6,1546.9,644.3,1386,541,none
2026-08-06T16:54:36.703079,234,84,person,0.5226,447.1,461.8,566.0,665.0,506,563,none
2026-08-06T16:54:36.788845,235,41,person,0.8161,261.1,454.0,530.6,874.1,395,664,none
2026-08-06T16:54:36.789986,235,57,car,0.8833,937.2,516.7,1116.5,653.6,1026,585,none
2026-08-06T16:54:36.790665,235,75,car,0.9006,1420.5,527.8,2099.6,912.6,1760,720,none
2026-08-06T16:54:36.791269,235,51,motorcycle,0.6995,274.7,668.9,488.9,985.6,381,827,none
2026-08-06T16:54:36.791846,235,62,bus,0.6687,1224.5,438.6,1549.4,647.0,1386,542,none
2026-08-06T16:54:36.792407,235,84,person,0.5262,447.8,463.2,558.9,652.0,503,557,none
2026-08-06T16:54:36.793044,235,89,truck,0.7961,2273.1,435.1,2559.6,1377.2,2416,906,none
2026-08-06T16:54:36.793583,235,77,car,0.405,657.8,419.0,723.9,480.7,690,449,none
2026-08-06T16:54:36.794119,235,71,truck,0.4313,711.4,441.9,827.9,587.6,769,514,none
2026-08-06T16:54:36.794666,235,58,person,0.6426,1351.2,510.0,1482.1,733.8,1416,621,none
2026-08-06T16:54:36.795281,235,86,car,0.4199,2035.3,563.2,2261.4,785.9,2148,674,none
2026-08-06T16:54:36.880338,236,41,person,0.8159,259.9,453.4,529.1,873.2,394,663,none
2026-08-06T16:54:36.881476,236,57,car,0.8834,935.9,516.6,1115.3,653.5,1025,585,none
2026-08-06T16:54:36.882136,236,75,car,0.9004,1415.4,527.6,2090.6,909.9,1752,718,none
2026-08-06T16:54:36.882723,236,51,motorcycle,0.6997,271.2,667.9,486.7,984.7,378,826,none
2026-08-06T16:54:36.883282,236,62,bus,0.668,1224.2,438.6,1550.1,648.1,1387,543,none
2026-08-06T16:54:36.883830,236,84,person,0.5271,448.2,463.9,556.5,646.8,502,555,none
2026-08-06T16:54:36.884464,236,89,truck,0.7957,2268.1,434.9,2559.7,1393.8,2413,914,none
2026-08-06T16:54:36.885001,236,90,car,0.4024,2190.0,592.8,2326.3,662.4,2258,627,none
2026-08-06T16:54:36.885518,236,77,car,0.4066,658.0,419.0,723.9,480.3,690,449,none
2026-08-06T16:54:36.886057,236,71,truck,0.4324,711.0,440.7,827.9,587.3,769,514,none
2026-08-06T16:54:36.886600,236,58,person,0.6429,1351.4,509.6,1479.8,730.9,1415,620,none
2026-08-06T16:54:36.887142,236,86,car,0.4186,2035.7,563.5,2271.2,791.2,2153,677,none
2026-08-06T16:54:36.964754,237,41,person,0.8345,261.7,453.0,522.9,858.8,392,655,none
2026-08-06T16:54:36.965915,237,57,car,0.8983,932.8,515.7,1113.4,653.5,1023,584,none
2026-08-06T16:54:36.966609,237,75,car,0.8925,1403.1,527.2,2073.2,906.8,1738,716,none
2026-08-06T16:54:36.967219,237,51,motorcycle,0.6943,267.9,667.4,483.0,981.6,375,824,none
2026-08-06T16:54:36.967807,237,62,bus,0.4947,1226.0,438.4,1548.4,645.8,1387,542,none
2026-08-06T16:54:36.968381,237,84,person,0.4879,444.2,464.7,556.3,653.9,500,559,none
2026-08-06T16:54:36.969055,237,89,truck,0.8131,2246.5,415.1,2549.3,1408.6,2397,911,none
2026-08-06T16:54:36.969624,237,86,car,0.5387,2028.1,563.6,2264.0,788.0,2146,675,none
2026-08-06T16:54:36.970170,237,73,car,0.4012,114.8,469.3,221.8,586.9,168,528,none
2026-08-06T16:54:37.056138,238,41,person,0.8296,259.9,452.7,515.8,848.4,387,650,none
2026-08-06T16:54:37.057348,238,57,car,0.8917,930.7,515.4,1111.1,652.9,1020,584,none
2026-08-06T16:54:37.058065,238,75,car,0.8982,1390.1,525.4,2054.9,902.0,1722,713,none
2026-08-06T16:54:37.058693,238,51,motorcycle,0.67,266.5,667.7,480.4,978.1,373,822,none
2026-08-06T16:54:37.059287,238,62,bus,0.4873,1230.6,437.8,1547.9,641.5,1389,539,none
2026-08-06T16:54:37.059860,238,84,person,0.4725,434.4,461.8,557.1,670.1,495,565,none
2026-08-06T16:54:37.060532,238,89,truck,0.8197,2220.3,354.4,2542.9,1408.2,2381,881,none
2026-08-06T16:54:37.061092,238,86,car,0.7417,2005.5,563.5,2244.6,788.8,2125,676,none
2026-08-06T16:54:37.146094,239,41,person,0.8298,258.9,452.6,513.6,844.8,386,648,none
2026-08-06T16:54:37.147249,239,57,car,0.8915,930.0,515.3,1110.4,652.6,1020,583,none
2026-08-06T16:54:37.147923,239,75,car,0.8983,1385.7,524.8,2048.9,900.4,1717,712,none
2026-08-06T16:54:37.148518,239,51,motorcycle,0.6699,265.7,667.8,479.8,976.8,372,822,none
2026-08-06T16:54:37.149079,239,62,bus,0.4871,1232.1,437.6,1547.8,639.9,1389,538,none
2026-08-06T16:54:37.149627,239,84,person,0.4723,431.1,460.7,557.2,676.3,494,568,none
2026-08-06T16:54:37.150284,239,89,truck,0.8198,2211.2,333.6,2541.4,1407.6,2376,870,none
2026-08-06T16:54:37.150831,239,86,car,0.7407,1996.3,563.5,2237.8,788.9,2117,676,none
2026-08-06T16:54:37.228942,240,41,person,0.8551,255.3,454.1,511.0,846.1,383,650,none
2026-08-06T16:54:37.230114,240,57,car,0.854,926.9,515.0,1108.1,652.7,1017,583,none
2026-08-06T16:54:37.230805,240,75,car,0.9074,1376.8,522.3,2032.2,893.8,1704,708,none
2026-08-06T16:54:37.231407,240,51,motorcycle,0.629,263.6,665.6,479.4,974.9,371,820,none
2026-08-06T16:54:37.231974,240,62,bus,0.4405,1241.1,437.7,1540.3,627.8,1390,532,none
2026-08-06T16:54:37.232538,240,84,person,0.4315,428.5,460.5,554.4,676.5,491,568,none
2026-08-06T16:54:37.233196,240,89,truck,0.7806,2197.6,325.9,2528.6,1389.2,2363,857,none
2026-08-06T16:54:37.233744,240,86,car,0.7582,1986.3,563.4,2225.7,785.0,2106,674,none
2026-08-06T16:54:37.321663,241,41,person,0.853,251.4,453.7,508.7,846.7,380,650,none
2026-08-06T16:54:37.322791,241,57,car,0.8898,925.2,515.4,1105.1,652.0,1015,583,none
2026-08-06T16:54:37.323463,241,75,car,0.9095,1359.7,520.8,2010.8,890.6,1685,705,none
2026-08-06T16:54:37.324054,241,51,motorcycle,0.6763,264.1,656.1,485.6,970.8,374,813,none
2026-08-06T16:54:37.324623,241,62,bus,0.6314,1239.1,436.9,1545.7,631.4,1392,534,none
2026-08-06T16:54:37.325275,241,89,truck,0.8261,2188.0,362.5,2510.8,1376.3,2349,869,none
2026-08-06T16:54:37.325825,241,86,car,0.7073,1976.1,562.5,2212.1,780.4,2094,671,none
2026-08-06T16:54:37.435955,242,41,person,0.8527,247.9,453.7,505.6,845.8,376,649,none
2026-08-06T16:54:37.437127,242,57,car,0.8883,924.0,514.9,1103.4,651.1,1013,583,none
2026-08-06T16:54:37.437822,242,75,car,0.8907,1341.8,519.8,1987.8,887.3,1664,703,none
2026-08-06T16:54:37.438429,242,51,motorcycle,0.6091,261.4,652.8,483.1,966.1,372,809,none
2026-08-06T16:54:37.439003,242,62,bus,0.6108,1235.8,435.5,1550.7,635.5,1393,535,none
2026-08-06T16:54:37.439652,242,89,truck,0.8303,2174.4,362.3,2501.1,1362.2,2337,862,none
2026-08-06T16:54:37.440201,242,86,car,0.5241,1962.9,560.6,2199.3,780.3,2081,670,none
2026-08-06T16:54:37.522480,243,41,person,0.8534,246.4,453.8,504.8,845.6,375,649,none
2026-08-06T16:54:37.523690,243,57,car,0.8876,923.5,514.8,1102.9,650.8,1013,582,none
2026-08-06T16:54:37.524409,243,75,car,0.8908,1335.8,519.4,1979.6,886.2,1657,702,none
2026-08-06T16:54:37.525033,243,51,motorcycle,0.6102,259.9,651.8,482.3,964.5,371,808,none
2026-08-06T16:54:37.525612,243,62,bus,0.6125,1234.7,435.0,1552.3,637.0,1393,536,none
2026-08-06T16:54:37.526286,243,89,truck,0.8306,2167.1,362.0,2500.8,1357.3,2333,859,none
2026-08-06T16:54:37.526852,243,86,car,0.5303,1958.6,559.8,2194.2,780.2,2076,670,none
2026-08-06T16:54:37.604535,244,41,person,0.8503,243.6,454.3,498.8,840.3,371,647,none
2026-08-06T16:54:37.605640,244,57,car,0.8437,921.2,515.1,1100.1,650.8,1010,582,none
2026-08-06T16:54:37.606289,244,75,car,0.8739,1326.9,518.5,1966.1,883.1,1646,700,none
2026-08-06T16:54:37.606886,244,51,motorcycle,0.615,258.4,647.2,481.1,960.8,369,804,none
2026-08-06T16:54:37.607445,244,62,bus,0.5257,1230.7,432.7,1557.2,641.5,1393,537,none
2026-08-06T16:54:37.608087,244,89,truck,0.8328,2150.0,355.7,2493.3,1347.5,2321,851,none
2026-08-06T16:54:37.608634,244,76,truck,0.4215,835.0,445.4,940.0,560.5,887,502,none
2026-08-06T16:54:37.609166,244,77,car,0.4049,656.9,417.6,727.8,482.5,692,450,none
2026-08-06T16:54:37.609711,244,84,person,0.4082,419.9,467.8,535.3,666.6,477,567,none
2026-08-06T16:54:37.695950,245,41,person,0.8425,238.1,453.3,494.7,841.9,366,647,none
2026-08-06T16:54:37.697020,245,57,car,0.8382,918.5,514.3,1096.1,648.8,1007,581,none
2026-08-06T16:54:37.697673,245,75,car,0.8881,1312.7,518.3,1944.3,879.8,1628,699,none
2026-08-06T16:54:37.698257,245,51,motorcycle,0.6599,257.7,643.3,482.9,958.8,370,801,none
2026-08-06T16:54:37.698901,245,89,truck,0.8273,2134.1,372.5,2482.0,1337.7,2308,855,none
2026-08-06T16:54:37.699429,245,77,car,0.449,657.2,416.9,727.0,479.9,692,448,none
2026-08-06T16:54:37.699960,245,84,person,0.4569,423.3,465.1,528.4,643.5,475,554,none
2026-08-06T16:54:37.700490,245,71,car,0.4075,706.2,442.3,814.8,575.4,760,508,none
2026-08-06T16:54:37.785469,246,41,person,0.8412,236.5,453.1,493.5,842.3,364,647,none
2026-08-06T16:54:37.786582,246,57,car,0.8383,917.5,514.0,1094.8,648.1,1006,581,none
2026-08-06T16:54:37.787265,246,75,car,0.8893,1308.3,518.2,1936.3,878.7,1622,698,none
2026-08-06T16:54:37.787859,246,51,motorcycle,0.6623,257.3,641.7,484.1,958.1,370,799,none
2026-08-06T16:54:37.788513,246,89,truck,0.8267,2124.6,377.7,2482.4,1334.2,2303,855,none
2026-08-06T16:54:37.789045,246,77,car,0.4488,657.2,416.6,727.0,479.0,692,447,none
2026-08-06T16:54:37.789586,246,84,person,0.4539,423.9,464.1,526.7,636.5,475,550,none
2026-08-06T16:54:37.790112,246,71,car,0.4078,705.1,442.7,814.9,574.9,759,508,none
2026-08-06T16:54:37.790639,246,76,truck,0.4027,830.7,435.0,943.1,561.2,886,498,none
2026-08-06T16:55:06.756822,1,1,person,0.9092,499.6,227.3,1544.2,1072.6,1021,649,none
2026-08-06T16:55:07.138933,2,1,person,0.9102,502.1,235.0,1535.9,1071.3,1018,653,none
2026-08-06T16:55:07.259113,3,1,person,0.912,502.9,237.2,1534.0,1071.0,1018,654,none
2026-08-06T16:55:07.352826,4,1,person,0.9098,503.8,237.7,1534.9,1071.0,1019,654,none
2026-08-06T16:55:07.454814,5,1,person,0.9116,503.8,238.2,1534.9,1071.1,1019,654,none
2026-08-06T16:55:07.584562,6,1,person,0.912,503.1,237.9,1535.1,1071.1,1019,654,none
2026-08-06T16:55:07.803934,7,1,person,0.9123,503.6,239.0,1535.0,1071.0,1019,655,none
2026-08-06T16:55:07.919889,8,1,person,0.9127,512.6,247.4,1534.7,1071.0,1023,659,none
2026-08-06T16:55:08.031597,9,1,person,0.9073,521.8,265.1,1520.7,1071.7,1021,668,none
2026-08-06T16:55:08.124451,10,1,person,0.9035,525.6,275.4,1508.2,1071.8,1016,673,none
2026-08-06T16:55:08.221660,11,1,person,0.8995,523.8,275.2,1502.3,1071.6,1013,673,none
2026-08-06T16:55:08.318509,12,1,person,0.8996,522.1,272.3,1500.9,1071.9,1011,672,none
2026-08-06T16:55:08.419649,13,1,person,0.9002,521.0,268.9,1501.0,1071.9,1011,670,none
2026-08-06T16:55:08.518234,14,1,person,0.9021,521.8,267.6,1500.4,1071.8,1011,669,none
2026-08-06T16:55:08.618271,15,1,person,0.8952,522.3,267.4,1499.1,1072.0,1010,669,none
2026-08-06T16:55:08.718879,16,1,person,0.8945,523.6,269.6,1495.7,1072.0,1009,670,none
2026-08-06T16:55:08.816490,17,1,person,0.8818,524.2,271.2,1491.8,1071.9,1008,671,none
2026-08-06T16:55:08.889519,18,1,person,0.8858,526.5,272.5,1489.4,1071.9,1007,672,none
2026-08-06T16:55:08.988059,19,1,person,0.8822,529.7,275.4,1485.4,1071.8,1007,673,none
2026-08-06T16:55:09.087689,20,1,person,0.8906,527.7,268.7,1492.3,1071.7,1010,670,none
2026-08-06T16:55:09.191629,21,1,person,0.8948,523.1,259.3,1500.9,1071.8,1012,665,none
2026-08-06T16:55:09.300459,22,1,person,0.9033,520.7,252.5,1509.5,1071.8,1015,662,none
2026-08-06T16:55:09.405361,23,1,person,0.8999,520.6,250.4,1514.3,1071.6,1017,661,none
2026-08-06T16:55:09.512257,24,1,person,0.9012,520.7,251.0,1516.7,1071.8,1018,661,none
2026-08-06T16:55:09.609303,25,1,person,0.9042,520.0,250.6,1518.5,1071.6,1019,661,none
2026-08-06T16:55:09.704804,26,1,person,0.9028,519.6,250.8,1519.9,1071.5,1019,661,none
2026-08-06T16:55:09.793636,27,1,person,0.9023,518.9,251.0,1520.7,1071.3,1019,661,none
2026-08-06T16:55:09.936068,28,1,person,0.9019,518.5,250.9,1522.4,1071.4,1020,661,none
2026-08-06T16:55:10.047310,29,1,person,0.9028,518.5,251.1,1524.2,1071.4,1021,661,none
2026-08-06T16:55:10.176328,30,1,person,0.9048,517.9,251.2,1525.0,1071.4,1021,661,none
2026-08-06T16:55:10.318983,31,1,person,0.9022,517.9,252.2,1525.8,1071.6,1021,661,none
2026-08-06T16:55:10.449283,32,1,person,0.9015,517.0,251.9,1526.6,1071.4,1021,661,none
2026-08-06T16:55:10.554277,33,1,person,0.899,516.4,251.9,1527.1,1071.2,1021,661,none
2026-08-06T16:55:10.729780,34,1,person,0.9011,515.2,251.8,1527.3,1071.2,1021,661,none
2026-08-06T16:55:10.867313,35,1,person,0.9033,514.9,252.0,1527.9,1071.3,1021,661,none
2026-08-06T16:55:10.994442,36,1,person,0.9032,514.0,252.1,1527.8,1071.4,1020,661,none
2026-08-06T16:55:11.125338,37,1,person,0.902,512.6,251.7,1527.3,1071.5,1019,661,none
2026-08-06T16:55:11.265576,38,1,person,0.9035,512.1,252.9,1525.7,1071.7,1018,662,none
2026-08-06T16:55:11.402052,39,1,person,0.9016,512.0,253.7,1524.9,1071.7,1018,662,none
2026-08-06T16:55:11.535722,40,1,person,0.8999,511.4,252.9,1525.6,1072.0,1018,662,none
2026-08-06T16:55:11.663777,41,1,person,0.8982,511.0,252.1,1526.2,1072.2,1018,662,none
2026-08-06T16:55:11.784833,42,1,person,0.8993,511.0,251.9,1526.5,1072.2,1018,662,none
2026-08-06T16:55:11.918192,43,1,person,0.8986,511.3,250.9,1528.4,1072.1,1019,661,none
2026-08-06T16:55:12.021041,44,1,person,0.9081,509.9,249.0,1528.5,1071.8,1019,660,none
2026-08-06T16:55:12.117184,45,1,person,0.9037,509.9,248.9,1528.4,1071.7,1019,660,none
2026-08-06T16:55:12.219694,46,1,person,0.9045,509.6,248.3,1528.0,1071.6,1018,659,none
2026-08-06T16:55:12.321704,47,1,person,0.903,510.0,247.0,1529.1,1071.3,1019,659,none
2026-08-06T16:55:12.493425,48,1,person,0.9025,510.4,247.7,1528.3,1071.1,1019,659,none
2026-08-06T16:55:12.606456,49,1,person,0.9023,512.6,250.4,1527.4,1071.2,1020,660,none
2026-08-06T16:55:12.720222,50,1,person,0.9,518.5,264.4,1511.9,1072.0,1015,668,none
2026-08-06T16:55:12.811797,51,1,person,0.891,531.1,279.3,1496.3,1071.8,1013,675,none
2026-08-06T16:55:12.910544,52,1,person,0.8986,529.6,277.4,1489.7,1071.7,1009,674,none
2026-08-06T16:55:13.009495,53,1,person,0.898,525.8,271.1,1486.6,1071.5,1006,671,none
2026-08-06T16:55:13.110614,54,1,person,0.8839,528.0,274.5,1472.6,1071.9,1000,673,none
2026-08-06T16:55:13.211070,55,1,person,0.9052,551.8,291.7,1452.6,1072.0,1002,681,none
2026-08-06T16:55:13.311459,56,1,person,0.903,461.9,176.3,1507.7,1072.7,984,624,none
2026-08-06T16:55:13.409272,57,1,person,0.9395,363.3,67.7,1547.1,1070.2,955,568,none
2026-08-06T16:55:13.583102,58,1,person,0.9107,302.2,25.3,1556.4,1069.8,929,547,none
2026-08-06T16:55:13.699053,59,1,person,0.9359,227.8,7.6,1515.6,1069.0,871,538,none
2026-08-06T16:55:13.815042,60,1,person,0.9396,153.4,1.9,1458.3,1070.9,805,536,none
2026-08-06T16:55:13.911881,61,1,person,0.9338,73.4,0.0,1393.6,1070.6,733,535,none
2026-08-06T16:55:14.009579,62,1,person,0.9365,27.2,3.9,1342.8,1070.9,685,537,none
2026-08-06T16:55:14.111643,63,1,person,0.9207,8.0,27.8,1296.1,1069.6,652,548,none
2026-08-06T16:55:14.209101,64,1,person,0.8903,0.0,23.0,1290.6,1068.1,645,545,none
2026-08-06T16:55:14.293280,65,1,person,0.8325,0.0,6.3,1302.2,1065.0,651,535,none
2026-08-06T16:55:14.397174,66,1,person,0.8623,0.0,1.0,1320.4,1067.5,660,534,none
2026-08-06T16:55:14.398429,66,2,person,0.7599,1670.7,658.5,1897.0,1074.3,1783,866,none
2026-08-06T16:55:14.497727,67,1,person,0.8709,8.9,0.0,1337.4,1065.4,673,532,none
2026-08-06T16:55:14.499151,67,2,person,0.7327,1680.4,777.3,1847.6,1078.2,1764,927,none
2026-08-06T16:55:14.596424,68,1,person,0.7985,9.1,0.0,1344.7,1065.7,676,532,none
2026-08-06T16:55:14.696242,69,1,person,0.9323,8.9,0.1,1346.7,1069.0,677,534,none
2026-08-06T16:55:14.796917,70,1,person,0.9517,6.9,0.0,1349.4,1068.8,678,534,none
2026-08-06T16:55:14.936488,71,1,person,0.9571,3.9,2.5,1342.3,1068.2,673,535,none
2026-08-06T16:55:15.073972,72,1,person,0.956,0.0,3.2,1321.2,1067.5,660,535,none
2026-08-06T16:55:15.178663,73,1,person,0.9401,0.0,3.7,1312.0,1065.4,656,534,none
2026-08-06T16:55:15.296634,74,1,person,0.908,22.0,1.5,1363.8,1066.4,692,533,none
2026-08-06T16:55:15.397030,75,1,person,0.9033,39.2,0.0,1391.2,1062.9,715,531,none
2026-08-06T16:55:15.491307,76,1,person,0.8927,30.4,0.0,1386.0,1063.2,708,531,none
2026-08-06T16:55:15.594866,77,1,person,0.8875,5.2,0.1,1360.2,1064.6,682,532,none
2026-08-06T16:55:15.695023,78,1,person,0.8789,0.0,2.0,1334.0,1066.6,667,534,none
2026-08-06T16:55:15.797095,79,1,person,0.9066,0.0,4.6,1290.8,1067.2,645,535,none
2026-08-06T16:55:15.893114,80,1,person,0.9232,0.0,5.9,1249.2,1068.9,624,537,none
2026-08-06T16:55:15.992983,81,1,person,0.9227,0.0,9.5,1224.0,1067.6,612,538,none
2026-08-06T16:55:16.096590,82,1,person,0.9187,0.0,7.7,1206.8,1068.4,603,538,none
2026-08-06T16:55:16.193761,83,1,person,0.9113,0.0,6.8,1205.8,1068.2,602,537,none
2026-08-06T16:55:16.293557,84,1,person,0.9076,0.0,5.1,1212.0,1067.6,605,536,none
2026-08-06T16:55:16.396875,85,1,person,0.9026,0.0,2.6,1231.3,1063.5,615,533,none
2026-08-06T16:55:16.496208,86,1,person,0.9128,0.0,2.4,1228.3,1063.6,614,533,none
2026-08-06T16:55:16.593198,87,1,person,0.9228,0.0,3.2,1201.9,1064.3,600,533,none
2026-08-06T16:55:16.695874,88,1,person,0.9396,0.0,4.6,1137.3,1064.7,568,534,none
2026-08-06T16:55:16.790823,89,1,person,0.9456,0.0,4.4,1040.7,1065.5,520,534,none
2026-08-06T16:55:16.893059,90,1,person,0.9547,0.0,4.3,968.9,1065.4,484,534,none
2026-08-06T16:55:16.994629,91,1,person,0.955,0.0,4.6,924.0,1065.8,462,535,none
2026-08-06T16:55:17.112791,92,1,person,0.9448,0.0,4.7,891.6,1065.8,445,535,none
2026-08-06T16:55:17.190961,93,1,person,0.9186,0.0,3.8,870.2,1066.0,435,534,none
2026-08-06T16:55:17.301781,94,1,person,0.9206,0.0,4.0,857.1,1065.7,428,534,none
2026-08-06T16:55:17.303299,94,5,person,0.8303,1051.6,759.9,1394.6,1078.7,1223,919,none
2026-08-06T16:55:17.304001,94,6,person,0.7484,1743.6,785.8,1920.0,1049.1,1831,917,none
2026-08-06T16:55:17.417380,95,1,person,0.9246,0.0,4.6,847.2,1069.9,423,537,none
2026-08-06T16:55:17.419198,95,5,person,0.7588,990.7,672.8,1424.7,1077.6,1207,875,none
2026-08-06T16:55:17.607013,96,1,person,0.9191,0.0,5.3,836.2,1069.0,418,537,none
2026-08-06T16:55:17.608920,96,5,person,0.8477,961.4,576.9,1489.5,1072.2,1225,824,none
2026-08-06T16:55:17.609876,96,6,person,0.4837,1670.5,608.6,1920.0,1072.3,1795,840,none
2026-08-06T16:55:17.711279,97,1,person,0.8314,0.0,6.5,827.2,1068.6,413,537,none
2026-08-06T16:55:17.712771,97,5,person,0.8915,906.1,441.6,1563.2,1066.2,1234,753,none
2026-08-06T16:55:17.713584,97,6,person,0.5351,1634.3,484.5,1920.0,1064.8,1777,774,none
2026-08-06T16:55:17.800096,98,1,person,0.8596,0.0,6.0,820.0,1068.8,410,537,none
2026-08-06T16:55:17.801661,98,5,person,0.8739,871.8,352.4,1606.6,1063.6,1239,707,none
2026-08-06T16:55:17.802683,98,6,person,0.5228,1612.9,391.1,1920.0,1051.3,1766,721,none
2026-08-06T16:55:17.803488,98,19,person,0.8082,650.5,476.0,959.3,1075.7,804,775,none
2026-08-06T16:55:17.896004,99,1,person,0.8709,0.0,5.6,806.8,1070.5,403,538,none
2026-08-06T16:55:17.897267,99,5,person,0.8861,854.6,301.9,1625.6,1064.3,1240,683,none
2026-08-06T16:55:17.897989,99,6,person,0.6006,1604.1,338.6,1920.0,1048.4,1762,693,none
2026-08-06T16:55:17.898657,99,19,person,0.8469,640.8,451.4,962.2,1076.5,801,763,none
2026-08-06T16:55:17.991503,100,1,person,0.8685,0.0,8.7,781.7,1069.6,390,539,none
2026-08-06T16:55:17.993019,100,5,person,0.8715,843.8,259.5,1633.6,1060.3,1238,659,none
2026-08-06T16:55:17.993803,100,19,person,0.8718,624.8,398.9,971.6,1075.4,798,737,none
2026-08-06T16:55:18.094479,101,1,person,0.7764,0.0,6.4,797.3,1070.2,398,538,none
2026-08-06T16:55:18.095880,101,5,person,0.8545,836.0,217.1,1639.6,1055.3,1237,636,none
2026-08-06T16:55:18.096625,101,19,person,0.8715,610.2,357.6,975.6,1073.2,792,715,none
2026-08-06T16:55:18.097273,101,6,person,0.6843,1610.2,257.9,1920.0,980.5,1765,619,none
2026-08-06T16:55:18.196850,102,1,person,0.7216,0.0,7.7,799.5,1067.5,399,537,none
2026-08-06T16:55:18.198199,102,5,person,0.8799,835.5,190.7,1638.5,1053.8,1237,622,none
2026-08-06T16:55:18.198970,102,19,person,0.8612,593.9,323.1,974.4,1071.3,784,697,none
2026-08-06T16:55:18.199615,102,6,person,0.6695,1622.2,230.7,1920.0,945.7,1771,588,none
2026-08-06T16:55:18.293370,103,1,person,0.779,0.0,7.4,783.6,1065.6,391,536,none
2026-08-06T16:55:18.294839,103,5,person,0.8058,852.8,165.4,1619.7,1013.5,1236,589,none
2026-08-06T16:55:18.295566,103,19,person,0.8478,577.7,283.0,975.8,1070.0,776,676,none
2026-08-06T16:55:18.398575,104,1,person,0.7333,0.0,8.3,756.3,1064.0,378,536,none
2026-08-06T16:55:18.399941,104,5,person,0.8546,848.0,149.6,1623.3,1035.1,1235,592,none
2026-08-06T16:55:18.400715,104,19,person,0.8516,551.5,219.1,978.6,1069.6,765,644,none
2026-08-06T16:55:18.401317,104,27,person,0.5054,1739.4,197.0,1920.0,488.0,1829,342,none
2026-08-06T16:55:18.401909,104,6,person,0.611,1632.0,184.5,1920.0,909.3,1776,546,none
2026-08-06T16:55:18.494379,105,1,person,0.78,0.0,7.8,736.4,1062.4,368,535,none
2026-08-06T16:55:18.496038,105,5,person,0.8415,863.5,159.8,1611.3,1039.8,1237,599,none
2026-08-06T16:55:18.496951,105,19,person,0.8744,544.7,202.0,978.3,1070.6,761,636,none
2026-08-06T16:55:18.497710,105,6,person,0.6636,1642.3,196.1,1920.0,911.6,1781,553,none
2026-08-06T16:55:18.598572,106,1,person,0.8022,0.0,8.1,727.7,1062.1,363,535,none
2026-08-06T16:55:18.600048,106,5,person,0.8927,876.1,171.3,1601.8,1050.8,1238,611,none
2026-08-06T16:55:18.600943,106,19,person,0.8679,543.7,200.4,975.9,1070.5,759,635,none
2026-08-06T16:55:18.601658,106,6,person,0.5566,1650.2,202.5,1920.0,923.2,1785,562,none
2026-08-06T16:55:18.701290,107,1,person,0.749,0.0,6.5,719.9,1064.3,359,535,none
2026-08-06T16:55:18.703285,107,5,person,0.8771,895.3,199.2,1585.8,1058.3,1240,628,none
2026-08-06T16:55:18.704406,107,19,person,0.8675,553.5,224.3,973.0,1071.6,763,647,none
2026-08-06T16:55:18.705297,107,6,person,0.6732,1665.2,229.7,1920.0,925.9,1792,577,none
2026-08-06T16:55:18.706080,107,27,person,0.4377,1745.0,259.0,1919.5,535.2,1832,397,none
2026-08-06T16:55:18.804216,108,1,person,0.8279,0.0,7.0,774.5,1065.8,387,536,none
2026-08-06T16:55:18.805882,108,5,person,0.8608,907.7,214.2,1571.6,1059.8,1239,636,none
2026-08-06T16:55:18.806911,108,19,person,0.7785,565.4,247.0,973.1,1072.5,769,659,none
2026-08-06T16:55:18.807767,108,6,person,0.6724,1671.5,247.6,1920.0,943.8,1795,595,none
2026-08-06T16:55:18.901922,109,1,person,0.7382,48.0,5.9,853.3,1068.5,450,537,none
2026-08-06T16:55:18.903905,109,5,person,0.8782,920.3,218.9,1566.8,1062.2,1243,640,none
2026-08-06T16:55:18.904958,109,19,person,0.5783,609.9,310.3,967.1,1035.0,788,672,none
2026-08-06T16:55:18.905831,109,6,person,0.7137,1675.9,246.8,1920.0,951.5,1797,599,none
2026-08-06T16:55:18.999303,110,1,person,0.4332,33.2,5.0,845.1,1070.5,439,537,none
2026-08-06T16:55:19.000775,110,5,person,0.8867,928.0,216.8,1561.1,1060.1,1244,638,none
2026-08-06T16:55:19.001599,110,6,person,0.6304,1683.2,238.2,1920.0,940.8,1801,589,none
2026-08-06T16:55:19.098252,111,1,person,0.6264,336.7,4.3,1177.8,1067.5,757,535,none
2026-08-06T16:55:19.099761,111,5,person,0.8895,955.6,213.7,1530.9,985.7,1243,599,none
2026-08-06T16:55:19.100622,111,6,person,0.7349,1691.3,232.8,1920.0,932.7,1805,582,none
2026-08-06T16:55:19.193600,112,1,person,0.7145,530.3,5.9,1413.0,1062.9,971,534,none
2026-08-06T16:55:19.195048,112,5,person,0.8934,978.9,220.5,1511.1,935.4,1244,577,none
2026-08-06T16:55:19.195749,112,6,person,0.6316,1696.8,234.5,1920.0,933.2,1808,583,none
2026-08-06T16:55:19.196348,112,27,person,0.4567,1741.8,248.0,1920.0,538.0,1830,392,none
2026-08-06T16:55:19.197009,112,19,person,0.8055,444.0,233.0,856.0,1060.6,650,646,none
2026-08-06T16:55:19.293024,113,1,person,0.6813,624.1,4.4,1548.3,1062.4,1086,533,none
2026-08-06T16:55:19.294510,113,5,person,0.8727,997.5,222.5,1499.0,894.7,1248,558,none
2026-08-06T16:55:19.295238,113,6,person,0.5478,1701.1,242.2,1920.0,938.0,1810,590,none
2026-08-06T16:55:19.295854,113,27,person,0.5841,1743.0,253.1,1920.0,538.9,1831,395,none
2026-08-06T16:55:19.296506,113,19,person,0.8916,446.5,219.9,881.8,1067.4,664,643,none
2026-08-06T16:55:19.418463,114,1,person,0.7308,642.6,2.4,1604.6,1063.0,1123,532,none
2026-08-06T16:55:19.420899,114,5,person,0.7283,1007.3,227.2,1492.9,875.7,1250,551,none
2026-08-06T16:55:19.422026,114,6,person,0.6809,1706.0,249.4,1920.0,938.0,1813,593,none
2026-08-06T16:55:19.422916,114,27,person,0.4608,1742.8,256.5,1920.0,542.4,1831,399,none
2026-08-06T16:55:19.423834,114,19,person,0.8983,445.8,217.7,896.2,1069.7,671,643,none
2026-08-06T16:55:19.559942,115,1,person,0.6432,656.5,3.6,1657.7,1062.5,1157,533,none
2026-08-06T16:55:19.562041,115,5,person,0.563,1022.6,222.0,1401.4,721.2,1212,471,none
2026-08-06T16:55:19.563278,115,6,person,0.6622,1708.7,241.8,1920.0,931.8,1814,586,none
2026-08-06T16:55:19.564480,115,27,person,0.4569,1741.6,249.6,1920.0,537.1,1830,393,none
2026-08-06T16:55:19.565802,115,19,person,0.9003,440.5,212.6,904.9,1070.5,672,641,none
2026-08-06T16:55:19.672643,116,1,person,0.733,628.2,1.1,1665.9,1062.7,1147,531,none
2026-08-06T16:55:19.674057,116,5,person,0.5823,997.8,210.1,1331.0,644.9,1164,427,none
2026-08-06T16:55:19.674843,116,6,person,0.6496,1693.1,244.2,1920.0,928.4,1806,586,none
2026-08-06T16:55:19.675634,116,19,person,0.8843,404.7,203.6,882.9,1067.2,643,635,none
2026-08-06T16:55:19.759416,117,1,person,0.6798,577.2,0.8,1656.5,1067.4,1116,534,none
2026-08-06T16:55:19.760996,117,5,person,0.6255,969.8,205.0,1299.0,636.3,1134,420,none
2026-08-06T16:55:19.761747,117,6,person,0.8218,1671.0,248.7,1907.4,902.6,1789,575,none
2026-08-06T16:55:19.762448,117,19,person,0.9406,351.0,197.5,842.5,1066.6,596,632,none
2026-08-06T16:55:19.861719,118,1,person,0.7017,522.6,2.2,1648.6,1069.9,1085,536,none
2026-08-06T16:55:19.863006,118,6,person,0.8404,1624.4,246.9,1865.5,870.5,1744,558,none
2026-08-06T16:55:19.863760,118,19,person,0.9419,276.1,192.4,781.4,1066.8,528,629,none
2026-08-06T16:55:19.964170,119,1,person,0.855,449.5,1.0,1628.4,1072.7,1038,536,none
2026-08-06T16:55:19.965395,119,6,person,0.6285,1517.2,234.4,1764.7,844.5,1640,539,none
2026-08-06T16:55:19.966144,119,19,person,0.9423,176.9,186.0,699.3,1067.6,438,626,none
2026-08-06T16:55:20.059868,120,1,person,0.8504,375.9,0.2,1606.1,1073.2,990,536,none
2026-08-06T16:55:20.061247,120,19,person,0.9381,74.9,186.2,606.5,1069.8,340,628,none
2026-08-06T16:55:20.061964,120,38,person,0.7544,1692.3,233.6,1895.1,1030.4,1793,631,none
2026-08-06T16:55:20.159579,121,1,person,0.8558,327.9,3.3,1606.9,1076.6,967,539,none
2026-08-06T16:55:20.161081,121,19,person,0.9266,8.5,184.5,540.2,1071.0,274,627,none
2026-08-06T16:55:20.161847,121,38,person,0.898,1647.7,213.1,1852.2,1003.9,1749,608,none
2026-08-06T16:55:20.269182,122,1,person,0.8834,287.8,1.1,1619.7,1079.2,953,540,none
2026-08-06T16:55:20.270651,122,19,person,0.8922,0.0,220.3,481.7,1071.0,240,645,none
2026-08-06T16:55:20.271396,122,38,person,0.9249,1598.6,206.2,1800.8,960.9,1699,583,none
2026-08-06T16:55:20.272026,122,15,person,0.697,1112.5,269.0,1496.5,781.0,1304,525,none
2026-08-06T16:55:20.362589,123,1,person,0.8826,261.5,0.6,1626.8,1077.5,944,539,none
2026-08-06T16:55:20.363927,123,19,person,0.9213,0.0,271.1,436.9,1071.6,218,671,none
2026-08-06T16:55:20.364688,123,15,person,0.7717,1098.3,262.7,1464.7,769.2,1281,515,none
2026-08-06T16:55:20.365363,123,6,person,0.9166,1493.0,211.0,1789.8,902.0,1641,556,none
2026-08-06T16:55:20.460687,124,1,person,0.8815,270.6,0.1,1663.5,1075.4,967,537,none
2026-08-06T16:55:20.462179,124,19,person,0.9139,0.0,289.4,414.0,1072.3,207,680,none
2026-08-06T16:55:20.462908,124,15,person,0.7917,1093.1,262.9,1443.4,760.5,1268,511,none
2026-08-06T16:55:20.463578,124,6,person,0.9306,1478.2,210.7,1789.9,903.1,1634,556,none
2026-08-06T16:55:20.561075,125,1,person,0.877,261.4,0.0,1683.8,1074.3,972,537,none
2026-08-06T16:55:20.562579,125,19,person,0.926,0.0,304.5,401.6,1072.5,200,688,none
2026-08-06T16:55:20.563366,125,15,person,0.7443,1089.9,266.0,1430.6,760.3,1260,513,none
2026-08-06T16:55:20.564125,125,6,person,0.9339,1467.2,209.6,1791.1,901.6,1629,555,none
2026-08-06T16:55:20.665100,126,1,person,0.8744,256.3,0.0,1705.4,1074.1,980,537,none
2026-08-06T16:55:20.666676,126,19,person,0.9195,0.0,276.0,404.5,1073.5,202,674,none
2026-08-06T16:55:20.667625,126,15,person,0.8346,1087.8,266.0,1422.5,760.0,1255,512,none
2026-08-06T16:55:20.668482,126,6,person,0.9278,1456.4,210.6,1789.9,898.2,1623,554,none
2026-08-06T16:55:20.769650,127,1,person,0.8247,246.6,0.0,1722.7,1075.2,984,537,none
2026-08-06T16:55:20.771639,127,19,person,0.9264,0.0,306.6,392.5,1073.4,196,690,none
2026-08-06T16:55:20.772671,127,15,person,0.8454,1087.6,271.1,1417.4,765.0,1252,518,none
2026-08-06T16:55:20.773581,127,6,person,0.927,1445.8,216.0,1788.2,902.3,1616,559,none
2026-08-06T16:55:20.868507,128,1,person,0.8059,240.0,0.0,1741.0,1074.9,990,537,none
2026-08-06T16:55:20.870286,128,19,person,0.9217,0.0,318.2,388.2,1074.0,194,696,none
2026-08-06T16:55:20.871321,128,15,person,0.8159,1085.4,272.5,1413.5,768.6,1249,520,none
2026-08-06T16:55:20.872241,128,6,person,0.9261,1438.2,220.2,1790.4,911.1,1614,565,none
2026-08-06T16:55:20.965653,129,1,person,0.7787,227.3,0.0,1747.1,1074.8,987,537,none
2026-08-06T16:55:20.967132,129,19,person,0.8779,0.0,336.6,376.4,1074.6,188,705,none
2026-08-06T16:55:20.968011,129,15,person,0.7657,1071.9,274.3,1399.3,773.2,1235,523,none
2026-08-06T16:55:20.968912,129,6,person,0.922,1422.9,220.6,1783.7,916.6,1603,568,none
2026-08-06T16:55:21.077178,130,1,person,0.7959,190.7,0.0,1733.7,1074.8,962,537,none
2026-08-06T16:55:21.078423,130,19,person,0.7935,0.0,350.2,357.1,1074.0,178,712,none
2026-08-06T16:55:21.079202,130,15,person,0.8361,1053.6,278.5,1373.1,765.4,1213,521,none
2026-08-06T16:55:21.079946,130,6,person,0.9009,1393.0,223.0,1757.1,915.6,1575,569,none
2026-08-06T16:55:21.080632,130,42,person,0.4559,1723.5,699.4,1894.6,1071.1,1809,885,none
2026-08-06T16:55:21.161333,131,1,person,0.7765,131.3,1.4,1685.2,1076.0,908,538,none
2026-08-06T16:55:21.163000,131,19,person,0.8371,0.0,358.4,326.5,1070.6,163,714,none
2026-08-06T16:55:21.163884,131,15,person,0.694,1012.3,277.5,1323.5,749.9,1167,513,none
2026-08-06T16:55:21.164651,131,6,person,0.9033,1347.5,223.3,1699.2,880.8,1523,552,none
2026-08-06T16:55:21.264549,132,1,person,0.7904,92.5,0.5,1658.8,1074.5,875,537,none
2026-08-06T16:55:21.265813,132,19,person,0.6701,0.0,555.8,244.1,1070.9,122,813,none
2026-08-06T16:55:21.266540,132,15,person,0.7688,958.7,276.9,1264.0,737.3,1111,507,none
2026-08-06T16:55:21.267167,132,6,person,0.8965,1293.4,224.5,1629.2,839.5,1461,532,none
2026-08-06T16:55:21.267788,132,42,person,0.8609,1603.2,436.3,1896.9,1068.3,1750,752,none
2026-08-06T16:55:21.361757,133,1,person,0.7503,73.8,3.5,1650.8,1074.4,862,538,none
2026-08-06T16:55:21.363257,133,15,person,0.5547,903.4,274.3,1204.2,725.8,1053,500,none
2026-08-06T16:55:21.364085,133,6,person,0.8712,1234.2,228.1,1559.4,811.9,1396,520,none
2026-08-06T16:55:21.364860,133,42,person,0.6199,1550.3,346.3,1891.4,1070.2,1720,708,none
2026-08-06T16:55:21.504305,134,1,person,0.8423,58.7,1.3,1651.7,1074.9,855,538,none
2026-08-06T16:55:21.506814,134,15,person,0.7684,859.9,276.2,1157.3,718.3,1008,497,none
2026-08-06T16:55:21.509596,134,6,person,0.7903,1189.4,232.2,1508.2,793.8,1348,512,none
2026-08-06T16:55:21.511970,134,42,person,0.8294,1491.1,219.2,1894.9,1069.2,1693,644,none
2026-08-06T16:55:21.633553,135,1,person,0.7883,47.2,0.4,1651.1,1074.6,849,537,none
2026-08-06T16:55:21.635205,135,15,person,0.8766,839.4,275.4,1138.6,716.4,988,495,none
2026-08-06T16:55:21.636617,135,6,person,0.8494,1167.2,233.0,1488.4,790.5,1327,511,none
2026-08-06T16:55:21.637698,135,42,person,0.8718,1448.3,102.0,1906.3,1065.2,1677,583,none
2026-08-06T16:55:21.740609,136,1,person,0.831,44.9,0.1,1660.8,1075.3,852,537,none
2026-08-06T16:55:21.741905,136,15,person,0.8721,835.1,277.0,1133.4,713.0,984,495,none
2026-08-06T16:55:21.742713,136,6,person,0.8616,1159.1,232.8,1484.6,790.9,1321,511,none
2026-08-06T16:55:21.743505,136,42,person,0.7854,1428.5,35.2,1917.0,1064.9,1672,550,none
2026-08-06T16:55:21.826077,137,1,person,0.8259,45.5,0.0,1671.8,1074.7,858,537,none
2026-08-06T16:55:21.827707,137,15,person,0.8713,833.9,276.0,1135.6,714.1,984,495,none
2026-08-06T16:55:21.828607,137,6,person,0.8896,1156.6,232.4,1485.6,790.2,1321,511,none
2026-08-06T16:55:21.829481,137,42,person,0.7737,1416.7,4.9,1919.1,1064.9,1667,534,none
2026-08-06T16:55:21.928662,138,1,person,0.836,40.7,0.0,1674.0,1073.3,857,536,none
2026-08-06T16:55:21.930091,138,15,person,0.8805,831.2,275.7,1136.2,714.3,983,495,none
2026-08-06T16:55:21.930920,138,6,person,0.8974,1157.8,232.7,1485.5,781.5,1321,507,none
2026-08-06T16:55:21.931749,138,42,person,0.7065,1418.0,9.2,1915.4,1056.4,1666,532,none
2026-08-06T16:55:22.029584,139,1,person,0.7956,52.5,0.0,1697.5,1072.0,874,536,none
2026-08-06T16:55:22.030864,139,15,person,0.8902,828.7,276.8,1140.0,721.8,984,499,none
2026-08-06T16:55:22.031623,139,6,person,0.8919,1154.8,233.2,1489.8,789.7,1322,511,none
2026-08-06T16:55:22.032342,139,42,person,0.8367,1416.7,9.5,1917.4,1064.2,1667,536,none
2026-08-06T16:55:22.127732,140,1,person,0.8215,58.9,0.0,1718.9,1072.7,888,536,none
2026-08-06T16:55:22.129099,140,15,person,0.8809,828.6,275.1,1141.3,718.7,984,496,none
2026-08-06T16:55:22.129807,140,6,person,0.8849,1153.9,232.9,1489.2,784.9,1321,508,none
2026-08-06T16:55:22.130502,140,42,person,0.7926,1417.2,11.4,1917.8,1065.5,1667,538,none
2026-08-06T16:55:22.230955,141,1,person,0.8386,53.8,0.0,1728.2,1074.6,891,537,none
2026-08-06T16:55:22.232229,141,15,person,0.8676,819.6,276.0,1132.8,717.3,976,496,none
2026-08-06T16:55:22.232971,141,6,person,0.8429,1144.7,231.8,1479.0,776.3,1311,504,none
2026-08-06T16:55:22.233685,141,42,person,0.8756,1413.8,13.9,1915.0,1066.9,1664,540,none
2026-08-06T16:55:22.328155,142,1,person,0.8108,34.2,0.0,1718.7,1077.6,876,538,none
2026-08-06T16:55:22.329646,142,15,person,0.7579,790.7,276.4,1102.3,711.6,946,494,none
2026-08-06T16:55:22.330477,142,6,person,0.8689,1118.6,233.9,1451.7,772.0,1285,502,none
2026-08-06T16:55:22.331297,142,42,person,0.761,1399.2,13.5,1904.1,1064.8,1651,539,none
2026-08-06T16:55:22.428555,143,1,person,0.8511,62.2,11.3,1741.8,1074.7,902,543,none
2026-08-06T16:55:22.430039,143,15,person,0.8175,749.9,272.8,1059.3,700.1,904,486,none
2026-08-06T16:55:22.430838,143,6,person,0.8715,1076.0,233.9,1407.9,766.8,1241,500,none
2026-08-06T16:55:22.431627,143,42,person,0.9123,1374.9,19.8,1886.9,1067.1,1630,543,none
2026-08-06T16:55:22.564185,144,1,person,0.8741,40.0,24.2,1694.8,1068.0,867,546,none
2026-08-06T16:55:22.565466,144,15,person,0.7719,712.0,274.0,1011.0,679.4,861,476,none
2026-08-06T16:55:22.566214,144,6,person,0.8681,1037.4,233.9,1365.9,756.4,1201,495,none
2026-08-06T16:55:22.566924,144,42,person,0.8871,1354.8,25.1,1875.4,1068.0,1615,546,none
2026-08-06T16:55:22.669034,145,1,person,0.8883,49.9,35.9,1694.4,1065.4,872,550,none
2026-08-06T16:55:22.670792,145,15,person,0.796,698.3,279.6,994.1,673.7,846,476,none
2026-08-06T16:55:22.671753,145,6,person,0.8781,1023.3,237.1,1351.5,755.1,1187,496,none
2026-08-06T16:55:22.672587,145,42,person,0.8629,1345.9,31.1,1873.4,1068.1,1609,549,none
2026-08-06T16:55:22.761676,146,1,person,0.6857,20.2,13.1,1689.3,1057.5,854,535,none
2026-08-06T16:55:22.763245,146,15,person,0.8079,682.8,284.3,1005.7,713.8,844,499,none
2026-08-06T16:55:22.764175,146,6,person,0.7511,1011.3,243.4,1352.6,780.9,1181,512,none
2026-08-06T16:55:22.765103,146,42,person,0.8791,1345.5,42.7,1875.5,1066.6,1610,554,none
2026-08-06T16:55:22.891133,147,1,person,0.5117,0.0,4.6,1600.0,1057.4,800,530,none
2026-08-06T16:55:22.893566,147,15,person,0.8752,669.6,290.2,1022.2,763.1,845,526,none
2026-08-06T16:55:22.895029,147,6,person,0.8698,980.1,247.3,1379.3,886.4,1179,566,none
2026-08-06T16:55:22.897034,147,42,person,0.8914,1346.6,53.8,1879.0,1066.4,1612,560,none
2026-08-06T16:55:23.029170,148,15,person,0.8656,658.4,294.1,1037.4,809.6,847,551,none
2026-08-06T16:55:23.031243,148,6,person,0.9165,947.3,247.3,1403.7,995.3,1175,621,none
2026-08-06T16:55:23.032775,148,42,person,0.8896,1348.4,60.3,1884.6,1067.4,1616,563,none
2026-08-06T16:55:23.033982,148,40,person,0.9119,0.0,234.6,550.5,937.2,275,585,none
2026-08-06T16:55:23.137222,149,15,person,0.8768,656.0,295.8,1043.1,829.3,849,562,none
2026-08-06T16:55:23.138631,149,6,person,0.916,937.0,247.7,1410.6,1040.5,1173,644,none
2026-08-06T16:55:23.139576,149,42,person,0.9047,1346.9,64.3,1887.8,1068.1,1617,566,none
2026-08-06T16:55:23.140361,149,40,person,0.9069,0.0,218.5,582.4,1011.9,291,615,none
2026-08-06T16:55:23.227087,150,15,person,0.8757,656.7,296.2,1045.3,838.7,850,567,none
2026-08-06T16:55:23.228774,150,6,person,0.9181,936.6,248.0,1411.7,1059.3,1174,653,none
2026-08-06T16:55:23.229580,150,42,person,0.9016,1345.0,67.0,1890.2,1068.0,1617,567,none
2026-08-06T16:55:23.230280,150,40,person,0.908,0.0,212.2,588.3,1037.9,294,625,none
2026-08-06T16:55:23.330437,151,15,person,0.8691,658.8,295.3,1044.8,840.4,851,567,none
2026-08-06T16:55:23.332014,151,6,person,0.9177,940.0,247.8,1410.2,1065.5,1175,656,none
2026-08-06T16:55:23.333086,151,42,person,0.8952,1341.8,69.1,1891.8,1068.2,1616,568,none
2026-08-06T16:55:23.333966,151,40,person,0.9151,0.0,209.0,588.4,1050.9,294,629,none
2026-08-06T16:55:23.438344,152,15,person,0.8619,661.8,295.2,1043.1,838.9,852,567,none
2026-08-06T16:55:23.440329,152,6,person,0.9158,943.8,248.0,1406.9,1066.6,1175,657,none
2026-08-06T16:55:23.441704,152,42,person,0.9038,1338.3,70.6,1892.3,1066.6,1615,568,none
2026-08-06T16:55:23.442738,152,40,person,0.9227,0.0,207.8,585.3,1056.6,292,632,none
2026-08-06T16:55:23.566796,153,15,person,0.8711,663.5,294.8,1042.1,839.9,852,567,none
2026-08-06T16:55:23.568882,153,6,person,0.91,948.6,247.3,1404.9,1066.4,1176,656,none
2026-08-06T16:55:23.570933,153,42,person,0.9185,1334.8,71.5,1894.4,1068.2,1614,569,none
2026-08-06T16:55:23.572458,153,40,person,0.9173,0.0,207.6,581.1,1058.7,290,633,none
2026-08-06T16:55:23.687847,154,15,person,0.8723,665.6,294.7,1040.9,839.7,853,567,none
2026-08-06T16:55:23.689695,154,6,person,0.9081,952.7,247.6,1401.5,1064.7,1177,656,none
2026-08-06T16:55:23.690736,154,42,person,0.9045,1330.5,72.7,1895.1,1069.1,1612,570,none
2026-08-06T16:55:23.691523,154,40,person,0.914,0.0,202.7,578.2,1059.4,289,631,none
2026-08-06T16:55:23.799863,155,15,person,0.8734,667.9,295.4,1039.4,838.8,853,567,none
2026-08-06T16:55:23.801220,155,6,person,0.9079,955.5,247.7,1398.1,1063.6,1176,655,none
2026-08-06T16:55:23.802093,155,42,person,0.9068,1323.7,70.4,1894.8,1068.8,1609,569,none
2026-08-06T16:55:23.802935,155,40,person,0.91,0.0,199.4,574.7,1059.9,287,629,none
2026-08-06T16:55:23.894368,156,15,person,0.8644,669.8,295.4,1038.6,839.0,854,567,none
2026-08-06T16:55:23.895730,156,6,person,0.9109,958.2,246.3,1396.2,1062.9,1177,654,none
2026-08-06T16:55:23.896501,156,42,person,0.9184,1320.3,66.1,1898.4,1069.4,1609,567,none
2026-08-06T16:55:23.897149,156,40,person,0.9169,0.0,196.4,571.7,1060.5,285,628,none
2026-08-06T16:55:23.994265,157,15,person,0.8644,672.0,295.4,1038.5,839.3,855,567,none
2026-08-06T16:55:23.995627,157,6,person,0.9112,961.5,246.5,1394.5,1062.4,1178,654,none
2026-08-06T16:55:23.996382,157,42,person,0.9104,1318.9,60.9,1903.0,1069.3,1610,565,none
2026-08-06T16:55:23.997049,157,40,person,0.9292,0.0,194.0,568.3,1062.6,284,628,none
2026-08-06T16:55:24.098265,158,15,person,0.8744,674.3,295.2,1037.7,838.3,855,566,none
2026-08-06T16:55:24.099587,158,6,person,0.9059,964.2,247.4,1392.3,1061.9,1178,654,none
2026-08-06T16:55:24.100376,158,42,person,0.9158,1316.9,58.4,1906.0,1071.1,1611,564,none
2026-08-06T16:55:24.101024,158,40,person,0.9236,0.0,191.5,565.6,1063.0,282,627,none
2026-08-06T16:55:24.194265,159,15,person,0.8787,676.2,295.4,1037.5,838.5,856,566,none
2026-08-06T16:55:24.195660,159,6,person,0.9031,967.3,247.8,1390.9,1061.2,1179,654,none
2026-08-06T16:55:24.196417,159,42,person,0.9078,1316.9,57.4,1908.6,1071.3,1612,564,none
2026-08-06T16:55:24.197074,159,40,person,0.9308,0.0,191.7,562.0,1063.6,280,627,none
2026-08-06T16:55:24.297018,160,15,person,0.8848,678.0,295.3,1036.8,837.3,857,566,none
2026-08-06T16:55:24.298266,160,6,person,0.9032,969.3,248.2,1389.0,1060.9,1179,654,none
2026-08-06T16:55:24.299036,160,42,person,0.9258,1317.6,55.4,1912.0,1071.6,1614,563,none
2026-08-06T16:55:24.299682,160,40,person,0.9313,0.0,191.3,558.2,1062.5,279,626,none
2026-08-06T16:55:24.399824,161,15,person,0.8836,679.5,295.1,1036.0,836.2,857,565,none
2026-08-06T16:55:24.401212,161,6,person,0.9162,970.9,247.9,1387.4,1060.9,1179,654,none
2026-08-06T16:55:24.402081,161,42,person,0.9244,1320.4,55.2,1915.7,1072.2,1618,563,none
2026-08-06T16:55:24.402891,161,40,person,0.9374,0.0,190.7,553.5,1062.3,276,626,none
2026-08-06T16:55:24.493449,162,15,person,0.8826,681.0,294.8,1035.3,835.1,858,564,none
2026-08-06T16:55:24.494976,162,6,person,0.9185,973.0,247.6,1386.5,1060.7,1179,654,none
2026-08-06T16:55:24.495766,162,42,person,0.9029,1317.1,54.5,1914.2,1072.2,1615,563,none
2026-08-06T16:55:24.496437,162,40,person,0.937,0.0,192.4,548.1,1061.4,274,626,none
2026-08-06T16:55:24.595708,163,15,person,0.8769,682.1,294.7,1034.5,834.6,858,564,none
2026-08-06T16:55:24.596942,163,6,person,0.9096,975.1,248.1,1385.4,1059.8,1180,653,none
2026-08-06T16:55:24.597699,163,42,person,0.8317,1311.5,47.8,1914.7,1074.3,1613,561,none
2026-08-06T16:55:24.598361,163,40,person,0.9361,0.0,193.2,543.3,1058.9,271,626,none
2026-08-06T16:55:24.695451,164,15,person,0.8749,683.4,295.1,1034.1,834.6,858,564,none
2026-08-06T16:55:24.696740,164,6,person,0.9125,976.6,248.0,1384.5,1059.7,1180,653,none
2026-08-06T16:55:24.697526,164,42,person,0.891,1310.5,50.8,1912.7,1072.4,1611,561,none
2026-08-06T16:55:24.698185,164,40,person,0.9206,0.0,194.2,538.2,1054.5,269,624,none
2026-08-06T16:55:24.796739,165,15,person,0.8693,684.5,295.2,1033.3,833.8,858,564,none
2026-08-06T16:55:24.798079,165,6,person,0.9143,978.1,250.7,1382.1,1059.0,1180,654,none
2026-08-06T16:55:24.798933,165,42,person,0.8992,1305.9,49.5,1912.3,1075.9,1609,562,none
2026-08-06T16:55:24.799630,165,40,person,0.9264,0.0,196.6,535.5,1053.8,267,625,none
2026-08-06T16:55:24.893437,166,15,person,0.8772,684.5,295.2,1032.4,834.0,858,564,none
2026-08-06T16:55:24.894980,166,6,person,0.9129,980.0,251.7,1380.9,1058.1,1180,654,none
2026-08-06T16:55:24.895759,166,42,person,0.8905,1305.4,50.8,1912.3,1075.2,1608,563,none
2026-08-06T16:55:24.896416,166,40,person,0.9291,0.0,195.3,533.8,1052.2,266,623,none
2026-08-06T16:55:24.998319,167,15,person,0.8751,685.2,295.1,1031.8,833.6,858,564,none
2026-08-06T16:55:24.999577,167,6,person,0.9156,981.2,251.7,1380.0,1057.6,1180,654,none
2026-08-06T16:55:25.000356,167,42,person,0.8997,1298.6,48.0,1910.4,1077.2,1604,562,none
2026-08-06T16:55:25.000998,167,40,person,0.9276,0.0,195.9,531.9,1050.6,265,623,none
2026-08-06T16:55:25.095695,168,15,person,0.8744,685.7,295.0,1031.3,833.2,858,564,none
2026-08-06T16:55:25.096853,168,6,person,0.9154,982.1,252.0,1378.9,1057.3,1180,654,none
2026-08-06T16:55:25.097645,168,42,person,0.8988,1285.3,45.2,1903.0,1077.1,1594,561,none
2026-08-06T16:55:25.098334,168,40,person,0.9227,0.0,194.9,531.4,1051.0,265,622,none
2026-08-06T16:55:25.194893,169,15,person,0.8777,686.0,294.5,1031.0,833.2,858,563,none
2026-08-06T16:55:25.196132,169,6,person,0.916,983.2,252.4,1378.6,1057.7,1180,655,none
2026-08-06T16:55:25.196895,169,42,person,0.921,1278.0,48.1,1898.2,1075.6,1588,561,none
2026-08-06T16:55:25.197539,169,40,person,0.9193,0.0,198.0,528.6,1048.8,264,623,none
2026-08-06T16:55:25.294468,170,15,person,0.872,686.8,294.5,1030.9,833.1,858,563,none
2026-08-06T16:55:25.295875,170,6,person,0.9175,983.9,252.5,1377.9,1058.1,1180,655,none
2026-08-06T16:55:25.296660,170,42,person,0.9158,1269.7,36.6,1899.8,1073.9,1584,555,none
2026-08-06T16:55:25.297323,170,40,person,0.9214,0.0,198.5,527.4,1048.1,263,623,none
2026-08-06T16:55:25.419918,171,15,person,0.8756,687.4,294.7,1031.4,834.1,859,564,none
2026-08-06T16:55:25.421825,171,6,person,0.9172,984.5,252.4,1377.5,1058.5,1181,655,none
2026-08-06T16:55:25.422664,171,42,person,0.9389,1267.2,40.8,1899.3,1074.1,1583,557,none
2026-08-06T16:55:25.423364,171,40,person,0.9214,0.0,199.3,526.3,1048.0,263,623,none
2026-08-06T16:55:25.535359,172,15,person,0.8708,688.0,294.8,1031.8,835.0,859,564,none
2026-08-06T16:55:25.536829,172,6,person,0.9172,985.6,249.4,1378.7,1057.4,1182,653,none
2026-08-06T16:55:25.537718,172,42,person,0.9404,1265.6,41.9,1900.7,1074.0,1583,557,none
2026-08-06T16:55:25.538397,172,40,person,0.9199,0.0,200.8,525.8,1049.7,262,625,none
2026-08-06T16:55:25.648607,173,15,person,0.8692,688.1,294.7,1031.6,835.2,859,564,none
2026-08-06T16:55:25.650343,173,6,person,0.9177,986.4,248.5,1378.9,1056.9,1182,652,none
2026-08-06T16:55:25.651594,173,42,person,0.9377,1263.9,40.3,1903.3,1074.2,1583,557,none
2026-08-06T16:55:25.652701,173,40,person,0.922,0.0,201.4,525.8,1052.8,262,627,none
2026-08-06T16:55:25.814259,174,15,person,0.8755,687.8,294.8,1030.7,835.0,859,564,none
2026-08-06T16:55:25.816892,174,6,person,0.915,985.4,250.4,1376.5,1058.2,1180,654,none
2026-08-06T16:55:25.818694,174,42,person,0.9315,1261.6,37.7,1905.7,1074.8,1583,556,none
2026-08-06T16:55:25.820466,174,40,person,0.9218,0.0,201.5,526.2,1052.3,263,626,none
2026-08-06T16:55:25.917714,175,15,person,0.8938,692.6,329.7,1031.4,863.5,862,596,none
2026-08-06T16:55:25.919647,175,6,person,0.9273,993.5,283.8,1373.6,1066.0,1183,674,none
2026-08-06T16:55:25.920695,175,42,person,0.8854,1270.3,74.0,1897.1,1073.6,1583,573,none
2026-08-06T16:55:25.921520,175,40,person,0.8769,6.4,241.3,521.7,1060.9,264,651,none
2026-08-06T16:55:26.031814,176,15,person,0.8729,694.9,391.0,1034.3,926.4,864,658,none
2026-08-06T16:55:26.033042,176,6,person,0.8988,1012.6,346.6,1365.8,1068.2,1189,707,none
2026-08-06T16:55:26.033786,176,42,person,0.8981,1294.1,142.9,1884.8,1070.2,1589,606,none
2026-08-06T16:55:26.034416,176,60,person,0.8473,0.0,347.4,549.4,1063.4,274,705,none
2026-08-06T16:55:26.129285,177,15,person,0.848,694.3,473.3,1036.1,1012.8,865,743,none
2026-08-06T16:55:26.130538,177,6,person,0.9102,1035.5,436.4,1353.5,1073.3,1194,754,none
2026-08-06T16:55:26.131258,177,42,person,0.8561,1329.9,232.1,1874.3,1068.8,1602,650,none
2026-08-06T16:55:26.131897,177,60,person,0.8687,0.2,402.2,530.3,1069.2,265,735,none
2026-08-06T16:55:26.227625,178,15,person,0.9001,699.2,524.9,1034.8,1053.4,867,789,none
2026-08-06T16:55:26.229123,178,6,person,0.9195,1049.0,485.6,1349.7,1074.8,1199,780,none
2026-08-06T16:55:26.229863,178,42,person,0.6838,1350.6,284.9,1871.1,1068.7,1610,676,none
2026-08-06T16:55:26.230527,178,60,person,0.8779,10.5,438.0,518.0,1069.5,264,753,none
2026-08-06T16:55:26.330079,179,15,person,0.9091,695.0,523.3,1035.0,1059.6,865,791,none
2026-08-06T16:55:26.331397,179,6,person,0.9144,1045.3,484.0,1352.1,1075.5,1198,779,none
2026-08-06T16:55:26.332166,179,42,person,0.901,1340.0,281.6,1872.4,1069.2,1606,675,none
2026-08-06T16:55:26.332847,179,60,person,0.9115,8.6,438.7,519.3,1071.6,263,755,none
2026-08-06T16:55:26.429038,180,15,person,0.8876,691.7,505.9,1034.1,1046.3,862,776,none
2026-08-06T16:55:26.430521,180,6,person,0.9245,1036.9,465.9,1356.5,1075.2,1196,770,none
2026-08-06T16:55:26.431395,180,42,person,0.905,1324.0,262.4,1877.2,1068.8,1600,665,none
2026-08-06T16:55:26.432135,180,60,person,0.9346,0.0,414.1,527.3,1072.7,263,743,none
2026-08-06T16:55:26.528244,181,15,person,0.894,689.5,500.9,1032.5,1042.7,861,771,none
2026-08-06T16:55:26.529847,181,6,person,0.9187,1032.9,461.5,1358.5,1075.7,1195,768,none
2026-08-06T16:55:26.530722,181,42,person,0.9293,1317.0,258.3,1881.3,1070.4,1599,664,none
2026-08-06T16:55:26.531480,181,60,person,0.94,0.0,408.1,528.7,1072.8,264,740,none
2026-08-06T16:55:26.629204,182,15,person,0.9062,688.9,499.9,1032.1,1042.3,860,771,none
2026-08-06T16:55:26.630658,182,6,person,0.9184,1029.8,460.4,1359.2,1075.8,1194,768,none
2026-08-06T16:55:26.631491,182,42,person,0.9275,1312.8,257.8,1884.6,1071.1,1598,664,none
2026-08-06T16:55:26.632215,182,60,person,0.9105,0.0,407.7,527.5,1071.6,263,739,none
2026-08-06T16:55:26.727540,183,15,person,0.9082,688.1,498.7,1032.1,1042.2,860,770,none
2026-08-06T16:55:26.728942,183,6,person,0.9201,1029.2,461.1,1361.3,1076.5,1195,768,none
2026-08-06T16:55:26.729697,183,42,person,0.8925,1310.2,257.9,1887.5,1070.0,1598,663,none
2026-08-06T16:55:26.730330,183,60,person,0.9294,0.0,408.3,529.3,1073.1,264,740,none
2026-08-06T16:55:26.829849,184,15,person,0.9152,687.9,496.5,1032.1,1040.6,860,768,none
2026-08-06T16:55:26.831031,184,6,person,0.9156,1027.9,459.0,1363.5,1076.6,1195,767,none
2026-08-06T16:55:26.831764,184,42,person,0.8705,1306.9,255.2,1890.9,1068.9,1598,662,none
2026-08-06T16:55:26.832384,184,60,person,0.9462,0.0,405.2,529.1,1072.7,264,738,none
2026-08-06T16:55:26.932196,185,15,person,0.9042,688.2,493.7,1032.3,1038.4,860,766,none
2026-08-06T16:55:26.933591,185,6,person,0.9194,1026.2,456.7,1365.0,1075.9,1195,766,none
2026-08-06T16:55:26.934405,185,42,person,0.8877,1305.1,252.0,1895.2,1068.0,1600,659,none
2026-08-06T16:55:26.935232,185,60,person,0.9414,0.0,402.1,530.3,1073.2,265,737,none
2026-08-06T16:55:27.028742,186,15,person,0.8901,689.2,492.5,1032.4,1036.0,860,764,none
2026-08-06T16:55:27.030266,186,6,person,0.9234,1024.3,455.0,1365.8,1075.5,1195,765,none
2026-08-06T16:55:27.031118,186,42,person,0.8574,1304.8,249.2,1899.0,1065.5,1601,657,none
2026-08-06T16:55:27.031869,186,60,person,0.9389,0.0,401.4,530.5,1073.2,265,737,none
2026-08-06T16:55:27.132547,187,15,person,0.9056,689.4,492.0,1031.8,1034.8,860,763,none
2026-08-06T16:55:27.134008,187,6,person,0.926,1022.5,453.5,1367.2,1076.1,1194,764,none
2026-08-06T16:55:27.135016,187,42,person,0.9117,1306.4,250.3,1903.1,1065.9,1604,658,none
2026-08-06T16:55:27.135946,187,60,person,0.9391,0.0,402.9,529.8,1072.7,264,737,none
2026-08-06T16:55:27.234690,188,15,person,0.9116,689.3,492.7,1031.4,1035.7,860,764,none
2026-08-06T16:55:27.236608,188,6,person,0.927,1022.2,455.2,1368.1,1076.4,1195,765,none
2026-08-06T16:55:27.237626,188,42,person,0.9022,1307.9,252.1,1906.4,1067.0,1607,659,none
2026-08-06T16:55:27.238458,188,60,person,0.9291,0.0,405.7,529.3,1072.2,264,738,none
2026-08-06T16:55:27.337404,189,15,person,0.9109,688.3,493.0,1030.6,1037.1,859,765,none
2026-08-06T16:55:27.339065,189,6,person,0.9228,1020.8,455.3,1367.9,1075.8,1194,765,none
2026-08-06T16:55:27.340169,189,42,person,0.8594,1310.7,252.5,1910.5,1067.3,1610,659,none
2026-08-06T16:55:27.341032,189,60,person,0.9193,0.0,405.9,528.8,1071.6,264,738,none
2026-08-06T16:55:27.440292,190,15,person,0.9069,688.5,492.4,1030.7,1037.1,859,764,none
2026-08-06T16:55:27.441798,190,6,person,0.9218,1019.3,454.4,1368.6,1075.7,1193,765,none
2026-08-06T16:55:27.442787,190,42,person,0.9049,1312.4,252.0,1914.5,1069.2,1613,660,none
2026-08-06T16:55:27.443655,190,60,person,0.9326,1.2,407.4,529.4,1071.8,265,739,none
2026-08-06T16:55:27.538518,191,15,person,0.898,689.0,492.9,1030.0,1036.5,859,764,none
2026-08-06T16:55:27.540251,191,6,person,0.9221,1018.4,453.5,1369.5,1075.9,1193,764,none
2026-08-06T16:55:27.541353,191,42,person,0.8789,1314.5,251.0,1917.2,1068.8,1615,659,none
2026-08-06T16:55:27.542264,191,60,person,0.9412,0.2,405.1,530.9,1072.6,265,738,none
2026-08-06T16:55:27.637832,192,15,person,0.8979,690.4,490.8,1030.7,1034.9,860,762,none
2026-08-06T16:55:27.639388,192,6,person,0.9214,1017.0,453.1,1370.2,1076.8,1193,764,none
2026-08-06T16:55:27.640407,192,42,person,0.8619,1320.5,251.7,1920.0,1068.0,1620,659,none
2026-08-06T16:55:27.641303,192,60,person,0.9432,0.1,405.0,531.1,1073.0,265,739,none
2026-08-06T16:55:27.739200,193,15,person,0.8928,690.5,491.4,1030.3,1036.1,860,763,none
2026-08-06T16:55:27.740938,193,6,person,0.924,1015.5,452.7,1370.1,1076.5,1192,764,none
2026-08-06T16:55:27.742038,193,42,person,0.7834,1325.2,251.9,1920.0,1063.0,1622,657,none
2026-08-06T16:55:27.742955,193,60,person,0.9391,0.1,404.6,531.3,1072.8,265,738,none
2026-08-06T16:55:27.838758,194,15,person,0.9052,687.4,491.2,1028.3,1038.8,857,765,none
2026-08-06T16:55:27.840412,194,6,person,0.9214,1014.9,452.6,1370.5,1075.7,1192,764,none
2026-08-06T16:55:27.841437,194,42,person,0.8252,1326.4,253.1,1920.0,1066.0,1623,659,none
2026-08-06T16:55:27.842307,194,60,person,0.939,1.0,407.0,530.1,1072.3,265,739,none
2026-08-06T16:55:27.946487,195,15,person,0.8998,687.9,491.4,1028.5,1039.6,858,765,none
2026-08-06T16:55:27.948322,195,6,person,0.9239,1014.1,453.1,1370.7,1075.9,1192,764,none
2026-08-06T16:55:27.949880,195,42,person,0.8428,1324.7,253.4,1920.0,1067.3,1622,660,none
2026-08-06T16:55:27.950945,195,60,person,0.9253,1.1,407.4,529.8,1071.8,265,739,none
2026-08-06T16:55:28.075670,196,15,person,0.8831,688.6,491.9,1027.7,1038.6,858,765,none
2026-08-06T16:55:28.077134,196,6,person,0.919,1014.5,451.3,1372.7,1075.9,1193,763,none
2026-08-06T16:55:28.078052,196,42,person,0.8933,1319.2,253.3,1919.1,1069.9,1619,661,none
2026-08-06T16:55:28.078824,196,60,person,0.9333,1.3,407.6,529.9,1071.8,265,739,none
2026-08-06T16:55:28.169928,197,15,person,0.886,687.8,492.2,1026.7,1039.7,857,765,none
2026-08-06T16:55:28.171468,197,6,person,0.9179,1014.2,449.9,1373.7,1075.9,1193,762,none
2026-08-06T16:55:28.172425,197,42,person,0.8834,1319.0,253.7,1919.4,1070.8,1619,662,none
2026-08-06T16:55:28.173179,197,60,person,0.9338,1.0,407.2,530.1,1071.9,265,739,none
2026-08-06T16:55:28.277585,198,15,person,0.8888,687.6,490.7,1024.7,1036.7,856,763,none
2026-08-06T16:55:28.279061,198,6,person,0.9184,1013.1,450.2,1372.6,1074.9,1192,762,none
2026-08-06T16:55:28.279965,198,42,person,0.8855,1320.6,253.4,1920.0,1070.8,1620,662,none
2026-08-06T16:55:28.280730,198,60,person,0.9367,0.6,406.3,530.2,1071.6,265,738,none
2026-08-06T16:55:28.363698,199,15,person,0.8823,686.8,484.4,1026.6,1037.6,856,760,none
2026-08-06T16:55:28.365056,199,6,person,0.9206,1012.5,450.8,1372.5,1074.7,1192,762,none
2026-08-06T16:55:28.365945,199,42,person,0.8947,1321.3,253.1,1920.0,1071.1,1620,662,none
2026-08-06T16:55:28.366724,199,60,person,0.9368,0.0,404.8,530.7,1072.0,265,738,none
2026-08-06T16:55:28.468072,200,15,person,0.8856,691.5,477.8,1031.7,1035.9,861,756,none
2026-08-06T16:55:28.469773,200,6,person,0.917,1012.1,451.1,1373.3,1075.6,1192,763,none
2026-08-06T16:55:28.470739,200,42,person,0.8492,1323.3,253.1,1920.0,1070.4,1621,661,none
2026-08-06T16:55:28.471530,200,60,person,0.9403,0.0,405.0,530.2,1071.6,265,738,none
2026-08-06T16:55:28.621213,201,15,person,0.8807,696.7,473.3,1035.4,1034.3,866,753,none
2026-08-06T16:55:28.623162,201,6,person,0.9145,1012.4,450.2,1374.5,1076.0,1193,763,none
2026-08-06T16:55:28.624401,201,42,person,0.8763,1322.4,252.7,1920.0,1070.7,1621,661,none
2026-08-06T16:55:28.625362,201,60,person,0.94,0.0,404.7,530.4,1071.9,265,738,none
2026-08-06T16:55:28.741654,202,15,person,0.8741,697.8,469.8,1035.5,1035.0,866,752,none
2026-08-06T16:55:28.743038,202,6,person,0.9172,1011.3,450.7,1373.7,1075.4,1192,763,none
2026-08-06T16:55:28.743888,202,42,person,0.8477,1318.8,252.1,1919.1,1070.7,1618,661,none
2026-08-06T16:55:28.744624,202,60,person,0.9423,0.0,405.1,529.6,1071.7,264,738,none
2026-08-06T16:55:28.828273,203,15,person,0.8656,701.0,474.0,1033.6,1035.3,867,754,none
2026-08-06T16:55:28.829715,203,6,person,0.9217,1011.1,451.1,1373.8,1074.7,1192,762,none
2026-08-06T16:55:28.830511,203,42,person,0.8375,1315.7,252.0,1916.9,1070.8,1616,661,none
2026-08-06T16:55:28.831190,203,60,person,0.9418,0.0,406.0,528.8,1071.9,264,738,none
2026-08-06T16:55:28.928241,204,15,person,0.8645,702.2,479.5,1030.2,1035.4,866,757,none
2026-08-06T16:55:28.929673,204,6,person,0.9178,1010.8,451.0,1374.4,1075.1,1192,763,none
2026-08-06T16:55:28.930414,204,42,person,0.8489,1314.2,252.7,1915.9,1070.9,1615,661,none
2026-08-06T16:55:28.931077,204,60,person,0.9433,0.0,405.7,528.1,1071.6,264,738,none
2026-08-06T16:55:29.029720,205,15,person,0.8687,703.3,481.5,1028.1,1034.5,865,758,none
2026-08-06T16:55:29.030909,205,6,person,0.917,1010.8,450.9,1374.9,1075.0,1192,762,none
2026-08-06T16:55:29.031638,205,42,person,0.8258,1313.6,252.9,1915.8,1070.5,1614,661,none
2026-08-06T16:55:29.032283,205,60,person,0.9398,0.0,405.6,527.2,1071.9,263,738,none
2026-08-06T16:55:29.128625,206,15,person,0.8712,704.2,478.3,1028.7,1034.5,866,756,none
2026-08-06T16:55:29.129958,206,6,person,0.9167,1010.2,450.9,1374.7,1074.6,1192,762,none
2026-08-06T16:55:29.130713,206,42,person,0.8379,1313.9,252.6,1916.9,1070.7,1615,661,none
2026-08-06T16:55:29.131377,206,60,person,0.9415,0.0,405.0,525.4,1071.6,262,738,none
2026-08-06T16:55:29.227728,207,15,person,0.881,705.3,474.3,1028.9,1033.4,867,753,none
2026-08-06T16:55:29.229279,207,6,person,0.9177,1009.2,451.0,1374.4,1074.8,1191,762,none
2026-08-06T16:55:29.230049,207,42,person,0.8053,1313.2,252.2,1916.8,1070.5,1614,661,none
2026-08-06T16:55:29.230695,207,60,person,0.934,0.0,404.1,524.1,1071.8,262,737,none
2026-08-06T16:55:29.345622,208,15,person,0.8833,705.2,471.9,1028.6,1033.6,866,752,none
2026-08-06T16:55:29.346865,208,6,person,0.919,1009.2,451.2,1375.0,1075.0,1192,763,none
2026-08-06T16:55:29.347619,208,42,person,0.832,1315.5,252.1,1919.3,1070.9,1617,661,none
2026-08-06T16:55:29.348264,208,60,person,0.9301,0.0,404.4,520.9,1071.1,260,737,none
2026-08-06T16:55:29.424610,209,15,person,0.8871,700.9,470.1,1025.0,1033.6,862,751,none
2026-08-06T16:55:29.426599,209,6,person,0.9153,1009.3,451.4,1375.5,1075.3,1192,763,none
2026-08-06T16:55:29.427378,209,42,person,0.8444,1317.8,252.4,1920.0,1071.4,1618,661,none
2026-08-06T16:55:29.428039,209,60,person,0.928,0.0,405.3,518.5,1070.2,259,737,none
2026-08-06T16:55:29.540593,210,15,person,0.8849,699.4,471.5,1023.0,1034.2,861,752,none
2026-08-06T16:55:29.541926,210,6,person,0.919,1009.1,451.6,1375.6,1075.5,1192,763,none
2026-08-06T16:55:29.542715,210,42,person,0.7807,1322.2,252.9,1920.0,1071.6,1621,662,none
2026-08-06T16:55:29.543378,210,60,person,0.9319,0.0,404.7,517.3,1069.8,258,737,none
2026-08-06T16:55:29.625698,211,15,person,0.8931,697.9,475.0,1020.6,1035.2,859,755,none
2026-08-06T16:55:29.627387,211,6,person,0.9205,1008.6,451.9,1375.4,1075.3,1191,763,none
2026-08-06T16:55:29.628154,211,42,person,0.7374,1328.6,253.6,1920.0,1071.7,1624,662,none
2026-08-06T16:55:29.628820,211,60,person,0.9299,0.0,404.2,514.5,1069.5,257,736,none
2026-08-06T16:55:29.731221,212,15,person,0.8995,698.1,483.4,1017.5,1035.5,857,759,none
2026-08-06T16:55:29.732487,212,6,person,0.9167,1009.1,450.5,1376.5,1075.0,1192,762,none
2026-08-06T16:55:29.733219,212,42,person,0.5568,1335.9,253.6,1920.0,1069.0,1627,661,none
2026-08-06T16:55:29.733867,212,60,person,0.9382,0.0,404.3,512.3,1069.3,256,736,none
2026-08-06T16:55:29.829417,213,15,person,0.8988,700.1,487.5,1018.2,1035.1,859,761,none
2026-08-06T16:55:29.830628,213,6,person,0.9209,1008.7,449.7,1376.6,1074.8,1192,762,none
2026-08-06T16:55:29.831327,213,42,person,0.655,1336.9,253.5,1920.0,1068.5,1628,661,none
2026-08-06T16:55:29.831964,213,60,person,0.9369,0.0,404.0,510.3,1068.7,255,736,none
2026-08-06T16:55:29.925928,214,15,person,0.8986,703.0,490.5,1020.5,1035.1,861,762,none
2026-08-06T16:55:29.927555,214,6,person,0.9182,1009.3,449.8,1377.0,1074.7,1193,762,none
2026-08-06T16:55:29.928349,214,42,person,0.7315,1336.3,253.8,1920.0,1068.7,1628,661,none
2026-08-06T16:55:29.929033,214,60,person,0.9341,0.0,403.7,508.7,1068.6,254,736,none
2026-08-06T16:55:30.029224,215,15,person,0.9029,703.0,491.1,1020.9,1034.1,861,762,none
2026-08-06T16:55:30.030525,215,6,person,0.9142,1009.8,449.8,1377.3,1074.8,1193,762,none
2026-08-06T16:55:30.031247,215,42,person,0.7945,1336.1,253.5,1920.0,1069.6,1628,661,none
2026-08-06T16:55:30.031909,215,60,person,0.9254,0.0,402.9,508.2,1069.2,254,736,none
2026-08-06T16:55:30.130173,216,15,person,0.9075,701.3,491.4,1020.0,1032.8,860,762,none
2026-08-06T16:55:30.131324,216,6,person,0.9128,1009.6,451.8,1376.4,1075.2,1192,763,none
2026-08-06T16:55:30.132030,216,42,person,0.7753,1336.0,253.5,1920.0,1070.8,1627,662,none
2026-08-06T16:55:30.132652,216,60,person,0.9361,0.0,402.8,509.3,1069.9,254,736,none
2026-08-06T16:55:30.225536,217,15,person,0.9071,700.7,492.4,1019.8,1031.4,860,761,none
2026-08-06T16:55:30.227140,217,6,person,0.9156,1009.6,452.3,1376.5,1075.5,1193,763,none
2026-08-06T16:55:30.227888,217,42,person,0.7863,1335.8,253.8,1920.0,1071.9,1627,662,none
2026-08-06T16:55:30.228541,217,60,person,0.928,0.0,402.5,510.0,1070.6,255,736,none
2026-08-06T16:55:30.333170,218,15,person,0.905,699.8,491.3,1020.2,1029.6,859,760,none
2026-08-06T16:55:30.334439,218,6,person,0.9151,1010.5,452.7,1377.2,1075.7,1193,764,none
2026-08-06T16:55:30.335189,218,42,person,0.7473,1336.6,253.7,1920.0,1072.1,1628,662,none
2026-08-06T16:55:30.335832,218,60,person,0.9287,0.0,403.0,510.7,1071.6,255,737,none
2026-08-06T16:55:30.424343,219,15,person,0.9048,699.9,491.2,1021.2,1028.3,860,759,none
2026-08-06T16:55:30.426268,219,6,person,0.9116,1011.6,451.0,1378.4,1074.9,1195,762,none
2026-08-06T16:55:30.427016,219,42,person,0.758,1337.0,253.6,1920.0,1072.2,1628,662,none
2026-08-06T16:55:30.427687,219,60,person,0.9328,0.0,404.1,509.9,1071.4,254,737,none
2026-08-06T16:55:30.528504,220,15,person,0.8937,700.3,491.9,1022.8,1028.0,861,759,none
2026-08-06T16:55:30.529927,220,6,person,0.9139,1012.5,450.3,1379.0,1074.6,1195,762,none
2026-08-06T16:55:30.530671,220,42,person,0.7572,1337.6,253.8,1920.0,1072.0,1628,662,none
2026-08-06T16:55:30.531343,220,60,person,0.938,0.0,406.2,508.9,1071.6,254,738,none
2026-08-06T16:55:30.630546,221,15,person,0.892,699.9,492.7,1023.9,1028.7,861,760,none
2026-08-06T16:55:30.631772,221,6,person,0.9169,1012.1,451.7,1378.1,1075.3,1195,763,none
2026-08-06T16:55:30.632497,221,42,person,0.7986,1338.1,253.9,1920.0,1071.7,1629,662,none
2026-08-06T16:55:30.633138,221,60,person,0.934,0.0,406.4,509.1,1071.7,254,739,none
2026-08-06T16:55:30.726673,222,15,person,0.9033,699.8,493.2,1025.0,1028.6,862,760,none
2026-08-06T16:55:30.728206,222,6,person,0.9157,1012.2,452.4,1377.8,1075.3,1195,763,none
2026-08-06T16:55:30.729012,222,42,person,0.8549,1338.3,254.3,1920.0,1071.7,1629,663,none
2026-08-06T16:55:30.729704,222,60,person,0.9325,0.0,407.6,508.7,1071.7,254,739,none
2026-08-06T16:55:30.832860,223,15,person,0.9029,699.6,493.0,1026.4,1028.9,862,760,none
2026-08-06T16:55:30.834060,223,6,person,0.9158,1012.0,452.8,1377.6,1075.6,1194,764,none
2026-08-06T16:55:30.834771,223,42,person,0.7869,1337.7,255.0,1920.0,1071.1,1628,663,none
2026-08-06T16:55:30.835404,223,60,person,0.9316,0.0,406.3,509.1,1071.5,254,738,none
2026-08-06T16:55:30.928998,224,15,person,0.9074,699.5,493.3,1027.7,1029.4,863,761,none
2026-08-06T16:55:30.930323,224,6,person,0.9096,1012.4,453.0,1378.1,1076.4,1195,764,none
2026-08-06T16:55:30.931051,224,42,person,0.8482,1333.6,255.4,1917.5,1071.0,1625,663,none
2026-08-06T16:55:30.931699,224,60,person,0.936,0.0,406.1,508.3,1071.0,254,738,none
2026-08-06T16:55:31.030450,225,15,person,0.9093,699.5,493.5,1028.7,1029.6,864,761,none
2026-08-06T16:55:31.031721,225,6,person,0.9118,1012.7,453.0,1378.5,1076.9,1195,764,none
2026-08-06T16:55:31.032494,225,42,person,0.8889,1329.6,255.7,1914.8,1071.3,1622,663,none
2026-08-06T16:55:31.033143,225,60,person,0.9397,0.0,406.8,505.9,1070.2,252,738,none
2026-08-06T16:55:31.131391,226,15,person,0.9051,698.7,493.2,1029.5,1030.4,864,761,none
2026-08-06T16:55:31.132556,226,6,person,0.914,1012.1,452.9,1377.7,1076.3,1194,764,none
2026-08-06T16:55:31.133266,226,42,person,0.8857,1324.2,255.3,1911.4,1070.7,1617,662,none
2026-08-06T16:55:31.133910,226,60,person,0.936,0.0,405.7,504.9,1070.1,252,737,none
2026-08-06T16:55:31.229220,227,15,person,0.904,698.1,492.8,1029.8,1030.2,863,761,none
2026-08-06T16:55:31.230460,227,6,person,0.9172,1012.0,452.8,1377.4,1075.8,1194,764,none
2026-08-06T16:55:31.231197,227,42,person,0.8866,1320.8,254.5,1910.0,1069.8,1615,662,none
2026-08-06T16:55:31.231855,227,60,person,0.9358,0.0,405.4,504.0,1070.3,252,737,none
2026-08-06T16:55:31.330499,228,15,person,0.9011,697.4,492.6,1030.0,1030.1,863,761,none
2026-08-06T16:55:31.331682,228,6,person,0.9202,1012.3,452.6,1377.6,1075.1,1194,763,none
2026-08-06T16:55:31.332419,228,42,person,0.8978,1315.9,254.0,1907.4,1068.8,1611,661,none
2026-08-06T16:55:31.333048,228,60,person,0.9292,0.0,407.5,501.2,1069.2,250,738,none
2026-08-06T16:55:31.429104,229,15,person,0.8965,697.1,492.8,1030.3,1029.9,863,761,none
2026-08-06T16:55:31.430412,229,6,person,0.9202,1012.2,452.6,1377.7,1075.4,1194,763,none
2026-08-06T16:55:31.431122,229,42,person,0.9169,1311.6,253.3,1906.3,1068.6,1608,660,none
2026-08-06T16:55:31.431760,229,60,person,0.9316,0.0,407.1,501.8,1068.2,250,737,none
2026-08-06T16:55:31.529985,230,15,person,0.8977,696.6,492.1,1030.7,1029.7,863,760,none
2026-08-06T16:55:31.531146,230,6,person,0.9197,1012.5,452.7,1378.0,1075.6,1195,764,none
2026-08-06T16:55:31.531879,230,42,person,0.8717,1309.5,254.7,1905.5,1067.7,1607,661,none
2026-08-06T16:55:31.532512,230,60,person,0.9256,0.0,406.7,502.0,1067.1,250,736,none
2026-08-06T16:55:31.628065,231,15,person,0.8997,696.4,492.0,1031.3,1030.1,863,761,none
2026-08-06T16:55:31.629585,231,6,person,0.9217,1013.6,452.7,1378.6,1075.0,1196,763,none
2026-08-06T16:55:31.630347,231,42,person,0.8843,1303.7,253.0,1903.9,1067.3,1603,660,none
2026-08-06T16:55:31.630999,231,60,person,0.9013,0.6,405.5,506.1,1068.9,253,737,none
2026-08-06T16:55:31.732352,232,15,person,0.8982,696.2,492.1,1031.9,1030.8,864,761,none
2026-08-06T16:55:31.733583,232,6,person,0.9181,1012.3,452.8,1377.4,1074.6,1194,763,none
2026-08-06T16:55:31.734355,232,42,person,0.8339,1299.0,251.2,1902.4,1064.8,1600,657,none
2026-08-06T16:55:31.735046,232,60,person,0.9032,2.3,406.5,508.9,1070.4,255,738,none
2026-08-06T16:55:31.826805,233,15,person,0.8953,695.9,491.9,1032.3,1031.1,864,761,none
2026-08-06T16:55:31.828250,233,6,person,0.9198,1012.1,452.9,1377.2,1074.2,1194,763,none
2026-08-06T16:55:31.829034,233,42,person,0.8671,1293.3,249.1,1901.5,1063.9,1597,656,none
2026-08-06T16:55:31.829703,233,60,person,0.886,8.7,408.8,512.8,1070.0,260,739,none
2026-08-06T16:55:31.830336,233,74,person,0.4931,1484.3,246.7,1918.7,1038.8,1701,642,none
2026-08-06T16:55:31.928243,234,15,person,0.8973,694.9,491.9,1032.1,1031.5,863,761,none
2026-08-06T16:55:31.929558,234,6,person,0.9209,1012.1,452.7,1377.7,1074.9,1194,763,none
2026-08-06T16:55:31.930287,234,42,person,0.8573,1286.5,248.4,1899.5,1063.9,1592,656,none
2026-08-06T16:55:31.930945,234,60,person,0.5587,0.0,176.4,591.7,1071.5,295,623,none
2026-08-06T16:55:31.931555,234,74,person,0.466,1482.6,246.3,1917.9,1040.0,1700,643,none
2026-08-06T16:55:32.023778,235,15,person,0.8966,694.1,491.9,1032.0,1031.9,863,761,none
2026-08-06T16:55:32.025383,235,6,person,0.9203,1012.6,452.5,1378.3,1074.4,1195,763,none
2026-08-06T16:55:32.026371,235,42,person,0.898,1279.0,247.1,1898.8,1066.1,1588,656,none
2026-08-06T16:55:32.027079,235,60,person,0.4829,0.0,255.6,570.1,1071.9,285,663,none
2026-08-06T16:55:32.130696,236,15,person,0.8955,693.8,492.3,1031.8,1032.0,862,762,none
2026-08-06T16:55:32.131987,236,6,person,0.9168,1012.3,452.2,1378.3,1074.1,1195,763,none
2026-08-06T16:55:32.132742,236,42,person,0.8825,1274.7,246.3,1899.5,1066.6,1587,656,none
2026-08-06T16:55:32.133388,236,60,person,0.4523,0.0,219.7,593.2,1072.5,296,646,none
2026-08-06T16:55:32.134017,236,78,person,0.5642,98.0,569.6,527.7,1074.3,312,821,none
2026-08-06T16:55:32.229524,237,15,person,0.897,693.3,492.2,1031.6,1032.0,862,762,none
2026-08-06T16:55:32.230980,237,6,person,0.916,1012.0,452.1,1378.2,1073.8,1195,762,none
2026-08-06T16:55:32.231764,237,42,person,0.8557,1275.9,246.1,1903.2,1065.9,1589,656,none
2026-08-06T16:55:32.232449,237,60,person,0.5193,0.0,76.8,615.5,1077.4,307,577,none
2026-08-06T16:55:32.233077,237,78,person,0.4346,68.1,502.8,552.7,1073.6,310,788,none
2026-08-06T16:55:32.233820,237,79,person,0.4628,0.0,0.0,249.7,1070.3,124,535,none
2026-08-06T16:55:32.234453,237,74,person,0.5147,1478.3,244.6,1919.1,1048.2,1698,646,none
2026-08-06T16:55:32.324133,238,15,person,0.9004,693.0,491.8,1031.7,1031.8,862,761,none
2026-08-06T16:55:32.325806,238,6,person,0.9159,1012.2,452.1,1378.6,1074.0,1195,763,none
2026-08-06T16:55:32.326800,238,42,person,0.836,1278.7,246.2,1907.7,1065.8,1593,655,none
2026-08-06T16:55:32.327557,238,60,person,0.5223,0.0,21.8,616.4,1078.6,308,550,none
2026-08-06T16:55:32.328221,238,78,person,0.6462,106.8,563.0,539.3,1072.9,323,817,none
2026-08-06T16:55:32.328851,238,74,person,0.4742,1477.1,244.5,1919.3,1050.5,1698,647,none
2026-08-06T16:55:32.428974,239,15,person,0.9043,693.0,491.8,1031.7,1031.5,862,761,none
2026-08-06T16:55:32.430323,239,6,person,0.9168,1012.4,452.1,1379.0,1074.3,1195,763,none
2026-08-06T16:55:32.431066,239,42,person,0.8582,1279.5,246.5,1909.8,1065.6,1594,656,none
2026-08-06T16:55:32.431764,239,60,person,0.4046,0.0,0.0,589.3,1073.4,294,536,none
2026-08-06T16:55:32.432394,239,78,person,0.656,137.6,600.5,537.2,1072.8,337,836,none
2026-08-06T16:55:32.433018,239,74,person,0.4612,1475.1,244.5,1915.7,1046.4,1695,645,none
2026-08-06T16:55:32.433647,239,79,person,0.4015,0.0,5.7,241.1,1068.9,120,537,none
2026-08-06T16:55:32.523835,240,15,person,0.8986,693.6,492.7,1031.8,1031.4,862,762,none
2026-08-06T16:55:32.525242,240,6,person,0.916,1012.0,451.9,1378.8,1074.3,1195,763,none
2026-08-06T16:55:32.526159,240,42,person,0.9169,1278.4,246.8,1911.6,1068.1,1595,657,none
2026-08-06T16:55:32.526872,240,60,person,0.6184,0.0,0.0,589.8,1071.3,294,535,none
2026-08-06T16:55:32.527489,240,78,person,0.5325,147.6,607.8,539.7,1072.5,343,840,none
2026-08-06T16:55:32.631399,241,15,person,0.8992,693.9,493.1,1031.9,1031.4,862,762,none
2026-08-06T16:55:32.632726,241,6,person,0.9174,1011.9,451.7,1378.8,1074.2,1195,762,none
2026-08-06T16:55:32.633485,241,42,person,0.9194,1277.0,247.2,1912.3,1069.5,1594,658,none
2026-08-06T16:55:32.634189,241,60,person,0.5868,0.0,0.0,589.3,1075.2,294,537,none
2026-08-06T16:55:32.724940,242,15,person,0.8988,694.0,492.9,1032.3,1031.6,863,762,none
2026-08-06T16:55:32.726961,242,6,person,0.9143,1011.5,451.8,1378.8,1074.6,1195,763,none
2026-08-06T16:55:32.727767,242,42,person,0.9185,1275.2,246.7,1912.8,1070.3,1594,658,none
2026-08-06T16:55:32.728475,242,60,person,0.7082,0.0,0.0,585.0,1073.5,292,536,none
2026-08-06T16:55:32.845533,243,15,person,0.8995,694.5,493.0,1032.8,1031.5,863,762,none
2026-08-06T16:55:32.846850,243,6,person,0.9144,1011.8,450.7,1379.7,1074.8,1195,762,none
2026-08-06T16:55:32.847656,243,42,person,0.9082,1274.1,246.4,1912.8,1069.9,1593,658,none
2026-08-06T16:55:32.848353,243,60,person,0.8744,0.0,0.0,582.4,1071.4,291,535,none
2026-08-06T16:55:32.923765,244,15,person,0.8973,694.2,492.1,1032.7,1031.1,863,761,none
2026-08-06T16:55:32.925233,244,6,person,0.9144,1011.2,448.9,1379.7,1074.1,1195,761,none
2026-08-06T16:55:32.926312,244,42,person,0.9111,1273.8,246.7,1913.3,1069.6,1593,658,none
2026-08-06T16:55:32.927068,244,60,person,0.8446,0.0,0.0,579.5,1070.9,289,535,none
2026-08-06T16:55:33.032317,245,15,person,0.8992,693.6,491.4,1032.5,1031.2,863,761,none
2026-08-06T16:55:33.033632,245,6,person,0.9139,1010.6,447.3,1379.7,1073.6,1195,760,none
2026-08-06T16:55:33.034429,245,42,person,0.9113,1273.7,247.2,1913.8,1069.6,1593,658,none
2026-08-06T16:55:33.035135,245,60,person,0.8746,0.0,0.0,575.7,1070.1,287,535,none
2026-08-06T16:55:33.128501,246,15,person,0.9024,693.7,491.2,1032.6,1031.4,863,761,none
2026-08-06T16:55:33.129913,246,6,person,0.9135,1009.1,446.0,1379.2,1073.8,1194,759,none
2026-08-06T16:55:33.130643,246,42,person,0.911,1274.1,248.0,1914.3,1069.4,1594,658,none
2026-08-06T16:55:33.131329,246,60,person,0.7492,0.0,0.0,571.3,1076.5,285,538,none
2026-08-06T16:55:33.226749,247,15,person,0.906,693.7,491.3,1032.6,1031.6,863,761,none
2026-08-06T16:55:33.228325,247,6,person,0.9122,1010.0,444.5,1380.4,1073.7,1195,759,none
2026-08-06T16:55:33.229130,247,42,person,0.8634,1275.7,248.5,1914.7,1067.5,1595,658,none
2026-08-06T16:55:33.229832,247,60,person,0.7505,0.0,0.0,567.6,1074.9,283,537,none
2026-08-06T16:55:33.332517,248,15,person,0.9075,693.7,491.3,1032.4,1031.3,863,761,none
2026-08-06T16:55:33.333728,248,6,person,0.9079,1009.8,444.1,1380.4,1074.1,1195,759,none
2026-08-06T16:55:33.334459,248,42,person,0.8067,1278.0,248.5,1914.7,1063.4,1596,655,none
2026-08-06T16:55:33.335150,248,60,person,0.7002,0.0,0.0,566.7,1078.3,283,539,none
2026-08-06T16:55:33.335790,248,74,person,0.5677,1480.1,246.1,1911.2,1026.2,1695,636,none
2026-08-06T16:55:33.425653,249,15,person,0.9045,693.2,491.4,1032.0,1031.4,862,761,none
2026-08-06T16:55:33.427509,249,6,person,0.907,1009.4,444.1,1379.9,1074.4,1194,759,none
2026-08-06T16:55:33.428370,249,42,person,0.651,1279.3,247.9,1915.8,1061.5,1597,654,none
2026-08-06T16:55:33.429105,249,60,person,0.5912,0.0,0.0,555.5,1079.0,277,539,none
2026-08-06T16:55:33.429735,249,74,person,0.6816,1480.6,246.3,1911.2,1021.2,1695,633,none
2026-08-06T16:55:33.430338,249,78,person,0.4888,155.5,594.6,554.1,1073.9,354,834,none
2026-08-06T16:55:33.529744,250,15,person,0.9042,693.0,492.0,1031.7,1031.5,862,761,none
2026-08-06T16:55:33.530991,250,6,person,0.9085,1009.9,444.5,1380.0,1074.8,1194,759,none
2026-08-06T16:55:33.531704,250,42,person,0.6566,1279.3,247.8,1916.1,1060.7,1597,654,none
2026-08-06T16:55:33.532389,250,60,person,0.6199,0.0,0.0,551.6,1079.9,275,539,none
2026-08-06T16:55:33.533018,250,74,person,0.6646,1480.0,246.6,1911.5,1019.1,1695,632,none
2026-08-06T16:55:33.533592,250,78,person,0.4765,157.2,601.4,547.4,1073.8,352,837,none
2026-08-06T16:55:33.628826,251,15,person,0.9047,692.8,492.0,1031.8,1031.8,862,761,none
2026-08-06T16:55:33.630295,251,6,person,0.9101,1010.0,444.8,1379.7,1074.7,1194,759,none
2026-08-06T16:55:33.631113,251,42,person,0.6528,1279.4,247.1,1916.9,1060.1,1598,653,none
2026-08-06T16:55:33.631820,251,60,person,0.5632,0.0,0.0,545.6,1079.7,272,539,none
2026-08-06T16:55:33.632499,251,74,person,0.6912,1479.0,246.1,1912.4,1019.0,1695,632,none
2026-08-06T16:55:33.633120,251,78,person,0.4888,156.2,598.6,545.1,1074.1,350,836,none
2026-08-06T16:55:33.730761,252,15,person,0.9061,692.8,492.1,1032.0,1032.0,862,762,none
2026-08-06T16:55:33.732123,252,6,person,0.91,1010.0,444.6,1379.5,1074.5,1194,759,none
2026-08-06T16:55:33.732968,252,42,person,0.6756,1276.0,247.5,1915.0,1060.9,1595,654,none
2026-08-06T16:55:33.733702,252,60,person,0.4625,0.0,0.0,540.9,1078.9,270,539,none
2026-08-06T16:55:33.734349,252,74,person,0.657,1478.4,246.6,1911.7,1015.8,1695,631,none
2026-08-06T16:55:33.734947,252,78,person,0.5828,157.0,598.1,542.4,1073.7,349,835,none
2026-08-06T16:55:33.828843,253,15,person,0.9033,692.7,492.0,1031.9,1032.0,862,762,none
2026-08-06T16:55:33.830309,253,6,person,0.9118,1010.4,444.6,1379.6,1074.4,1195,759,none
2026-08-06T16:55:33.831059,253,42,person,0.7664,1277.1,248.1,1914.9,1058.9,1595,653,none
2026-08-06T16:55:33.831710,253,74,person,0.5921,1477.0,246.3,1912.7,1017.0,1694,631,none
2026-08-06T16:55:33.832328,253,78,person,0.4564,146.3,582.7,540.5,1073.0,343,827,none
2026-08-06T16:55:33.928685,254,15,person,0.9016,692.9,491.9,1032.0,1031.6,862,761,none
2026-08-06T16:55:33.930183,254,6,person,0.9112,1010.7,444.7,1379.7,1074.4,1195,759,none
2026-08-06T16:55:33.930988,254,42,person,0.8068,1275.7,247.6,1915.7,1060.4,1595,653,none
2026-08-06T16:55:33.931673,254,74,person,0.5358,1474.4,245.5,1914.2,1021.6,1694,633,none
2026-08-06T16:55:33.932300,254,78,person,0.5045,119.7,542.2,542.3,1072.9,330,807,none
2026-08-06T16:55:33.932936,254,60,person,0.4387,79.8,277.9,507.4,1071.6,293,674,none
2026-08-06T16:55:34.025543,255,15,person,0.8998,693.2,491.9,1032.3,1031.3,862,761,none
2026-08-06T16:55:34.027395,255,6,person,0.9097,1010.7,444.8,1379.3,1074.2,1195,759,none
2026-08-06T16:55:34.028228,255,42,person,0.8347,1275.1,247.4,1916.9,1062.2,1596,654,none
2026-08-06T16:55:34.028886,255,74,person,0.5329,1472.2,245.2,1914.8,1024.5,1693,634,none
2026-08-06T16:55:34.029518,255,78,person,0.4154,104.5,512.6,545.3,1072.7,324,792,none
2026-08-06T16:55:34.030162,255,60,person,0.438,7.9,77.0,536.4,1065.4,272,571,none
2026-08-06T16:55:34.130139,256,15,person,0.9005,693.1,491.8,1032.3,1031.2,862,761,none
2026-08-06T16:55:34.131486,256,6,person,0.9079,1010.5,445.1,1378.9,1074.1,1194,759,none
2026-08-06T16:55:34.132241,256,42,person,0.8848,1273.5,246.9,1918.2,1065.4,1595,656,none
2026-08-06T16:55:34.132948,256,60,person,0.4909,0.0,31.4,541.2,1066.7,270,549,none
2026-08-06T16:55:34.223962,257,15,person,0.9021,692.9,491.6,1032.3,1031.3,862,761,none
2026-08-06T16:55:34.225361,257,6,person,0.9097,1010.7,445.2,1379.0,1074.0,1194,759,none
2026-08-06T16:55:34.226454,257,42,person,0.8662,1272.5,246.1,1918.1,1065.4,1595,655,none
2026-08-06T16:55:34.227210,257,60,person,0.584,0.0,12.6,541.5,1067.2,270,539,none
2026-08-06T16:55:34.329777,258,15,person,0.8997,693.0,491.7,1032.3,1031.3,862,761,none
2026-08-06T16:55:34.331066,258,6,person,0.9092,1010.8,445.4,1378.9,1073.9,1194,759,none
2026-08-06T16:55:34.331800,258,42,person,0.7965,1273.3,246.3,1917.4,1063.3,1595,654,none
2026-08-06T16:55:34.332486,258,60,person,0.5566,0.0,6.7,539.9,1067.6,269,537,none
2026-08-06T16:55:34.432065,259,15,person,0.9006,693.2,492.0,1032.3,1031.2,862,761,none
2026-08-06T16:55:34.433241,259,6,person,0.9082,1010.6,445.4,1378.7,1074.2,1194,759,none
2026-08-06T16:55:34.433970,259,42,person,0.791,1273.6,246.4,1917.5,1062.7,1595,654,none
2026-08-06T16:55:34.434657,259,60,person,0.4186,0.0,3.3,470.2,1063.0,235,533,none
2026-08-06T16:55:34.524773,260,15,person,0.9016,693.1,492.2,1032.0,1031.3,862,761,none
2026-08-06T16:55:34.526298,260,6,person,0.9086,1010.4,445.4,1378.6,1074.3,1194,759,none
2026-08-06T16:55:34.527234,260,42,person,0.7432,1273.8,246.9,1919.7,1066.2,1596,656,none
2026-08-06T16:55:34.527940,260,60,person,0.4278,0.0,3.1,439.0,1059.7,219,531,none
2026-08-06T16:55:34.629977,261,15,person,0.9028,693.3,491.9,1032.2,1031.1,862,761,none
2026-08-06T16:55:34.631208,261,6,person,0.9089,1010.1,445.2,1378.5,1074.4,1194,759,none
2026-08-06T16:55:34.631896,261,42,person,0.7234,1274.1,247.1,1920.0,1067.3,1597,657,none
2026-08-06T16:55:34.632568,261,60,person,0.5225,0.0,2.3,489.5,1067.1,244,534,none
2026-08-06T16:55:34.730825,262,15,person,0.9043,693.6,491.7,1032.3,1030.8,862,761,none
2026-08-06T16:55:34.732121,262,6,person,0.909,1009.9,445.0,1378.4,1074.4,1194,759,none
2026-08-06T16:55:34.732889,262,42,person,0.7292,1274.5,247.0,1920.0,1067.6,1597,657,none
2026-08-06T16:55:34.733593,262,60,person,0.5766,0.0,2.6,503.3,1066.7,251,534,none
2026-08-06T16:55:34.734264,262,79,person,0.5135,37.2,7.4,315.1,1066.0,176,536,none
2026-08-06T16:55:34.829025,263,15,person,0.9066,693.9,491.7,1032.8,1031.3,863,761,none
2026-08-06T16:55:34.830399,263,6,person,0.9092,1010.1,444.8,1378.6,1074.4,1194,759,none
2026-08-06T16:55:34.831121,263,42,person,0.7098,1275.0,247.2,1920.0,1067.8,1597,657,none
2026-08-06T16:55:34.831805,263,79,person,0.5094,35.6,7.3,329.2,1064.2,182,535,none
2026-08-06T16:55:34.832430,263,74,person,0.4223,1476.9,245.3,1912.7,1008.2,1694,626,none
2026-08-06T16:55:34.930368,264,15,person,0.9084,693.9,491.4,1032.8,1031.5,863,761,none
2026-08-06T16:55:34.931616,264,6,person,0.9094,1009.9,444.8,1378.3,1074.2,1194,759,none
2026-08-06T16:55:34.932371,264,42,person,0.6995,1275.3,247.5,1920.0,1067.9,1597,657,none
2026-08-06T16:55:34.933033,264,74,person,0.4878,1476.5,245.4,1913.9,1008.0,1695,626,none
2026-08-06T16:55:34.933705,264,60,person,0.6624,0.0,2.9,481.8,1063.9,240,533,none
2026-08-06T16:55:35.023742,265,15,person,0.9059,693.8,491.1,1032.9,1031.7,863,761,none
2026-08-06T16:55:35.025241,265,6,person,0.9106,1009.7,444.8,1378.2,1074.2,1193,759,none
2026-08-06T16:55:35.026325,265,42,person,0.7452,1276.7,248.1,1917.6,1061.8,1597,654,none
2026-08-06T16:55:35.026982,265,74,person,0.5098,1474.5,245.5,1915.6,1012.9,1695,629,none
2026-08-06T16:55:35.027669,265,60,person,0.7047,0.0,2.3,497.3,1066.3,248,534,none
2026-08-06T16:55:35.132150,266,15,person,0.9057,693.7,491.0,1032.6,1031.6,863,761,none
2026-08-06T16:55:35.133325,266,6,person,0.91,1010.0,444.9,1378.3,1073.9,1194,759,none
2026-08-06T16:55:35.134044,266,42,person,0.7285,1275.2,247.5,1919.6,1066.0,1597,656,none
2026-08-06T16:55:35.134682,266,74,person,0.5352,1473.6,245.8,1916.8,1015.9,1695,630,none
2026-08-06T16:55:35.135335,266,60,person,0.7062,0.0,0.9,503.1,1067.0,251,533,none
2026-08-06T16:55:35.229248,267,15,person,0.9052,694.1,490.8,1032.7,1031.4,863,761,none
2026-08-06T16:55:35.230666,267,6,person,0.9123,1010.7,444.8,1378.9,1073.8,1194,759,none
2026-08-06T16:55:35.231412,267,42,person,0.7626,1275.6,248.3,1916.8,1061.8,1596,655,none
2026-08-06T16:55:35.232045,267,74,person,0.4968,1472.9,245.7,1916.9,1015.9,1694,630,none
2026-08-06T16:55:35.232687,267,60,person,0.6374,0.0,1.0,504.1,1067.4,252,534,none
2026-08-06T16:55:35.334701,268,15,person,0.9081,694.4,490.8,1032.8,1031.3,863,761,none
2026-08-06T16:55:35.336065,268,6,person,0.9114,1010.8,444.8,1378.9,1073.9,1194,759,none
2026-08-06T16:55:35.336932,268,42,person,0.8035,1274.9,248.2,1916.5,1061.4,1595,654,none
2026-08-06T16:55:35.337610,268,74,person,0.4702,1471.3,245.4,1917.1,1017.8,1694,631,none
2026-08-06T16:55:35.338315,268,60,person,0.6364,0.0,1.1,504.4,1067.7,252,534,none
2026-08-06T16:55:35.433798,269,15,person,0.908,694.6,491.1,1032.6,1031.0,863,761,none
2026-08-06T16:55:35.434997,269,6,person,0.9112,1010.2,444.8,1378.5,1073.9,1194,759,none
2026-08-06T16:55:35.435744,269,42,person,0.8423,1273.7,248.2,1916.9,1063.0,1595,655,none
2026-08-06T16:55:35.436417,269,60,person,0.7051,0.0,0.0,504.0,1067.9,252,533,none
2026-08-06T16:55:35.525505,270,15,person,0.9064,694.6,490.9,1032.5,1030.7,863,760,none
2026-08-06T16:55:35.527628,270,6,person,0.9111,1009.8,444.7,1378.2,1073.9,1194,759,none
2026-08-06T16:55:35.528440,270,42,person,0.8389,1273.2,248.2,1917.4,1063.8,1595,656,none
2026-08-06T16:55:35.529174,270,60,person,0.6565,0.0,3.0,503.5,1067.6,251,535,none
2026-08-06T16:55:35.629764,271,15,person,0.9036,694.5,490.8,1032.5,1030.7,863,760,none
2026-08-06T16:55:35.631053,271,6,person,0.9123,1010.1,444.7,1378.7,1074.1,1194,759,none
2026-08-06T16:55:35.631771,271,42,person,0.8545,1272.7,248.3,1917.8,1064.9,1595,656,none
2026-08-06T16:55:35.632437,271,60,person,0.6056,0.0,3.4,472.0,1066.7,236,535,none
2026-08-06T16:55:35.732849,272,15,person,0.9019,694.6,490.7,1032.4,1030.6,863,760,none
2026-08-06T16:55:35.734066,272,6,person,0.9101,1010.1,444.9,1378.6,1074.2,1194,759,none
2026-08-06T16:55:35.734801,272,42,person,0.8404,1272.4,248.6,1917.7,1065.1,1595,656,none
2026-08-06T16:55:35.735475,272,60,person,0.66,0.0,3.3,467.8,1065.4,233,534,none
2026-08-06T16:55:35.828899,273,15,person,0.9001,694.1,491.3,1031.8,1030.8,862,761,none
2026-08-06T16:55:35.830417,273,6,person,0.9099,1009.8,445.2,1378.4,1074.2,1194,759,none
2026-08-06T16:55:35.831228,273,42,person,0.8227,1272.6,249.0,1917.2,1064.1,1594,656,none
2026-08-06T16:55:35.831935,273,60,person,0.6432,0.0,3.2,459.6,1065.1,229,534,none
2026-08-06T16:55:35.832622,273,74,person,0.4161,1470.0,246.3,1918.2,1021.8,1694,634,none
2026-08-06T16:55:35.928593,274,15,person,0.9024,694.0,492.1,1031.5,1031.1,862,761,none
2026-08-06T16:55:35.930098,274,6,person,0.9103,1009.6,445.2,1378.4,1074.5,1193,759,none
2026-08-06T16:55:35.930850,274,42,person,0.8467,1272.8,249.8,1917.5,1064.6,1595,657,none
2026-08-06T16:55:35.931484,274,74,person,0.4226,1469.7,247.0,1919.2,1025.0,1694,636,none
2026-08-06T16:55:35.932142,274,79,person,0.6487,27.9,3.9,338.3,1066.1,183,534,none
2026-08-06T16:55:36.029380,275,15,person,0.9006,693.9,492.5,1031.3,1030.9,862,761,none
2026-08-06T16:55:36.030790,275,6,person,0.9095,1009.7,445.0,1378.7,1074.7,1194,759,none
2026-08-06T16:55:36.031645,275,42,person,0.8347,1273.2,250.1,1917.3,1063.6,1595,656,none
2026-08-06T16:55:36.032345,275,74,person,0.5622,1470.3,247.2,1920.0,1026.3,1695,636,none
2026-08-06T16:55:36.033041,275,60,person,0.679,0.0,3.2,452.1,1065.7,226,534,none
2026-08-06T16:55:36.144322,276,15,person,0.8995,694.0,492.6,1031.5,1031.0,862,761,none
2026-08-06T16:55:36.145577,276,6,person,0.9077,1009.5,445.0,1378.8,1075.0,1194,760,none
2026-08-06T16:55:36.146331,276,42,person,0.8119,1273.6,249.9,1917.7,1063.0,1595,656,none
2026-08-06T16:55:36.146983,276,74,person,0.4641,1470.4,246.9,1920.0,1026.2,1695,636,none
2026-08-06T16:55:36.147663,276,60,person,0.6963,0.0,2.9,469.1,1068.1,234,535,none
2026-08-06T16:55:36.224243,277,15,person,0.9029,693.7,492.4,1031.6,1031.2,862,761,none
2026-08-06T16:55:36.225705,277,6,person,0.9053,1009.3,445.1,1378.6,1075.2,1193,760,none
2026-08-06T16:55:36.226742,277,42,person,0.8094,1273.9,249.5,1918.2,1062.8,1596,656,none
2026-08-06T16:55:36.227469,277,74,person,0.5396,1469.8,246.7,1920.0,1028.5,1694,637,none
2026-08-06T16:55:36.228131,277,60,person,0.6728,0.0,3.2,458.8,1070.0,229,536,none
2026-08-06T16:55:36.331926,278,15,person,0.9079,693.3,491.9,1031.5,1031.3,862,761,none
2026-08-06T16:55:36.333255,278,6,person,0.9066,1009.2,445.2,1378.4,1075.1,1193,760,none
2026-08-06T16:55:36.334017,278,42,person,0.8183,1273.6,249.4,1918.2,1063.0,1595,656,none
2026-08-06T16:55:36.334652,278,74,person,0.4719,1469.1,246.6,1920.0,1029.5,1694,638,none
2026-08-06T16:55:36.335324,278,60,person,0.6674,0.0,3.8,435.6,1070.6,217,537,none
2026-08-06T16:55:36.432236,279,15,person,0.907,693.4,491.9,1031.6,1031.2,862,761,none
2026-08-06T16:55:36.433454,279,6,person,0.9081,1009.2,445.3,1378.4,1075.0,1193,760,none
2026-08-06T16:55:36.434188,279,42,person,0.85,1272.5,249.1,1918.6,1064.4,1595,656,none
2026-08-06T16:55:36.434873,279,79,person,0.6477,20.4,4.1,343.6,1072.4,182,538,none
2026-08-06T16:55:36.528797,280,15,person,0.9054,693.4,492.1,1030.9,1030.6,862,761,none
2026-08-06T16:55:36.530327,280,6,person,0.9099,1009.0,445.1,1378.0,1074.4,1193,759,none
2026-08-06T16:55:36.531065,280,42,person,0.8334,1272.5,249.1,1918.6,1064.4,1595,656,none
2026-08-06T16:55:36.531753,280,60,person,0.6542,0.0,3.9,427.9,1067.7,213,535,none
2026-08-06T16:55:36.625356,281,15,person,0.9078,692.8,492.0,1029.6,1029.6,861,760,none
2026-08-06T16:55:36.626884,281,6,person,0.9123,1009.0,445.1,1377.9,1074.2,1193,759,none
2026-08-06T16:55:36.627703,281,42,person,0.8428,1272.0,249.7,1918.4,1065.2,1595,657,none
2026-08-06T16:55:36.628442,281,60,person,0.5805,6.8,3.9,471.1,1067.4,238,535,none
2026-08-06T16:55:36.729873,282,15,person,0.912,692.2,492.2,1028.6,1029.6,860,760,none
2026-08-06T16:55:36.731250,282,6,person,0.914,1009.5,445.2,1378.0,1073.5,1193,759,none
2026-08-06T16:55:36.732123,282,42,person,0.8463,1271.7,249.8,1918.5,1065.7,1595,657,none
2026-08-06T16:55:36.732856,282,60,person,0.6679,0.0,3.6,461.9,1069.5,230,536,none
2026-08-06T16:55:36.733493,282,74,person,0.4302,1468.3,247.6,1920.0,1031.4,1694,639,none
2026-08-06T16:55:36.828226,283,15,person,0.9119,691.5,492.1,1028.1,1030.3,859,761,none
2026-08-06T16:55:36.829667,283,6,person,0.9135,1009.7,445.3,1378.1,1073.4,1193,759,none
2026-08-06T16:55:36.830432,283,42,person,0.8643,1271.3,249.9,1918.6,1066.3,1594,658,none
2026-08-06T16:55:36.831125,283,60,person,0.6595,0.0,3.7,442.5,1070.6,221,537,none
2026-08-06T16:55:36.926633,284,15,person,0.9023,690.6,490.7,1028.2,1031.2,859,760,none
2026-08-06T16:55:36.928279,284,6,person,0.9121,1009.2,445.3,1378.0,1073.6,1193,759,none
2026-08-06T16:55:36.929080,284,42,person,0.8616,1271.6,250.3,1918.4,1065.9,1595,658,none
2026-08-06T16:55:36.929768,284,60,person,0.6024,0.0,3.6,452.3,1070.7,226,537,none
2026-08-06T16:55:36.930382,284,74,person,0.4682,1468.5,248.2,1919.2,1029.8,1693,639,none
2026-08-06T16:55:37.030142,285,15,person,0.9006,690.2,489.9,1027.8,1031.8,859,760,none
2026-08-06T16:55:37.031494,285,6,person,0.9113,1008.8,445.3,1378.0,1074.0,1193,759,none
2026-08-06T16:55:37.032282,285,42,person,0.8746,1271.7,250.6,1918.4,1066.1,1595,658,none
2026-08-06T16:55:37.033022,285,60,person,0.6434,9.1,6.7,468.3,1067.3,238,536,none
2026-08-06T16:55:37.033660,285,74,person,0.4262,1468.2,248.6,1919.2,1030.6,1693,639,none
2026-08-06T16:55:37.034263,285,78,person,0.4923,103.4,588.6,488.0,1068.8,295,828,none
2026-08-06T16:55:37.128725,286,15,person,0.9036,689.4,490.0,1027.7,1033.6,858,761,none
2026-08-06T16:55:37.130056,286,6,person,0.9152,1008.7,444.3,1378.5,1074.3,1193,759,none
2026-08-06T16:55:37.130776,286,42,person,0.8907,1271.2,250.6,1918.8,1067.2,1595,658,none
2026-08-06T16:55:37.131458,286,60,person,0.6346,17.3,6.9,481.1,1068.0,249,537,none
2026-08-06T16:55:37.132059,286,78,person,0.5449,102.8,603.8,485.4,1070.4,294,837,none
2026-08-06T16:55:37.227593,287,15,person,0.8957,689.5,488.7,1028.8,1035.1,859,761,none
2026-08-06T16:55:37.229046,287,6,person,0.9177,1008.6,443.8,1378.6,1074.5,1193,759,none
2026-08-06T16:55:37.229814,287,42,person,0.8736,1271.4,250.6,1918.7,1066.6,1595,658,none
2026-08-06T16:55:37.230521,287,60,person,0.513,24.0,4.8,491.9,1061.9,257,533,none
2026-08-06T16:55:37.231130,287,78,person,0.5611,97.6,599.7,488.5,1070.9,293,835,none
2026-08-06T16:55:37.332981,288,15,person,0.8922,688.7,487.8,1028.5,1036.2,858,761,none
2026-08-06T16:55:37.334251,288,6,person,0.9175,1008.8,443.8,1378.8,1074.7,1193,759,none
2026-08-06T16:55:37.335010,288,42,person,0.8767,1271.3,250.8,1918.5,1066.7,1594,658,none
2026-08-06T16:55:37.335711,288,60,person,0.7156,27.8,4.0,502.1,1061.5,264,532,none
2026-08-06T16:55:37.336325,288,78,person,0.5005,65.0,533.0,505.7,1069.7,285,801,none
2026-08-06T16:55:37.431048,289,15,person,0.8864,687.7,487.3,1027.3,1036.5,857,761,none
2026-08-06T16:55:37.432202,289,6,person,0.9149,1009.0,443.8,1378.8,1074.7,1193,759,none
2026-08-06T16:55:37.432948,289,42,person,0.8634,1271.3,250.7,1918.2,1065.9,1594,658,none
2026-08-06T16:55:37.433650,289,60,person,0.5958,24.6,3.7,507.1,1069.7,265,536,none
2026-08-06T16:55:37.434255,289,78,person,0.5927,66.9,530.3,507.6,1070.8,287,800,none
2026-08-06T16:55:37.434865,289,74,person,0.5197,1466.5,248.5,1919.2,1033.3,1692,640,none
2026-08-06T16:55:37.526762,290,15,person,0.8905,684.7,480.8,1027.5,1036.6,856,758,none
2026-08-06T16:55:37.528518,290,6,person,0.9155,1008.3,444.6,1377.9,1074.4,1193,759,none
2026-08-06T16:55:37.529315,290,42,person,0.8344,1271.7,250.5,1917.9,1064.6,1594,657,none
2026-08-06T16:55:37.530040,290,60,person,0.6211,24.4,3.3,510.5,1066.3,267,534,none
2026-08-06T16:55:37.530636,290,78,person,0.7824,57.9,500.6,516.7,1070.6,287,785,none
2026-08-06T16:55:37.531252,290,74,person,0.5519,1467.1,248.1,1920.0,1033.8,1693,640,none
2026-08-06T16:55:37.625831,291,15,person,0.8921,683.8,478.0,1026.9,1036.2,855,757,none
2026-08-06T16:55:37.627822,291,6,person,0.9165,1008.4,444.2,1378.4,1074.7,1193,759,none
2026-08-06T16:55:37.628631,291,42,person,0.8366,1272.1,251.0,1917.8,1064.2,1594,657,none
2026-08-06T16:55:37.629356,291,60,person,0.5567,21.6,3.3,509.9,1062.4,265,532,none
2026-08-06T16:55:37.629976,291,78,person,0.7893,53.4,486.5,518.4,1070.0,285,778,none
2026-08-06T16:55:37.630593,291,74,person,0.5394,1466.5,248.7,1919.8,1035.2,1693,641,none
2026-08-06T16:55:37.728829,292,15,person,0.8806,684.3,475.0,1027.4,1034.9,855,754,none
2026-08-06T16:55:37.730283,292,6,person,0.915,1008.6,443.9,1378.6,1074.7,1193,759,none
2026-08-06T16:55:37.731050,292,42,person,0.8344,1271.9,250.9,1917.8,1063.9,1594,657,none
2026-08-06T16:55:37.731763,292,60,person,0.5692,17.0,3.2,508.8,1063.5,262,533,none
2026-08-06T16:55:37.732398,292,78,person,0.8212,50.7,477.7,519.4,1069.9,285,773,none
2026-08-06T16:55:37.733036,292,74,person,0.5214,1467.0,248.7,1918.8,1032.0,1692,640,none
2026-08-06T16:55:37.827727,293,15,person,0.8668,685.5,471.2,1029.3,1035.1,857,753,none
2026-08-06T16:55:37.829234,293,6,person,0.9136,1008.9,443.8,1378.9,1074.7,1193,759,none
2026-08-06T16:55:37.830071,293,42,person,0.8184,1272.3,251.4,1917.6,1063.3,1594,657,none
2026-08-06T16:55:37.830791,293,60,person,0.5367,15.3,1.9,513.0,1074.2,264,538,none
2026-08-06T16:55:37.831394,293,78,person,0.8341,53.6,477.9,519.6,1069.8,286,773,none
2026-08-06T16:55:37.831987,293,74,person,0.5198,1468.6,249.1,1919.3,1030.3,1693,639,none
2026-08-06T16:55:37.928957,294,15,person,0.8278,687.3,468.2,1031.3,1035.1,859,751,none
2026-08-06T16:55:37.930384,294,6,person,0.913,1008.6,444.4,1378.3,1074.6,1193,759,none
2026-08-06T16:55:37.931151,294,42,person,0.8406,1272.1,252.1,1917.9,1064.2,1595,658,none
2026-08-06T16:55:37.931869,294,60,person,0.6083,13.9,1.0,513.6,1078.3,263,539,none
2026-08-06T16:55:37.932512,294,78,person,0.8437,54.4,477.2,519.3,1069.6,286,773,none
2026-08-06T16:55:37.933134,294,74,person,0.4653,1468.9,249.7,1919.5,1030.9,1694,640,none
2026-08-06T16:55:38.028754,295,15,person,0.828,691.9,464.7,1034.4,1035.0,863,749,none
2026-08-06T16:55:38.030297,295,6,person,0.916,1008.5,444.7,1378.2,1074.6,1193,759,none
2026-08-06T16:55:38.031064,295,42,person,0.8481,1272.0,252.6,1917.8,1064.4,1594,658,none
2026-08-06T16:55:38.031758,295,60,person,0.7269,9.5,2.2,506.9,1071.8,258,537,none
2026-08-06T16:55:38.032376,295,78,person,0.8377,53.2,474.2,519.0,1069.5,286,771,none
2026-08-06T16:55:38.033003,295,74,person,0.5065,1468.8,250.3,1919.8,1032.2,1694,641,none
2026-08-06T16:55:38.033578,295,82,person,0.4064,1.7,600.2,237.9,1069.4,119,834,none
2026-08-06T16:55:38.126624,296,15,person,0.8347,699.5,467.4,1037.0,1035.8,868,751,none
2026-08-06T16:55:38.128302,296,6,person,0.9165,1008.6,444.7,1378.3,1074.6,1193,759,none
2026-08-06T16:55:38.129091,296,42,person,0.8282,1272.3,252.7,1917.6,1063.6,1594,658,none
2026-08-06T16:55:38.129793,296,60,person,0.6803,10.0,1.7,509.4,1077.3,259,539,none
2026-08-06T16:55:38.130396,296,78,person,0.8733,54.2,475.8,518.6,1070.2,286,773,none
2026-08-06T16:55:38.131018,296,74,person,0.5611,1469.5,250.4,1920.0,1032.6,1694,641,none
2026-08-06T16:55:38.131596,296,82,person,0.4907,2.7,616.8,231.0,1070.1,116,843,none
2026-08-06T16:55:38.231065,297,15,person,0.8321,702.7,466.6,1037.5,1036.6,870,751,none
2026-08-06T16:55:38.232280,297,6,person,0.9166,1008.3,444.6,1378.0,1074.4,1193,759,none
2026-08-06T16:55:38.233062,297,42,person,0.8201,1272.5,252.9,1917.4,1062.9,1594,657,none
2026-08-06T16:55:38.233763,297,60,person,0.6845,6.2,2.4,504.9,1074.9,255,538,none
2026-08-06T16:55:38.234384,297,78,person,0.8763,53.4,476.3,517.5,1070.7,285,773,none
2026-08-06T16:55:38.234974,297,74,person,0.5821,1470.3,250.6,1920.0,1032.0,1695,641,none
2026-08-06T16:55:38.235541,297,82,person,0.4513,3.9,626.6,227.7,1070.6,115,848,none
2026-08-06T16:55:38.327745,298,15,person,0.8216,706.5,473.2,1034.6,1036.9,870,755,none
2026-08-06T16:55:38.329056,298,6,person,0.9171,1007.8,444.6,1377.8,1074.4,1192,759,none
2026-08-06T16:55:38.329804,298,42,person,0.8197,1272.5,253.2,1917.4,1062.6,1594,657,none
2026-08-06T16:55:38.330497,298,60,person,0.778,4.4,2.7,502.9,1074.0,253,538,none
2026-08-06T16:55:38.331098,298,78,person,0.8796,49.4,470.5,517.5,1070.7,283,770,none
2026-08-06T16:55:38.331714,298,74,person,0.5751,1471.2,251.0,1919.9,1029.8,1695,640,none
2026-08-06T16:55:38.332274,298,82,person,0.4095,3.7,629.5,226.3,1070.7,115,850,none
2026-08-06T16:55:38.431248,299,15,person,0.8294,709.8,474.9,1034.1,1036.9,871,755,none
2026-08-06T16:55:38.432464,299,6,person,0.9189,1007.5,444.7,1377.5,1074.3,1192,759,none
2026-08-06T16:55:38.433190,299,42,person,0.7385,1273.3,253.7,1919.8,1065.7,1596,659,none
2026-08-06T16:55:38.433883,299,60,person,0.8061,3.8,2.4,502.2,1072.4,252,537,none
2026-08-06T16:55:38.434490,299,78,person,0.8526,43.3,458.8,519.2,1070.3,281,764,none
2026-08-06T16:55:38.435097,299,74,person,0.5623,1473.9,251.7,1917.4,1020.1,1695,635,none
2026-08-06T16:55:38.525768,300,15,person,0.8284,713.0,480.3,1031.7,1036.1,872,758,none
2026-08-06T16:55:38.527545,300,6,person,0.917,1007.5,444.1,1377.8,1074.5,1192,759,none
2026-08-06T16:55:38.528356,300,42,person,0.8245,1273.4,254.1,1918.8,1064.4,1596,659,none
2026-08-06T16:55:38.529070,300,60,person,0.8373,2.7,1.0,502.6,1075.0,252,538,none
2026-08-06T16:55:38.529674,300,78,person,0.6916,39.0,451.1,520.3,1070.6,279,760,none
2026-08-06T16:55:38.530295,300,74,person,0.4624,1472.2,252.0,1918.9,1026.0,1695,639,none
2026-08-06T16:55:38.530866,300,82,person,0.4094,3.4,643.9,219.3,1071.0,111,857,none
2026-08-06T16:55:38.629412,301,15,person,0.8306,704.3,473.8,1025.8,1035.1,865,754,none
2026-08-06T16:55:38.630665,301,6,person,0.9179,1007.8,444.2,1378.2,1074.4,1192,759,none
2026-08-06T16:55:38.631341,301,42,person,0.7947,1273.9,254.0,1918.8,1063.6,1596,658,none
2026-08-06T16:55:38.632006,301,60,person,0.7926,2.8,0.5,504.0,1077.7,253,539,none
2026-08-06T16:55:38.632583,301,78,person,0.8539,37.7,451.3,518.8,1070.7,278,760,none
2026-08-06T16:55:38.633170,301,74,person,0.4095,1471.9,251.9,1919.5,1027.5,1695,639,none
2026-08-06T16:55:38.729487,302,15,person,0.8359,702.2,470.9,1024.8,1034.6,863,752,none
2026-08-06T16:55:38.730871,302,6,person,0.914,1007.5,444.1,1378.2,1074.4,1192,759,none
2026-08-06T16:55:38.731606,302,42,person,0.7951,1274.6,254.1,1918.7,1062.7,1596,658,none
2026-08-06T16:55:38.732279,302,60,person,0.8169,0.1,0.7,499.0,1074.3,249,537,none
2026-08-06T16:55:38.732889,302,78,person,0.8302,34.5,451.4,515.7,1070.1,275,760,none
2026-08-06T16:55:38.733485,302,74,person,0.472,1472.7,252.1,1919.4,1026.1,1696,639,none
2026-08-06T16:55:38.829075,303,15,person,0.8372,706.8,464.9,1030.9,1035.9,868,750,none
2026-08-06T16:55:38.830546,303,6,person,0.9113,1007.5,444.2,1378.4,1074.5,1192,759,none
2026-08-06T16:55:38.831306,303,42,person,0.8263,1273.8,254.2,1918.0,1062.5,1595,658,none
2026-08-06T16:55:38.831995,303,60,person,0.8056,0.0,0.8,497.3,1074.4,248,537,none
2026-08-06T16:55:38.832628,303,78,person,0.8564,31.8,452.7,513.1,1070.2,272,761,none
2026-08-06T16:55:38.833247,303,74,person,0.5256,1472.4,252.3,1918.2,1024.1,1695,638,none
2026-08-06T16:55:38.927561,304,15,person,0.8489,710.6,465.0,1032.1,1035.8,871,750,none
2026-08-06T16:55:38.928940,304,6,person,0.9097,1007.4,443.5,1378.8,1074.8,1193,759,none
2026-08-06T16:55:38.929732,304,42,person,0.8078,1273.5,254.0,1917.6,1061.7,1595,657,none
2026-08-06T16:55:38.930445,304,60,person,0.6752,0.0,0.2,491.7,1078.2,245,539,none
2026-08-06T16:55:38.931053,304,78,person,0.8916,32.6,459.2,510.7,1070.2,271,764,none
2026-08-06T16:55:38.931664,304,74,person,0.5919,1472.0,252.2,1918.1,1023.6,1695,637,none
2026-08-06T16:55:39.033274,305,15,person,0.8539,713.0,466.4,1031.1,1035.1,872,750,none
2026-08-06T16:55:39.034635,305,6,person,0.9095,1007.4,443.3,1378.9,1074.9,1193,759,none
2026-08-06T16:55:39.035444,305,42,person,0.7688,1273.5,253.9,1917.0,1060.1,1595,656,none
2026-08-06T16:55:39.036151,305,60,person,0.6623,0.0,0.0,486.8,1079.6,243,539,none
2026-08-06T16:55:39.036765,305,78,person,0.8868,31.5,460.5,509.9,1070.2,270,765,none
2026-08-06T16:55:39.037389,305,74,person,0.56,1472.7,252.0,1917.6,1020.7,1695,636,none
2026-08-06T16:55:39.125761,306,15,person,0.8601,712.7,462.1,1030.7,1034.8,871,748,none
2026-08-06T16:55:39.127722,306,6,person,0.9107,1007.7,444.2,1378.6,1074.4,1193,759,none
2026-08-06T16:55:39.128509,306,42,person,0.8035,1272.7,253.8,1917.3,1061.0,1594,657,none
2026-08-06T16:55:39.129198,306,60,person,0.5622,0.0,0.8,487.1,1078.5,243,539,none
2026-08-06T16:55:39.129803,306,78,person,0.8867,30.2,459.3,510.7,1070.1,270,764,none
2026-08-06T16:55:39.130424,306,74,person,0.5502,1471.6,251.9,1917.4,1021.3,1694,636,none
2026-08-06T16:55:39.229126,307,15,person,0.8598,712.6,462.3,1028.9,1035.6,870,748,none
2026-08-06T16:55:39.230583,307,6,person,0.9158,1007.8,444.3,1378.8,1075.0,1193,759,none
2026-08-06T16:55:39.231366,307,42,person,0.8375,1271.6,253.6,1917.9,1062.8,1594,658,none
2026-08-06T16:55:39.232069,307,60,person,0.6194,0.0,1.9,482.6,1078.4,241,540,none
2026-08-06T16:55:39.232696,307,78,person,0.9034,29.2,457.0,511.6,1069.2,270,763,none
2026-08-06T16:55:39.233315,307,74,person,0.4728,1469.6,251.7,1916.6,1021.8,1693,636,none
2026-08-06T16:55:39.341668,308,15,person,0.8608,713.2,463.1,1027.0,1035.5,870,749,none
2026-08-06T16:55:39.342915,308,6,person,0.9184,1007.8,444.5,1379.0,1075.3,1193,759,none
2026-08-06T16:55:39.343669,308,42,person,0.8989,1269.4,253.7,1918.5,1066.2,1593,659,none
2026-08-06T16:55:39.344334,308,78,person,0.9006,29.8,455.5,513.7,1069.4,271,762,none
2026-08-06T16:55:39.344958,308,82,person,0.4415,0.0,586.9,238.2,1071.3,119,829,none
2026-08-06T16:55:39.423399,309,15,person,0.8672,713.5,462.8,1025.7,1035.8,869,749,none
2026-08-06T16:55:39.424999,309,6,person,0.9203,1007.9,444.2,1379.4,1075.7,1193,759,none
2026-08-06T16:55:39.425803,309,42,person,0.9217,1269.2,253.6,1919.9,1068.6,1594,661,none
2026-08-06T16:55:39.426529,309,78,person,0.8846,33.0,452.7,518.2,1069.8,275,761,none
2026-08-06T16:55:39.427272,309,60,person,0.478,0.0,1.0,482.9,1079.8,241,540,none
2026-08-06T16:55:39.532509,310,15,person,0.8559,713.0,463.7,1023.7,1037.1,868,750,none
2026-08-06T16:55:39.533871,310,6,person,0.9226,1008.3,444.6,1379.2,1075.0,1193,759,none
2026-08-06T16:55:39.534691,310,42,person,0.9225,1268.7,253.2,1920.0,1069.4,1594,661,none
2026-08-06T16:55:39.535414,310,78,person,0.8855,35.8,452.7,520.1,1070.0,277,761,none
2026-08-06T16:55:39.536102,310,60,person,0.5164,1.8,2.7,484.1,1076.6,242,539,none
2026-08-06T16:55:39.629541,311,15,person,0.8592,712.5,463.4,1021.8,1036.1,867,749,none
2026-08-06T16:55:39.630992,311,6,person,0.9223,1007.8,444.5,1379.0,1074.7,1193,759,none
2026-08-06T16:55:39.631736,311,42,person,0.9293,1269.2,253.1,1920.0,1070.2,1594,661,none
2026-08-06T16:55:39.632388,311,78,person,0.8796,37.9,453.8,520.4,1070.1,279,761,none
2026-08-06T16:55:39.729734,312,15,person,0.8742,710.3,462.3,1019.7,1036.1,864,749,none
2026-08-06T16:55:39.731159,312,6,person,0.9244,1007.7,444.1,1379.2,1074.3,1193,759,none
2026-08-06T16:55:39.731888,312,42,person,0.9376,1269.6,252.6,1920.0,1070.8,1594,661,none
2026-08-06T16:55:39.732563,312,78,person,0.8837,40.1,456.2,520.4,1070.8,280,763,none
2026-08-06T16:55:39.830077,313,15,person,0.884,707.4,464.9,1016.5,1036.5,861,750,none
2026-08-06T16:55:39.831328,313,6,person,0.9212,1007.5,443.2,1379.5,1074.3,1193,758,none
2026-08-06T16:55:39.832013,313,42,person,0.8922,1270.4,252.8,1920.0,1070.6,1595,661,none
2026-08-06T16:55:39.832642,313,78,person,0.8854,41.5,456.8,520.7,1071.1,281,763,none
2026-08-06T16:55:39.925996,314,15,person,0.89,707.3,472.6,1013.6,1036.8,860,754,none
2026-08-06T16:55:39.927824,314,6,person,0.9186,1007.4,443.0,1379.8,1074.5,1193,758,none
2026-08-06T16:55:39.928658,314,42,person,0.9015,1271.8,252.1,1920.0,1069.8,1595,660,none
2026-08-06T16:55:39.929361,314,78,person,0.8833,42.5,456.1,520.9,1070.8,281,763,none
2026-08-06T16:55:40.032357,315,15,person,0.8832,705.9,477.1,1011.4,1035.7,858,756,none
2026-08-06T16:55:40.033555,315,6,person,0.9218,1007.5,443.0,1380.2,1074.9,1193,758,none
2026-08-06T16:55:40.034285,315,42,person,0.9056,1274.4,251.6,1920.0,1069.8,1597,660,none
2026-08-06T16:55:40.034923,315,78,person,0.8826,42.5,456.6,520.0,1070.7,281,763,none
2026-08-06T16:55:40.129718,316,15,person,0.8879,704.6,480.7,1010.0,1033.9,857,757,none
2026-08-06T16:55:40.131184,316,6,person,0.9249,1006.8,442.6,1379.7,1074.9,1193,758,none
2026-08-06T16:55:40.131953,316,42,person,0.8672,1282.3,251.9,1920.0,1067.3,1601,659,none
2026-08-06T16:55:40.132621,316,78,person,0.8809,42.5,457.1,518.9,1070.7,280,763,none
2026-08-06T16:55:40.230377,317,15,person,0.8902,705.6,484.9,1010.7,1031.9,858,758,none
2026-08-06T16:55:40.232008,317,6,person,0.924,1006.9,442.0,1379.8,1074.8,1193,758,none
2026-08-06T16:55:40.232775,317,42,person,0.845,1291.7,253.2,1920.0,1066.0,1605,659,none
2026-08-06T16:55:40.233504,317,78,person,0.8631,41.6,456.7,517.1,1069.7,279,763,none
2026-08-06T16:55:40.330529,318,15,person,0.8782,706.7,488.9,1011.5,1029.7,859,759,none
2026-08-06T16:55:40.332188,318,6,person,0.9207,1006.5,443.3,1379.0,1075.4,1192,759,none
2026-08-06T16:55:40.333008,318,42,person,0.7993,1305.2,255.3,1920.0,1067.5,1612,661,none
2026-08-06T16:55:40.333728,318,78,person,0.7911,41.0,456.9,516.1,1070.6,278,763,none
2026-08-06T16:55:40.427207,319,15,person,0.8849,706.5,491.6,1012.6,1028.8,859,760,none
2026-08-06T16:55:40.428940,319,6,person,0.9197,1007.4,443.2,1379.5,1075.6,1193,759,none
2026-08-06T16:55:40.429748,319,42,person,0.7952,1316.0,257.5,1920.0,1069.8,1618,663,none
2026-08-06T16:55:40.430433,319,78,person,0.8648,42.1,457.8,515.5,1069.9,278,763,none
2026-08-06T16:55:40.431033,319,74,person,0.4127,1562.7,257.6,1903.5,832.3,1733,544,none
2026-08-06T16:55:40.522680,320,15,person,0.8824,707.0,494.3,1013.3,1026.1,860,760,none
2026-08-06T16:55:40.524578,320,6,person,0.9171,1008.8,443.8,1380.1,1075.7,1194,759,none
2026-08-06T16:55:40.525402,320,42,person,0.5678,1320.8,259.5,1920.0,1068.9,1620,664,none
2026-08-06T16:55:40.526080,320,78,person,0.8781,42.3,457.8,515.5,1070.1,278,763,none
2026-08-06T16:55:40.526719,320,74,person,0.4616,1510.3,260.3,1920.0,1007.9,1715,634,none
2026-08-06T16:55:40.631025,321,15,person,0.877,705.2,495.3,1014.3,1026.7,859,761,none
2026-08-06T16:55:40.632230,321,6,person,0.9131,1009.5,444.6,1380.2,1075.8,1194,760,none
2026-08-06T16:55:40.632954,321,42,person,0.8243,1319.8,261.2,1920.0,1069.1,1619,665,none
2026-08-06T16:55:40.633611,321,78,person,0.855,41.0,458.7,514.0,1070.9,277,764,none
2026-08-06T16:55:40.731894,322,15,person,0.877,704.2,494.6,1016.8,1027.5,860,761,none
2026-08-06T16:55:40.733141,322,6,person,0.9099,1009.3,445.1,1379.6,1075.9,1194,760,none
2026-08-06T16:55:40.733853,322,42,person,0.7829,1318.0,262.6,1920.0,1068.7,1618,665,none
2026-08-06T16:55:40.734492,322,78,person,0.8399,39.8,458.2,513.3,1071.4,276,764,none
2026-08-06T16:55:40.735079,322,84,person,0.4269,44.3,468.0,387.8,941.8,216,704,none
2026-08-06T16:55:40.735666,322,74,person,0.6105,1536.8,264.3,1901.7,874.0,1719,569,none
2026-08-06T16:55:40.828121,323,15,person,0.8739,702.9,494.3,1018.7,1028.5,860,761,none
2026-08-06T16:55:40.829564,323,6,person,0.9127,1010.1,446.5,1379.2,1075.7,1194,761,none
2026-08-06T16:55:40.830344,323,42,person,0.72,1316.2,266.1,1920.0,1070.0,1618,668,none
2026-08-06T16:55:40.830997,323,78,person,0.8669,39.8,457.4,513.3,1070.5,276,763,none
2026-08-06T16:55:40.831612,323,74,person,0.5628,1537.1,266.1,1890.4,838.4,1713,552,none
2026-08-06T16:55:40.832246,323,60,person,0.4642,3.4,0.1,480.7,1080.0,242,540,none
2026-08-06T16:55:40.926901,324,15,person,0.8709,702.3,494.5,1020.5,1028.9,861,761,none
2026-08-06T16:55:40.928608,324,6,person,0.9139,1011.1,447.6,1379.3,1075.5,1195,761,none
2026-08-06T16:55:40.929354,324,42,person,0.883,1311.6,265.4,1920.0,1070.4,1615,667,none
2026-08-06T16:55:40.930003,324,78,person,0.7964,37.1,456.7,512.2,1072.7,274,764,none
2026-08-06T16:55:41.032951,325,15,person,0.8859,701.5,494.7,1021.7,1029.0,861,761,none
2026-08-06T16:55:41.034259,325,6,person,0.9124,1011.4,448.1,1379.3,1075.2,1195,761,none
2026-08-06T16:55:41.035051,325,42,person,0.8341,1312.6,268.6,1920.0,1070.8,1616,669,none
2026-08-06T16:55:41.035723,325,78,person,0.782,37.7,454.5,513.3,1071.3,275,762,none
2026-08-06T16:55:41.036397,325,60,person,0.4538,7.9,0.3,464.5,1043.4,236,521,none
2026-08-06T16:55:41.126686,326,15,person,0.8841,701.7,494.8,1023.3,1028.4,862,761,none
2026-08-06T16:55:41.128412,326,6,person,0.9139,1012.2,448.2,1379.7,1075.2,1195,761,none
2026-08-06T16:55:41.129205,326,42,person,0.7084,1313.2,270.3,1920.0,1070.4,1616,670,none
2026-08-06T16:55:41.129876,326,78,person,0.6323,33.4,454.7,508.4,1070.9,270,762,none
2026-08-06T16:55:41.130547,326,60,person,0.4983,7.8,0.8,458.8,1041.6,233,521,none
2026-08-06T16:55:41.227458,327,15,person,0.8894,701.2,494.5,1024.9,1028.6,863,761,none
2026-08-06T16:55:41.229021,327,6,person,0.9141,1012.6,448.3,1379.8,1075.0,1196,761,none
2026-08-06T16:55:41.229812,327,42,person,0.7245,1310.5,268.6,1919.5,1069.5,1615,669,none
2026-08-06T16:55:41.230475,327,78,person,0.6009,29.9,455.2,503.1,1069.9,266,762,none
2026-08-06T16:55:41.231156,327,60,person,0.4038,6.5,0.9,458.5,1057.1,232,529,none
2026-08-06T16:55:41.332610,328,15,person,0.886,700.8,494.4,1026.2,1028.8,863,761,none
2026-08-06T16:55:41.333841,328,6,person,0.9132,1012.6,448.7,1379.4,1075.0,1196,761,none
2026-08-06T16:55:41.334567,328,42,person,0.8597,1309.2,274.1,1916.3,1071.0,1612,672,none
2026-08-06T16:55:41.335196,328,78,person,0.8067,28.2,453.6,501.9,1069.7,265,761,none
2026-08-06T16:55:41.335853,328,60,person,0.5547,3.9,1.6,458.0,1067.4,230,534,none
2026-08-06T16:55:41.429766,329,15,person,0.8902,699.6,493.2,1027.5,1029.6,863,761,none
2026-08-06T16:55:41.431164,329,6,person,0.9151,1012.3,448.7,1379.2,1075.0,1195,761,none
2026-08-06T16:55:41.431998,329,42,person,0.8754,1309.4,279.0,1914.5,1071.5,1611,675,none
2026-08-06T16:55:41.432712,329,78,person,0.8364,25.8,448.2,504.0,1070.0,264,759,none
2026-08-06T16:55:41.433396,329,60,person,0.5119,3.5,1.9,460.2,1075.8,231,538,none
2026-08-06T16:55:41.528619,330,15,person,0.8953,698.9,492.2,1028.7,1029.9,863,761,none
2026-08-06T16:55:41.530057,330,6,person,0.9134,1012.6,449.3,1379.0,1074.8,1195,762,none
2026-08-06T16:55:41.530805,330,42,person,0.9016,1310.5,283.6,1914.0,1072.3,1612,677,none
2026-08-06T16:55:41.531439,330,78,person,0.8278,30.6,448.8,508.6,1070.6,269,759,none
2026-08-06T16:55:41.629669,331,15,person,0.8952,698.4,491.1,1029.9,1030.4,864,760,none
2026-08-06T16:55:41.631012,331,6,person,0.913,1012.9,450.4,1378.6,1074.7,1195,762,none
2026-08-06T16:55:41.631713,331,42,person,0.901,1311.7,287.1,1913.9,1072.4,1612,679,none
2026-08-06T16:55:41.632373,331,78,person,0.8056,34.3,448.0,512.4,1070.8,273,759,none
2026-08-06T16:55:41.729918,332,15,person,0.8982,697.2,490.0,1030.5,1031.0,863,760,none
2026-08-06T16:55:41.731299,332,6,person,0.913,1013.0,450.4,1378.8,1074.8,1195,762,none
2026-08-06T16:55:41.732040,332,42,person,0.8908,1312.5,289.3,1914.2,1072.4,1613,680,none
2026-08-06T16:55:41.732731,332,78,person,0.8136,45.5,451.6,518.6,1072.0,282,761,none
2026-08-06T16:55:41.829552,333,15,person,0.8893,694.1,489.9,1029.8,1033.5,861,761,none
2026-08-06T16:55:41.831027,333,6,person,0.9202,1013.2,450.5,1378.6,1074.4,1195,762,none
2026-08-06T16:55:41.831793,333,42,person,0.6873,1312.7,288.5,1915.4,1072.2,1614,680,none
2026-08-06T16:55:41.832466,333,78,person,0.429,55.4,450.4,524.9,1070.1,290,760,none
2026-08-06T16:55:41.833109,333,74,person,0.5504,1506.1,282.2,1911.1,932.2,1708,607,none
2026-08-06T16:55:41.923550,334,15,person,0.8911,693.5,490.1,1029.4,1033.1,861,761,none
2026-08-06T16:55:41.925219,334,6,person,0.9192,1012.8,450.8,1378.3,1074.5,1195,762,none
2026-08-06T16:55:41.926007,334,42,person,0.7762,1312.5,287.6,1916.6,1072.4,1614,680,none
2026-08-06T16:55:41.926699,334,74,person,0.5683,1504.2,283.1,1913.5,935.8,1708,609,none
2026-08-06T16:55:41.927460,334,60,person,0.4566,25.8,8.9,487.3,1071.4,256,540,none
2026-08-06T16:55:42.029805,335,15,person,0.8939,693.6,490.2,1029.3,1032.4,861,761,none
2026-08-06T16:55:42.031172,335,6,person,0.9176,1012.6,451.3,1377.9,1074.3,1195,762,none
2026-08-06T16:55:42.031915,335,42,person,0.789,1311.9,285.9,1917.4,1072.2,1614,679,none
2026-08-06T16:55:42.032563,335,74,person,0.5163,1502.2,281.4,1919.3,948.1,1710,614,none
2026-08-06T16:55:42.033247,335,60,person,0.7425,25.6,8.0,495.5,1071.6,260,539,none
2026-08-06T16:55:42.126593,336,15,person,0.8927,693.8,490.5,1029.5,1032.2,861,761,none
2026-08-06T16:55:42.128613,336,6,person,0.9162,1012.2,451.8,1377.6,1074.5,1194,763,none
2026-08-06T16:55:42.129432,336,42,person,0.7131,1311.9,285.7,1916.4,1069.5,1614,677,none
2026-08-06T16:55:42.130068,336,74,person,0.648,1506.9,281.9,1920.0,947.8,1713,614,none
2026-08-06T16:55:42.130754,336,60,person,0.7776,22.6,7.5,497.3,1068.3,259,537,none
2026-08-06T16:55:42.242464,337,15,person,0.8953,694.1,490.7,1029.8,1031.8,861,761,none
2026-08-06T16:55:42.243696,337,6,person,0.9171,1012.2,452.2,1377.7,1074.4,1194,763,none
2026-08-06T16:55:42.244474,337,42,person,0.7897,1311.4,287.6,1916.5,1071.2,1613,679,none
2026-08-06T16:55:42.245110,337,74,person,0.5733,1508.1,283.9,1920.0,949.9,1714,616,none
2026-08-06T16:55:42.245789,337,60,person,0.8035,20.3,9.2,498.8,1067.0,259,538,none
2026-08-06T16:55:42.322654,338,15,person,0.8933,693.8,490.5,1029.7,1031.4,861,760,none
2026-08-06T16:55:42.324589,338,6,person,0.9166,1012.0,452.2,1377.8,1074.6,1194,763,none
2026-08-06T16:55:42.325413,338,42,person,0.7383,1311.6,288.3,1916.1,1070.1,1613,679,none
2026-08-06T16:55:42.326042,338,74,person,0.6157,1512.3,285.2,1920.0,949.8,1716,617,none
2026-08-06T16:55:42.326751,338,60,person,0.793,18.2,10.0,500.7,1067.3,259,538,none
2026-08-06T16:55:42.430642,339,15,person,0.8856,693.6,490.7,1029.3,1031.1,861,760,none
2026-08-06T16:55:42.431942,339,6,person,0.9153,1012.2,452.0,1378.4,1074.7,1195,763,none
2026-08-06T16:55:42.432704,339,42,person,0.758,1312.0,289.6,1916.0,1069.6,1614,679,none
2026-08-06T16:55:42.433324,339,74,person,0.5099,1511.8,287.2,1920.0,951.3,1715,619,none
2026-08-06T16:55:42.433988,339,60,person,0.8048,16.1,7.5,504.0,1068.9,260,538,none
2026-08-06T16:55:42.531248,340,15,person,0.8837,692.8,490.8,1028.2,1030.9,860,760,none
2026-08-06T16:55:42.532628,340,6,person,0.9141,1011.5,452.1,1378.0,1075.1,1194,763,none
2026-08-06T16:55:42.533384,340,42,person,0.7572,1312.5,289.2,1916.4,1068.2,1614,678,none
2026-08-06T16:55:42.534086,340,60,person,0.8378,12.8,6.3,505.8,1073.5,259,539,none
2026-08-06T16:55:42.629506,341,15,person,0.8819,692.8,491.3,1027.7,1029.9,860,760,none
2026-08-06T16:55:42.631322,341,6,person,0.9127,1010.8,452.0,1377.8,1075.2,1194,763,none
2026-08-06T16:55:42.632093,341,42,person,0.7984,1312.0,289.8,1916.4,1068.5,1614,679,none
2026-08-06T16:55:42.632784,341,60,person,0.7957,8.4,8.0,500.7,1070.9,254,539,none
2026-08-06T16:55:42.720823,342,15,person,0.8855,691.8,490.7,1027.3,1029.6,859,760,none
2026-08-06T16:55:42.722411,342,6,person,0.9158,1010.5,452.2,1377.8,1075.5,1194,763,none
2026-08-06T16:55:42.723385,342,42,person,0.7877,1312.2,287.9,1917.9,1067.8,1615,677,none
2026-08-06T16:55:42.724131,342,60,person,0.8119,10.6,7.3,505.6,1070.2,258,538,none
2026-08-06T16:55:42.830264,343,15,person,0.8859,690.9,489.0,1027.5,1029.8,859,759,none
2026-08-06T16:55:42.831579,343,6,person,0.9213,1010.6,452.7,1377.9,1075.4,1194,764,none
2026-08-06T16:55:42.832298,343,42,person,0.7374,1312.1,286.4,1918.8,1067.9,1615,677,none
2026-08-06T16:55:42.832985,343,60,person,0.7327,8.6,5.7,506.7,1072.1,257,538,none
2026-08-06T16:55:42.930159,344,15,person,0.8829,689.9,487.7,1026.8,1030.0,858,758,none
2026-08-06T16:55:42.931461,344,6,person,0.9199,1010.9,452.9,1378.2,1075.2,1194,764,none
2026-08-06T16:55:42.932140,344,42,person,0.8448,1312.7,283.1,1920.0,1069.5,1616,676,none
2026-08-06T16:55:42.932838,344,60,person,0.6479,13.6,5.0,514.9,1070.8,264,537,none
2026-08-06T16:55:43.028154,345,15,person,0.8529,683.8,484.8,1023.7,1031.1,853,757,none
2026-08-06T16:55:43.029621,345,6,person,0.9172,1010.1,452.3,1377.8,1074.8,1193,763,none
2026-08-06T16:55:43.030405,345,42,person,0.9189,1308.8,276.7,1920.0,1070.8,1614,673,none
2026-08-06T16:55:43.031144,345,60,person,0.7067,96.1,13.5,626.2,1071.5,361,542,none
2026-08-06T16:55:43.124517,346,6,person,0.8587,1010.0,449.6,1378.1,1073.9,1194,761,none
2026-08-06T16:55:43.126059,346,42,person,0.8987,1307.6,269.5,1920.0,1071.5,1613,670,none
2026-08-06T16:55:43.127018,346,60,person,0.6981,359.2,7.9,1000.3,1060.9,679,534,none
2026-08-06T16:55:43.225502,347,6,person,0.906,1009.8,450.8,1377.9,1074.3,1193,762,none
2026-08-06T16:55:43.227110,347,42,person,0.9246,1305.0,266.9,1920.0,1073.5,1612,670,none
2026-08-06T16:55:43.228127,347,78,person,0.9063,0.0,7.7,749.6,1068.8,374,538,none
2026-08-06T16:55:43.228773,347,15,person,0.8802,687.0,484.0,1028.2,1033.9,857,758,none
2026-08-06T16:55:43.330033,348,6,person,0.9092,1009.5,450.3,1377.0,1073.0,1193,761,none
2026-08-06T16:55:43.331360,348,42,person,0.9253,1304.0,267.8,1920.0,1072.4,1612,670,none
2026-08-06T16:55:43.332086,348,78,person,0.6372,0.0,0.0,678.0,1068.4,338,534,none
2026-08-06T16:55:43.332738,348,15,person,0.88,687.8,483.9,1028.7,1034.7,858,759,none
2026-08-06T16:55:43.422271,349,6,person,0.9121,1008.6,450.7,1376.5,1073.2,1192,761,none
2026-08-06T16:55:43.424316,349,42,person,0.9239,1303.4,266.2,1920.0,1072.2,1611,669,none
2026-08-06T16:55:43.425163,349,15,person,0.8768,688.9,483.9,1028.8,1034.6,858,759,none
2026-08-06T16:55:43.425843,349,84,person,0.8759,110.6,421.2,566.5,1073.6,338,747,none
2026-08-06T16:55:43.526352,350,6,person,0.9133,1007.8,450.8,1376.3,1073.4,1192,762,none
2026-08-06T16:55:43.528422,350,42,person,0.9244,1303.8,264.9,1920.0,1072.6,1611,668,none
2026-08-06T16:55:43.529223,350,15,person,0.8785,691.5,484.1,1029.4,1034.1,860,759,none
2026-08-06T16:55:43.529906,350,84,person,0.9098,102.4,419.8,554.9,1073.7,328,746,none
2026-08-06T16:55:43.633311,351,6,person,0.9134,1008.6,450.3,1376.7,1072.1,1192,761,none
2026-08-06T16:55:43.634671,351,42,person,0.9182,1304.9,264.5,1920.0,1074.6,1612,669,none
2026-08-06T16:55:43.635401,351,15,person,0.8773,692.9,483.8,1029.6,1034.1,861,758,none
2026-08-06T16:55:43.636061,351,84,person,0.9164,84.3,417.9,541.2,1073.7,312,745,none
2026-08-06T16:55:43.636724,351,92,person,0.6242,16.7,2.0,203.1,1065.9,109,533,none
2026-08-06T16:55:43.727685,352,6,person,0.9164,1008.8,450.2,1376.8,1071.8,1192,760,none
2026-08-06T16:55:43.729399,352,42,person,0.9187,1305.8,264.5,1920.0,1076.8,1612,670,none
2026-08-06T16:55:43.730147,352,15,person,0.874,692.0,483.0,1028.2,1033.8,860,758,none
2026-08-06T16:55:43.730808,352,84,person,0.9294,53.3,420.6,520.1,1074.3,286,747,none
2026-08-06T16:55:43.830381,353,6,person,0.9171,1009.0,450.4,1376.9,1072.1,1192,761,none
2026-08-06T16:55:43.832031,353,42,person,0.9172,1308.1,266.8,1920.0,1077.6,1614,672,none
2026-08-06T16:55:43.832787,353,15,person,0.8744,690.4,482.1,1026.6,1033.6,858,757,none
2026-08-06T16:55:43.833470,353,84,person,0.9232,34.4,423.6,507.4,1073.5,270,748,none
2026-08-06T16:55:43.927108,354,6,person,0.9177,1008.8,450.5,1376.8,1072.5,1192,761,none
2026-08-06T16:55:43.928901,354,42,person,0.9146,1310.4,267.7,1920.0,1078.0,1615,672,none
2026-08-06T16:55:43.929742,354,15,person,0.8757,688.2,479.8,1025.9,1034.6,857,757,none
2026-08-06T16:55:43.930431,354,84,person,0.912,22.1,423.1,501.1,1073.7,261,748,none
2026-08-06T16:55:44.032456,355,6,person,0.9167,1008.6,450.7,1376.5,1072.5,1192,761,none
2026-08-06T16:55:44.033717,355,42,person,0.9129,1312.1,268.2,1920.0,1078.3,1616,673,none
2026-08-06T16:55:44.034438,355,15,person,0.8729,687.3,478.4,1025.5,1034.5,856,756,none
2026-08-06T16:55:44.035090,355,84,person,0.918,15.5,423.6,498.0,1073.6,256,748,none
2026-08-06T16:55:44.129416,356,6,person,0.9172,1008.3,450.7,1376.4,1072.7,1192,761,none
2026-08-06T16:55:44.131003,356,42,person,0.913,1313.1,268.3,1920.0,1078.3,1616,673,none
2026-08-06T16:55:44.131765,356,15,person,0.871,687.5,478.3,1025.3,1034.6,856,756,none
2026-08-06T16:55:44.132426,356,84,person,0.9106,9.1,422.1,494.9,1073.9,251,748,none
2026-08-06T16:55:44.228212,357,6,person,0.9157,1008.2,450.6,1376.4,1072.8,1192,761,none
2026-08-06T16:55:44.229604,357,42,person,0.9123,1313.1,267.7,1920.0,1079.4,1616,673,none
2026-08-06T16:55:44.230361,357,15,person,0.8671,687.2,479.7,1024.2,1034.1,855,756,none
2026-08-06T16:55:44.231022,357,84,person,0.9153,4.6,419.8,493.3,1073.9,248,746,none
2026-08-06T16:55:44.330435,358,6,person,0.9166,1008.3,450.6,1376.6,1072.9,1192,761,none
2026-08-06T16:55:44.331868,358,42,person,0.9138,1313.8,267.8,1920.0,1079.2,1616,673,none
2026-08-06T16:55:44.332529,358,15,person,0.8708,686.7,480.1,1023.4,1033.8,855,756,none
2026-08-06T16:55:44.333181,358,84,person,0.9211,2.2,417.8,492.8,1073.6,247,745,none
2026-08-06T16:55:44.432667,359,6,person,0.9177,1008.3,450.8,1376.6,1073.1,1192,761,none
2026-08-06T16:55:44.433899,359,42,person,0.9159,1314.3,267.1,1920.0,1078.6,1617,672,none
2026-08-06T16:55:44.434601,359,15,person,0.8725,687.6,481.9,1023.3,1033.4,855,757,none
2026-08-06T16:55:44.435247,359,84,person,0.9217,1.3,416.1,493.8,1073.7,247,744,none
2026-08-06T16:55:44.530156,360,6,person,0.9186,1008.1,451.0,1376.4,1073.3,1192,762,none
2026-08-06T16:55:44.531636,360,42,person,0.9162,1314.5,266.3,1920.0,1078.5,1617,672,none
2026-08-06T16:55:44.532332,360,15,person,0.871,688.3,483.1,1023.4,1033.3,855,758,none
2026-08-06T16:55:44.532994,360,84,person,0.9244,0.7,415.4,493.9,1073.1,247,744,none
2026-08-06T16:55:44.631133,361,6,person,0.9177,1008.3,451.4,1376.3,1073.2,1192,762,none
2026-08-06T16:55:44.632392,361,42,person,0.9159,1314.8,265.7,1920.0,1078.9,1617,672,none
2026-08-06T16:55:44.633051,361,15,person,0.8697,689.2,484.7,1023.4,1033.4,856,759,none
2026-08-06T16:55:44.633665,361,84,person,0.9264,0.9,414.6,495.4,1073.4,248,743,none
2026-08-06T16:55:44.733206,362,6,person,0.9149,1008.6,451.7,1376.4,1073.0,1192,762,none
2026-08-06T16:55:44.734509,362,42,person,0.9149,1315.2,265.0,1920.0,1079.0,1617,671,none
2026-08-06T16:55:44.735251,362,15,person,0.8712,689.5,485.5,1023.5,1033.6,856,759,none
2026-08-06T16:55:44.735908,362,84,person,0.9189,0.0,413.3,495.1,1072.7,247,742,none
2026-08-06T16:55:44.828985,363,6,person,0.9158,1009.1,451.8,1376.8,1072.8,1192,762,none
2026-08-06T16:55:44.830404,363,42,person,0.9139,1315.9,265.3,1920.0,1078.3,1617,671,none
2026-08-06T16:55:44.831125,363,15,person,0.8696,689.6,486.4,1023.3,1033.8,856,760,none
2026-08-06T16:55:44.831744,363,84,person,0.9263,0.0,413.0,494.6,1073.0,247,743,none
2026-08-06T16:55:44.931358,364,6,person,0.9145,1009.1,451.7,1376.8,1072.7,1192,762,none
2026-08-06T16:55:44.932598,364,42,person,0.9135,1316.2,264.1,1920.0,1077.8,1618,670,none
2026-08-06T16:55:44.933289,364,15,person,0.8719,690.0,486.4,1023.6,1033.9,856,760,none
2026-08-06T16:55:44.933913,364,84,person,0.9283,0.0,412.7,492.8,1072.6,246,742,none
2026-08-06T16:55:45.043075,365,6,person,0.9137,1009.0,451.6,1376.7,1072.6,1192,762,none
2026-08-06T16:55:45.044303,365,42,person,0.9129,1316.7,263.2,1920.0,1077.5,1618,670,none
2026-08-06T16:55:45.044996,365,15,person,0.8739,690.7,486.8,1023.8,1033.4,857,760,none
2026-08-06T16:55:45.045619,365,84,person,0.9268,0.0,412.5,487.4,1072.6,243,742,none
2026-08-06T16:55:45.124589,366,6,person,0.9121,1008.9,451.3,1376.8,1072.6,1192,761,none
2026-08-06T16:55:45.126081,366,42,person,0.9122,1317.0,262.9,1920.0,1077.3,1618,670,none
2026-08-06T16:55:45.126895,366,15,person,0.8712,690.8,484.9,1024.7,1033.2,857,759,none
2026-08-06T16:55:45.127563,366,84,person,0.9299,0.0,409.2,483.9,1073.0,241,741,none
2026-08-06T16:55:45.231605,367,6,person,0.9131,1008.7,450.9,1376.9,1072.8,1192,761,none
2026-08-06T16:55:45.232800,367,42,person,0.913,1316.8,262.5,1920.0,1077.4,1618,669,none
2026-08-06T16:55:45.233477,367,15,person,0.8705,690.6,483.4,1025.2,1033.3,857,758,none
2026-08-06T16:55:45.234109,367,84,person,0.9368,0.0,408.0,479.8,1073.3,239,740,none
2026-08-06T16:55:45.330794,368,6,person,0.9131,1008.4,450.6,1376.7,1072.8,1192,761,none
2026-08-06T16:55:45.332242,368,42,person,0.9139,1316.1,262.1,1920.0,1077.3,1618,669,none
2026-08-06T16:55:45.332965,368,15,person,0.8728,691.0,483.6,1025.1,1033.2,858,758,none
2026-08-06T16:55:45.333621,368,84,person,0.937,0.0,407.4,475.3,1072.6,237,739,none
2026-08-06T16:55:45.430758,369,6,person,0.9135,1008.5,450.8,1376.6,1072.8,1192,761,none
2026-08-06T16:55:45.432108,369,42,person,0.9147,1315.9,261.5,1920.0,1077.2,1617,669,none
2026-08-06T16:55:45.432791,369,15,person,0.8759,690.0,481.8,1025.1,1033.7,857,757,none
2026-08-06T16:55:45.433432,369,84,person,0.9433,0.0,407.4,468.2,1072.1,234,739,none
2026-08-06T16:55:45.531605,370,6,person,0.913,1008.7,451.3,1376.6,1072.9,1192,762,none
2026-08-06T16:55:45.532821,370,42,person,0.9136,1316.1,260.4,1920.0,1078.3,1618,669,none
2026-08-06T16:55:45.533505,370,15,person,0.8795,689.5,481.1,1024.8,1034.0,857,757,none
2026-08-06T16:55:45.534146,370,84,person,0.9441,0.0,408.3,463.3,1072.3,231,740,none
2026-08-06T16:55:45.630290,371,6,person,0.9124,1008.6,451.6,1376.4,1073.1,1192,762,none
2026-08-06T16:55:45.631830,371,42,person,0.912,1316.3,260.0,1920.0,1078.6,1618,669,none
2026-08-06T16:55:45.632569,371,15,person,0.8797,689.5,480.5,1025.0,1033.9,857,757,none
2026-08-06T16:55:45.633240,371,84,person,0.9463,0.0,408.2,458.6,1072.3,229,740,none
2026-08-06T16:55:45.730483,372,6,person,0.9148,1008.7,451.8,1376.4,1073.2,1192,762,none
2026-08-06T16:55:45.731952,372,42,person,0.9116,1316.7,259.9,1920.0,1078.4,1618,669,none
2026-08-06T16:55:45.732705,372,15,person,0.8784,689.8,480.8,1024.9,1033.9,857,757,none
2026-08-06T16:55:45.733354,372,84,person,0.9437,0.0,408.9,455.5,1072.3,227,740,none
2026-08-06T16:55:45.832169,373,6,person,0.9164,1008.7,452.2,1376.1,1073.1,1192,762,none
2026-08-06T16:55:45.833327,373,42,person,0.9117,1317.1,260.0,1920.0,1078.0,1618,669,none
2026-08-06T16:55:45.834005,373,15,person,0.8787,689.6,480.6,1024.7,1033.9,857,757,none
2026-08-06T16:55:45.834634,373,84,person,0.9521,0.0,407.3,452.7,1072.4,226,739,none
2026-08-06T16:55:45.929546,374,6,person,0.9159,1008.9,452.1,1376.2,1073.1,1192,762,none
2026-08-06T16:55:45.931003,374,42,person,0.91,1317.7,260.4,1920.0,1077.7,1618,669,none
2026-08-06T16:55:45.931748,374,15,person,0.8819,690.0,481.1,1024.4,1033.4,857,757,none
2026-08-06T16:55:45.932405,374,84,person,0.9527,0.0,407.1,450.0,1073.0,225,740,none
2026-08-06T16:55:46.030234,375,6,person,0.9146,1009.0,452.0,1376.3,1073.1,1192,762,none
2026-08-06T16:55:46.031580,375,42,person,0.9108,1318.2,260.8,1920.0,1077.7,1619,669,none
2026-08-06T16:55:46.032248,375,15,person,0.8834,690.3,480.7,1025.0,1033.2,857,756,none
2026-08-06T16:55:46.032915,375,84,person,0.9479,0.0,405.2,448.4,1072.7,224,738,none
2026-08-06T16:55:46.132379,376,6,person,0.9145,1009.3,451.9,1376.7,1073.2,1192,762,none
2026-08-06T16:55:46.133583,376,42,person,0.912,1318.7,261.0,1920.0,1077.9,1619,669,none
2026-08-06T16:55:46.134291,376,15,person,0.8819,690.6,481.0,1025.2,1033.2,857,757,none
2026-08-06T16:55:46.134951,376,84,person,0.9489,0.0,404.2,446.7,1072.2,223,738,none
2026-08-06T16:55:46.230172,377,6,person,0.9154,1009.3,452.1,1376.6,1073.4,1192,762,none
2026-08-06T16:55:46.231524,377,42,person,0.9127,1319.0,261.2,1920.0,1077.9,1619,669,none
2026-08-06T16:55:46.232203,377,15,person,0.8739,692.1,482.6,1025.6,1032.4,858,757,none
2026-08-06T16:55:46.232867,377,84,person,0.9462,0.0,401.9,443.2,1072.1,221,737,none
2026-08-06T16:55:46.333693,378,6,person,0.9148,1009.4,452.1,1376.6,1073.3,1193,762,none
2026-08-06T16:55:46.334851,378,42,person,0.9124,1319.0,261.3,1920.0,1077.6,1619,669,none
2026-08-06T16:55:46.335527,378,15,person,0.8758,693.1,483.2,1025.9,1032.2,859,757,none
2026-08-06T16:55:46.336167,378,84,person,0.9496,0.0,399.5,438.1,1072.1,219,735,none
2026-08-06T16:55:46.430347,379,6,person,0.9138,1009.7,452.1,1376.7,1073.2,1193,762,none
2026-08-06T16:55:46.431726,379,42,person,0.9126,1319.1,261.1,1919.9,1076.8,1619,668,none
2026-08-06T16:55:46.432419,379,15,person,0.8801,693.3,485.1,1025.0,1031.4,859,758,none
2026-08-06T16:55:46.433093,379,84,person,0.9512,0.0,398.7,434.5,1072.7,217,735,none
2026-08-06T16:55:46.528713,380,6,person,0.9148,1010.1,452.2,1377.0,1073.3,1193,762,none
2026-08-06T16:55:46.530234,380,42,person,0.9124,1319.3,261.2,1919.7,1076.6,1619,668,none
2026-08-06T16:55:46.531006,380,15,person,0.8796,693.6,487.7,1023.5,1029.8,858,758,none
2026-08-06T16:55:46.531658,380,84,person,0.9396,0.0,398.2,440.3,1072.4,220,735,none
2026-08-06T16:55:46.632411,381,6,person,0.9142,1010.5,452.3,1377.1,1073.1,1193,762,none
2026-08-06T16:55:46.633730,381,42,person,0.9128,1319.2,261.3,1919.4,1076.5,1619,668,none
2026-08-06T16:55:46.634455,381,15,person,0.8816,693.9,488.8,1023.2,1028.5,858,758,none
2026-08-06T16:55:46.635109,381,84,person,0.9375,0.0,398.1,447.1,1071.8,223,734,none
2026-08-06T16:55:46.730269,382,6,person,0.9129,1011.4,452.1,1377.6,1073.1,1194,762,none
2026-08-06T16:55:46.731776,382,42,person,0.9112,1319.1,261.3,1919.5,1076.8,1619,669,none
2026-08-06T16:55:46.732492,382,15,person,0.8775,693.9,488.9,1023.9,1028.4,858,758,none
2026-08-06T16:55:46.733154,382,84,person,0.9459,3.2,400.2,455.9,1072.3,229,736,none
2026-08-06T16:55:46.832614,383,6,person,0.9138,1012.5,451.9,1378.2,1072.9,1195,762,none
2026-08-06T16:55:46.833919,383,42,person,0.9103,1319.1,260.9,1919.9,1077.3,1619,669,none
2026-08-06T16:55:46.834621,383,15,person,0.879,694.7,488.9,1025.1,1027.8,859,758,none
2026-08-06T16:55:46.835272,383,84,person,0.9221,10.6,401.7,465.5,1072.4,238,737,none
2026-08-06T16:55:46.928758,384,6,person,0.9138,1012.4,451.5,1378.1,1073.1,1195,762,none
2026-08-06T16:55:46.930255,384,42,person,0.9114,1319.2,261.0,1919.8,1077.3,1619,669,none
2026-08-06T16:55:46.930991,384,15,person,0.8734,695.2,489.1,1025.5,1026.5,860,757,none
2026-08-06T16:55:46.931651,384,84,person,0.917,14.8,402.4,473.4,1073.7,244,738,none
2026-08-06T16:55:47.032575,385,6,person,0.9118,1012.3,451.1,1378.0,1073.1,1195,762,none
2026-08-06T16:55:47.033814,385,42,person,0.9146,1319.3,261.3,1919.8,1077.7,1619,669,none
2026-08-06T16:55:47.034526,385,15,person,0.8722,695.6,489.7,1026.5,1026.2,861,757,none
2026-08-06T16:55:47.035187,385,84,person,0.9112,19.6,403.8,481.3,1074.2,250,739,none
2026-08-06T16:55:47.131828,386,6,person,0.9152,1013.8,451.1,1378.9,1073.2,1196,762,none
2026-08-06T16:55:47.133012,386,42,person,0.9149,1319.3,261.5,1919.9,1078.4,1619,669,none
2026-08-06T16:55:47.133674,386,15,person,0.8771,695.3,489.5,1028.1,1028.2,861,758,none
2026-08-06T16:55:47.134312,386,84,person,0.917,21.7,405.9,485.9,1074.8,253,740,none
2026-08-06T16:55:47.228574,387,6,person,0.9141,1014.9,451.5,1379.3,1073.4,1197,762,none
2026-08-06T16:55:47.230068,387,42,person,0.915,1319.2,261.6,1919.8,1078.7,1619,670,none
2026-08-06T16:55:47.230839,387,15,person,0.8857,695.2,489.2,1029.4,1029.5,862,759,none
2026-08-06T16:55:47.231503,387,84,person,0.9176,21.6,408.3,488.5,1076.0,255,742,none
2026-08-06T16:55:47.339165,388,6,person,0.9137,1015.3,452.8,1379.1,1074.1,1197,763,none
2026-08-06T16:55:47.340382,388,42,person,0.9153,1319.4,261.9,1919.6,1078.4,1619,670,none
2026-08-06T16:55:47.341143,388,15,person,0.8873,693.3,488.3,1029.1,1030.4,861,759,none
2026-08-06T16:55:47.341856,388,84,person,0.9088,20.3,409.0,488.5,1075.3,254,742,none
2026-08-06T16:55:47.427294,389,6,person,0.9118,1014.9,452.3,1378.3,1073.4,1196,762,none
2026-08-06T16:55:47.429175,389,42,person,0.9143,1319.6,262.2,1919.3,1078.1,1619,670,none
2026-08-06T16:55:47.429983,389,15,person,0.8915,692.1,487.9,1029.3,1031.9,860,759,none
2026-08-06T16:55:47.430657,389,84,person,0.9051,18.0,409.5,488.0,1075.1,252,742,none
2026-08-06T16:55:47.530963,390,6,person,0.9126,1015.1,452.0,1378.2,1073.4,1196,762,none
2026-08-06T16:55:47.532317,390,42,person,0.9108,1320.2,262.5,1919.1,1077.4,1619,669,none
2026-08-06T16:55:47.533002,390,15,person,0.8975,691.6,487.7,1029.5,1032.2,860,759,none
2026-08-06T16:55:47.533645,390,84,person,0.908,16.5,410.8,487.5,1074.2,251,742,none
2026-08-06T16:55:47.626715,391,6,person,0.9106,1015.6,452.0,1378.4,1073.9,1197,762,none
2026-08-06T16:55:47.628898,391,42,person,0.9101,1320.7,262.8,1919.1,1077.0,1619,669,none
2026-08-06T16:55:47.629667,391,15,person,0.8978,692.6,488.0,1030.7,1032.3,861,760,none
2026-08-06T16:55:47.630330,391,84,person,0.9095,15.4,412.7,487.4,1073.9,251,743,none
2026-08-06T16:55:47.745816,392,6,person,0.9108,1015.8,452.1,1378.1,1074.1,1196,763,none
2026-08-06T16:55:47.747050,392,42,person,0.9104,1320.4,262.5,1918.9,1076.8,1619,669,none
2026-08-06T16:55:47.747741,392,15,person,0.8954,693.5,487.9,1031.7,1032.0,862,759,none
2026-08-06T16:55:47.748382,392,84,person,0.9057,13.2,413.1,486.3,1072.9,249,743,none
2026-08-06T16:55:47.824709,393,6,person,0.9102,1015.3,452.2,1377.1,1073.8,1196,762,none
2026-08-06T16:55:47.826400,393,42,person,0.9102,1320.2,262.6,1918.8,1076.9,1619,669,none
2026-08-06T16:55:47.827169,393,15,person,0.8946,693.6,488.2,1032.0,1032.0,862,760,none
2026-08-06T16:55:47.827883,393,84,person,0.9093,11.0,414.0,485.4,1072.8,248,743,none
2026-08-06T16:55:47.934793,394,6,person,0.9123,1015.8,453.3,1377.2,1074.5,1196,763,none
2026-08-06T16:55:47.935991,394,42,person,0.91,1319.9,261.9,1919.3,1077.6,1619,669,none
2026-08-06T16:55:47.936649,394,15,person,0.8975,693.4,488.0,1032.3,1032.1,862,760,none
2026-08-06T16:55:47.937268,394,84,person,0.9177,8.5,414.2,484.4,1072.9,246,743,none
2026-08-06T16:55:48.030917,395,6,person,0.9151,1016.3,454.0,1377.3,1074.4,1196,764,none
2026-08-06T16:55:48.032257,395,42,person,0.9095,1319.7,261.5,1919.5,1078.0,1619,669,none
2026-08-06T16:55:48.032925,395,15,person,0.8988,693.1,487.7,1032.9,1032.8,863,760,none
2026-08-06T16:55:48.033563,395,84,person,0.9171,6.9,413.9,484.3,1073.1,245,743,none
2026-08-06T16:55:48.127836,396,6,person,0.9137,1016.9,454.4,1377.4,1074.2,1197,764,none
2026-08-06T16:55:48.129397,396,42,person,0.9109,1319.5,261.8,1919.4,1078.6,1619,670,none
2026-08-06T16:55:48.130084,396,15,person,0.8981,693.2,487.8,1033.2,1032.9,863,760,none
2026-08-06T16:55:48.130712,396,84,person,0.9162,6.2,415.3,483.8,1073.0,245,744,none
2026-08-06T16:55:48.233384,397,6,person,0.9113,1015.1,454.3,1376.1,1074.4,1195,764,none
2026-08-06T16:55:48.234678,397,42,person,0.9117,1319.3,261.6,1919.4,1078.6,1619,670,none
2026-08-06T16:55:48.235413,397,15,person,0.8957,692.9,487.8,1033.6,1033.7,863,760,none
2026-08-06T16:55:48.236058,397,84,person,0.9144,5.4,415.9,483.6,1073.0,244,744,none
2026-08-06T16:55:48.320769,398,6,person,0.9113,1015.6,453.9,1376.8,1074.4,1196,764,none
2026-08-06T16:55:48.322389,398,42,person,0.9114,1319.4,261.1,1919.4,1078.3,1619,669,none
2026-08-06T16:55:48.323221,398,15,person,0.8976,692.6,487.2,1034.1,1034.4,863,760,none
2026-08-06T16:55:48.323933,398,84,person,0.9146,4.8,416.5,483.6,1073.0,244,744,none
2026-08-06T16:55:48.430125,399,6,person,0.9102,1016.2,453.5,1377.3,1074.3,1196,763,none
2026-08-06T16:55:48.431574,399,42,person,0.9111,1319.2,260.0,1919.8,1078.3,1619,669,none
2026-08-06T16:55:48.432255,399,15,person,0.8977,692.6,487.1,1034.3,1034.8,863,760,none
2026-08-06T16:55:48.432906,399,84,person,0.9163,4.3,416.7,483.9,1073.1,244,744,none
2026-08-06T16:55:48.531078,400,6,person,0.9112,1016.7,453.3,1377.8,1074.3,1197,763,none
2026-08-06T16:55:48.532467,400,42,person,0.9113,1319.0,259.3,1920.0,1078.5,1619,668,none
2026-08-06T16:55:48.533221,400,15,person,0.899,693.1,487.8,1033.9,1034.1,863,760,none
2026-08-06T16:55:48.533863,400,84,person,0.9159,3.7,416.6,484.2,1073.3,243,744,none
2026-08-06T16:55:48.633378,401,6,person,0.9104,1015.8,452.7,1377.2,1074.3,1196,763,none
2026-08-06T16:55:48.634731,401,42,person,0.9107,1319.1,259.1,1920.0,1078.5,1619,668,none
2026-08-06T16:55:48.635490,401,15,person,0.8963,693.1,487.7,1033.5,1033.4,863,760,none
2026-08-06T16:55:48.636177,401,84,person,0.9162,3.4,416.8,484.5,1073.4,243,745,none
2026-08-06T16:55:48.732440,402,6,person,0.9141,1015.2,452.3,1377.1,1074.5,1196,763,none
2026-08-06T16:55:48.733808,402,42,person,0.9113,1319.4,259.2,1919.9,1078.3,1619,668,none
2026-08-06T16:55:48.734607,402,15,person,0.8934,693.0,487.9,1032.9,1032.9,862,760,none
2026-08-06T16:55:48.735303,402,84,person,0.9177,3.1,416.9,484.8,1073.5,243,745,none
2026-08-06T16:55:48.831980,403,6,person,0.9158,1015.9,452.9,1377.4,1074.4,1196,763,none
2026-08-06T16:55:48.833254,403,42,person,0.9107,1319.9,260.0,1919.5,1077.9,1619,668,none
2026-08-06T16:55:48.833983,403,15,person,0.8956,692.8,488.0,1032.1,1032.6,862,760,none
2026-08-06T16:55:48.834646,403,84,person,0.9195,2.6,416.6,485.0,1073.5,243,745,none
2026-08-06T16:55:48.932544,404,6,person,0.9146,1016.4,453.4,1377.6,1074.4,1197,763,none
2026-08-06T16:55:48.933790,404,42,person,0.9114,1320.1,260.3,1919.2,1077.5,1619,668,none
2026-08-06T16:55:48.934546,404,15,person,0.8997,692.5,487.2,1031.9,1032.4,862,759,none
2026-08-06T16:55:48.935232,404,84,person,0.9208,2.2,416.3,485.2,1073.5,243,744,none
2026-08-06T16:55:49.025329,405,6,person,0.9126,1016.4,452.6,1377.3,1073.6,1196,763,none
2026-08-06T16:55:49.026692,405,42,person,0.9106,1319.9,259.9,1919.2,1077.5,1619,668,none
2026-08-06T16:55:49.027658,405,15,person,0.8961,692.0,486.3,1031.5,1032.0,861,759,none
2026-08-06T16:55:49.028417,405,84,person,0.9229,1.8,416.2,485.2,1073.4,243,744,none
2026-08-06T16:55:49.130497,406,6,person,0.9129,1015.1,453.4,1376.4,1074.2,1195,763,none
2026-08-06T16:55:49.131976,406,42,person,0.9116,1319.9,259.7,1919.1,1077.2,1619,668,none
2026-08-06T16:55:49.132696,406,15,person,0.8887,691.8,486.6,1030.6,1031.6,861,759,none
2026-08-06T16:55:49.133355,406,84,person,0.9223,1.6,416.1,485.2,1073.4,243,744,none
2026-08-06T16:55:49.233473,407,6,person,0.9152,1015.6,452.4,1376.8,1073.2,1196,762,none
2026-08-06T16:55:49.234832,407,42,person,0.9114,1319.9,260.1,1919.0,1077.3,1619,668,none
2026-08-06T16:55:49.235642,407,15,person,0.8926,691.5,487.0,1029.7,1031.5,860,759,none
2026-08-06T16:55:49.236333,407,84,person,0.9212,1.6,416.1,485.5,1073.4,243,744,none
2026-08-06T16:55:49.330500,408,6,person,0.9156,1016.0,452.1,1377.1,1073.0,1196,762,none
2026-08-06T16:55:49.331917,408,42,person,0.9125,1320.1,260.4,1918.8,1077.1,1619,668,none
2026-08-06T16:55:49.332627,408,15,person,0.887,691.5,487.2,1028.7,1030.5,860,758,none
2026-08-06T16:55:49.333266,408,84,person,0.9205,1.7,416.2,485.6,1073.4,243,744,none
2026-08-06T16:55:49.429664,409,6,person,0.9164,1016.0,451.7,1377.2,1073.0,1196,762,none
2026-08-06T16:55:49.431179,409,42,person,0.9129,1319.9,260.3,1918.5,1076.8,1619,668,none
2026-08-06T16:55:49.431909,409,15,person,0.8852,692.0,487.9,1028.4,1029.1,860,758,none
2026-08-06T16:55:49.432558,409,84,person,0.92,2.0,416.5,485.8,1073.4,243,744,none
2026-08-06T16:55:49.534308,410,6,person,0.9169,1014.6,451.2,1376.4,1073.2,1195,762,none
2026-08-06T16:55:49.535633,410,42,person,0.9129,1320.1,260.4,1918.6,1076.7,1619,668,none
2026-08-06T16:55:49.536383,410,15,person,0.8936,691.5,489.3,1026.9,1028.7,859,759,none
2026-08-06T16:55:49.537045,410,84,person,0.9181,2.7,416.8,486.0,1073.1,244,744,none
2026-08-06T16:55:49.630195,411,6,person,0.9167,1014.3,451.3,1376.0,1073.0,1195,762,none
2026-08-06T16:55:49.631658,411,42,person,0.912,1320.1,260.2,1918.9,1076.9,1619,668,none
2026-08-06T16:55:49.632379,411,15,person,0.8942,690.7,488.6,1027.0,1029.6,858,759,none
2026-08-06T16:55:49.633017,411,84,person,0.9175,3.2,417.0,486.2,1072.9,244,744,none
2026-08-06T16:55:49.731343,412,6,person,0.9171,1013.7,451.1,1375.8,1073.1,1194,762,none
2026-08-06T16:55:49.732667,412,42,person,0.912,1320.1,259.6,1919.3,1077.0,1619,668,none
2026-08-06T16:55:49.733386,412,15,person,0.8924,689.2,485.6,1027.8,1030.6,858,758,none
2026-08-06T16:55:49.734066,412,84,person,0.9209,3.0,416.9,486.3,1072.9,244,744,none
2026-08-06T16:55:49.830822,413,6,person,0.9172,1013.6,450.8,1375.8,1073.0,1194,761,none
2026-08-06T16:55:49.832235,413,42,person,0.913,1320.2,259.3,1919.5,1077.0,1619,668,none
2026-08-06T16:55:49.832972,413,15,person,0.8898,688.0,484.3,1028.2,1032.5,858,758,none
2026-08-06T16:55:49.833625,413,84,person,0.9228,2.4,416.9,486.0,1073.1,244,744,none
2026-08-06T16:55:49.931164,414,6,person,0.9172,1013.8,451.0,1376.0,1072.9,1194,761,none
2026-08-06T16:55:49.932490,414,42,person,0.9142,1320.6,260.5,1919.0,1076.8,1619,668,none
2026-08-06T16:55:49.933172,414,15,person,0.8828,688.8,485.1,1028.2,1032.2,858,758,none
2026-08-06T16:55:49.933808,414,84,person,0.9218,1.8,416.8,485.7,1073.2,243,744,none
2026-08-06T16:55:50.032548,415,6,person,0.9157,1012.8,451.3,1375.3,1072.9,1194,762,none
2026-08-06T16:55:50.033723,415,42,person,0.9126,1320.9,262.5,1918.2,1076.9,1619,669,none
2026-08-06T16:55:50.034385,415,15,person,0.8766,689.1,486.2,1027.8,1032.4,858,759,none
2026-08-06T16:55:50.035020,415,84,person,0.9203,1.5,416.6,485.8,1073.4,243,745,none
2026-08-06T16:55:50.130915,416,6,person,0.9163,1012.6,451.5,1375.3,1073.1,1193,762,none
2026-08-06T16:55:50.132220,416,42,person,0.9116,1321.2,264.5,1917.6,1077.2,1619,670,none
2026-08-06T16:55:50.132912,416,15,person,0.8803,688.5,485.0,1027.7,1032.3,858,758,none
2026-08-06T16:55:50.133537,416,84,person,0.9195,1.4,416.5,486.1,1073.5,243,745,none
2026-08-06T16:55:50.231956,417,6,person,0.9175,1012.3,451.3,1375.6,1073.1,1193,762,none
2026-08-06T16:55:50.233437,417,42,person,0.9125,1321.6,266.1,1917.4,1077.3,1619,671,none
2026-08-06T16:55:50.234175,417,15,person,0.8818,687.9,483.7,1027.7,1032.6,857,758,none
2026-08-06T16:55:50.234846,417,84,person,0.9192,1.8,416.5,486.5,1073.4,244,744,none
2026-08-06T16:55:50.327230,418,6,person,0.9177,1012.2,450.9,1375.9,1073.1,1194,762,none
2026-08-06T16:55:50.329408,418,42,person,0.9143,1321.8,267.8,1916.9,1077.5,1619,672,none
2026-08-06T16:55:50.330230,418,15,person,0.8812,686.3,480.0,1028.2,1033.5,857,756,none
2026-08-06T16:55:50.330951,418,84,person,0.9165,4.4,416.7,488.1,1073.1,246,744,none
2026-08-06T16:55:50.426861,419,6,person,0.9184,1012.1,450.7,1376.1,1073.3,1194,761,none
2026-08-06T16:55:50.428851,419,42,person,0.9145,1321.8,268.2,1916.8,1077.1,1619,672,none
2026-08-06T16:55:50.429681,419,15,person,0.8805,685.0,478.0,1027.7,1033.8,856,755,none
2026-08-06T16:55:50.430371,419,84,person,0.9121,9.2,416.9,491.2,1072.8,250,744,none
2026-08-06T16:55:50.430982,419,100,person,0.6506,1.3,555.5,97.9,1076.6,49,816,none
2026-08-06T16:55:50.542359,420,6,person,0.9185,1012.2,450.8,1376.2,1073.0,1194,761,none
2026-08-06T16:55:50.543705,420,42,person,0.9127,1321.5,268.6,1916.7,1077.1,1619,672,none
2026-08-06T16:55:50.544425,420,15,person,0.8757,685.8,476.2,1028.6,1033.9,857,755,none
2026-08-06T16:55:50.545081,420,84,person,0.9155,11.9,417.1,492.3,1072.7,252,744,none
2026-08-06T16:55:50.545663,420,100,person,0.6644,1.7,556.4,98.7,1079.2,50,817,none
2026-08-06T16:55:50.628636,421,6,person,0.9185,1012.1,451.0,1375.9,1072.8,1193,761,none
2026-08-06T16:55:50.630324,421,42,person,0.9149,1321.4,268.9,1916.9,1077.5,1619,673,none
2026-08-06T16:55:50.631047,421,15,person,0.8725,686.0,474.2,1029.1,1033.9,857,754,none
2026-08-06T16:55:50.631705,421,84,person,0.9164,9.4,417.1,489.7,1072.9,249,745,none
2026-08-06T16:55:50.632286,421,100,person,0.6196,3.4,557.2,100.6,1080.0,52,818,none
2026-08-06T16:55:50.732012,422,6,person,0.9188,1012.0,451.3,1375.9,1072.7,1193,761,none
2026-08-06T16:55:50.733296,422,42,person,0.9173,1321.2,269.1,1917.1,1077.7,1619,673,none
2026-08-06T16:55:50.733955,422,15,person,0.8715,685.3,472.8,1028.3,1033.6,856,753,none
2026-08-06T16:55:50.734585,422,84,person,0.9248,5.8,416.9,486.8,1073.2,246,745,none
2026-08-06T16:55:50.830349,423,6,person,0.9176,1012.0,451.4,1376.0,1072.7,1194,762,none
2026-08-06T16:55:50.831850,423,42,person,0.9134,1321.1,268.9,1917.1,1077.1,1619,673,none
2026-08-06T16:55:50.832562,423,15,person,0.8741,685.4,473.3,1027.2,1033.2,856,753,none
2026-08-06T16:55:50.833211,423,84,person,0.9272,3.9,416.7,485.7,1073.3,244,745,none
2026-08-06T16:55:50.932032,424,6,person,0.9172,1011.8,451.5,1376.0,1072.6,1193,762,none
2026-08-06T16:55:50.933436,424,42,person,0.9141,1321.1,268.5,1917.3,1076.6,1619,672,none
2026-08-06T16:55:50.934116,424,15,person,0.8765,686.3,474.8,1026.6,1032.8,856,753,none
2026-08-06T16:55:50.934755,424,84,person,0.9261,2.9,416.8,485.0,1073.3,243,745,none
2026-08-06T16:55:51.029902,425,6,person,0.918,1011.7,450.9,1376.5,1072.8,1194,761,none
2026-08-06T16:55:51.031325,425,42,person,0.9141,1320.5,268.1,1917.2,1076.3,1618,672,none
2026-08-06T16:55:51.032009,425,15,person,0.8802,686.1,474.5,1026.3,1033.0,856,753,none
2026-08-06T16:55:51.032683,425,84,person,0.923,2.5,417.1,484.7,1073.2,243,745,none
2026-08-06T16:55:51.130598,426,6,person,0.9185,1012.2,450.5,1377.2,1072.8,1194,761,none
2026-08-06T16:55:51.132093,426,42,person,0.9139,1320.1,267.6,1917.4,1076.2,1618,671,none
2026-08-06T16:55:51.132823,426,15,person,0.885,687.2,473.5,1027.3,1032.7,857,753,none
2026-08-06T16:55:51.133490,426,84,person,0.9111,5.6,417.5,486.9,1072.8,246,745,none
2026-08-06T16:55:51.232193,427,6,person,0.9203,1012.3,450.4,1377.3,1072.9,1194,761,none
2026-08-06T16:55:51.233609,427,42,person,0.9161,1319.1,266.8,1917.8,1076.8,1618,671,none
2026-08-06T16:55:51.234360,427,15,person,0.887,687.8,471.7,1028.0,1032.4,857,752,none
2026-08-06T16:55:51.235055,427,84,person,0.9066,31.3,416.4,506.4,1072.3,268,744,none
2026-08-06T16:55:51.235729,427,100,person,0.6961,0.0,16.3,151.4,1076.9,75,546,none
2026-08-06T16:55:51.332314,428,6,person,0.921,1011.6,450.1,1376.8,1072.9,1194,761,none
2026-08-06T16:55:51.333575,428,42,person,0.9196,1318.9,267.2,1917.9,1077.4,1618,672,none
2026-08-06T16:55:51.334271,428,15,person,0.881,688.5,471.5,1028.1,1031.9,858,751,none
2026-08-06T16:55:51.334929,428,84,person,0.8229,61.5,416.6,525.6,1071.9,293,744,none
2026-08-06T16:55:51.335596,428,100,person,0.4955,5.0,0.0,210.6,1071.6,107,535,none
2026-08-06T16:55:51.433603,429,6,person,0.9209,1011.0,449.9,1376.6,1073.3,1193,761,none
2026-08-06T16:55:51.434824,429,42,person,0.9191,1319.5,268.4,1917.7,1077.0,1618,672,none
2026-08-06T16:55:51.435493,429,15,person,0.8767,689.0,472.5,1027.7,1032.0,858,752,none
2026-08-06T16:55:51.436137,429,84,person,0.735,100.6,416.6,548.2,1071.2,324,743,none
2026-08-06T16:55:51.436797,429,100,person,0.8179,32.4,0.0,250.1,1069.2,141,534,none
2026-08-06T16:55:51.529324,430,6,person,0.9222,1010.4,449.8,1376.3,1073.5,1193,761,none
2026-08-06T16:55:51.530661,430,42,person,0.9197,1319.8,269.5,1917.4,1076.9,1618,673,none
2026-08-06T16:55:51.531376,430,15,person,0.879,690.1,475.2,1027.0,1031.9,858,753,none
2026-08-06T16:55:51.532012,430,84,person,0.7065,147.8,417.1,496.7,943.8,322,680,none
2026-08-06T16:55:51.532702,430,100,person,0.7973,60.1,0.0,294.0,1068.6,177,534,none
2026-08-06T16:55:51.630893,431,6,person,0.9209,1010.5,449.9,1376.3,1073.3,1193,761,none
2026-08-06T16:55:51.632218,431,42,person,0.9222,1319.7,270.1,1917.5,1077.5,1618,673,none
2026-08-06T16:55:51.632907,431,15,person,0.8775,690.3,476.8,1026.3,1032.4,858,754,none
2026-08-06T16:55:51.633523,431,84,person,0.7478,183.5,417.5,484.8,891.3,334,654,none
2026-08-06T16:55:51.634191,431,100,person,0.8344,67.1,0.0,316.6,1070.5,191,535,none
2026-08-06T16:55:51.730818,432,6,person,0.922,1010.9,450.1,1376.6,1073.1,1193,761,none
2026-08-06T16:55:51.732316,432,42,person,0.9224,1319.8,270.3,1917.1,1076.6,1618,673,none
2026-08-06T16:55:51.733074,432,15,person,0.8829,689.0,477.5,1025.0,1032.7,857,755,none
2026-08-06T16:55:51.733816,432,100,person,0.8912,85.0,0.0,354.2,1070.0,219,534,none
2026-08-06T16:55:51.827153,433,6,person,0.9207,1011.2,450.3,1376.7,1072.9,1193,761,none
2026-08-06T16:55:51.829053,433,42,person,0.9221,1320.9,273.8,1916.0,1076.2,1618,674,none
2026-08-06T16:55:51.829844,433,15,person,0.8799,688.8,478.3,1024.1,1032.9,856,755,none
2026-08-06T16:55:51.830557,433,100,person,0.8891,120.1,0.0,418.6,1068.7,269,534,none
2026-08-06T16:55:51.931614,434,6,person,0.9183,1010.7,451.3,1376.5,1073.9,1193,762,none
2026-08-06T16:55:51.933062,434,42,person,0.9178,1321.6,276.4,1915.7,1076.4,1618,676,none
2026-08-06T16:55:51.933811,434,15,person,0.8971,690.3,478.0,1025.0,1032.6,857,755,none
2026-08-06T16:55:51.934539,434,100,person,0.9269,162.1,0.0,500.0,1069.6,331,534,none
2026-08-06T16:55:52.030696,435,6,person,0.9133,1011.2,451.2,1376.9,1073.5,1194,762,none
2026-08-06T16:55:52.032178,435,42,person,0.9175,1321.2,277.8,1915.4,1076.8,1618,677,none
2026-08-06T16:55:52.032863,435,15,person,0.8553,705.9,477.7,1034.4,1027.1,870,752,none
2026-08-06T16:55:52.033567,435,100,person,0.9134,208.7,0.0,596.5,1071.1,402,535,none
2026-08-06T16:55:52.127448,436,6,person,0.9151,1010.7,451.3,1376.6,1073.2,1193,762,none
2026-08-06T16:55:52.129298,436,42,person,0.917,1321.0,278.4,1914.9,1075.9,1617,677,none
2026-08-06T16:55:52.130159,436,100,person,0.9038,251.5,0.0,697.4,1069.0,474,534,none
2026-08-06T16:55:52.230950,437,6,person,0.8348,1035.1,450.8,1360.1,993.1,1197,721,none
2026-08-06T16:55:52.232326,437,42,person,0.9217,1321.3,279.3,1914.6,1074.9,1617,677,none
2026-08-06T16:55:52.233096,437,100,person,0.8977,245.5,0.0,740.4,1064.3,492,532,none
2026-08-06T16:55:52.331662,438,6,person,0.733,1063.7,450.0,1370.5,962.1,1217,706,none
2026-08-06T16:55:52.333168,438,42,person,0.9105,1323.3,278.3,1916.9,1074.6,1620,676,none
2026-08-06T16:55:52.333947,438,100,person,0.8498,255.5,0.0,803.8,1062.6,529,531,none
2026-08-06T16:55:52.430578,439,6,person,0.4289,1105.1,449.8,1353.5,855.1,1229,652,none
2026-08-06T16:55:52.431955,439,42,person,0.8821,1360.0,276.8,1920.0,1062.5,1639,669,none
2026-08-06T16:55:52.432723,439,100,person,0.8944,268.1,0.0,872.7,1062.8,570,531,none
2026-08-06T16:55:52.531303,440,6,person,0.4615,1160.5,449.1,1362.1,777.4,1261,613,none
2026-08-06T16:55:52.532774,440,42,person,0.865,1377.1,273.9,1920.0,1052.8,1648,663,none
2026-08-06T16:55:52.533541,440,100,person,0.7279,283.0,0.0,946.5,1059.8,614,529,none
2026-08-06T16:55:52.534174,440,15,person,0.5758,694.3,474.5,1024.6,1029.9,859,752,none
2026-08-06T16:55:52.627167,441,42,person,0.8408,1413.9,273.6,1920.0,977.0,1666,625,none
2026-08-06T16:55:52.628628,441,15,person,0.8584,698.4,469.6,1029.8,1031.1,864,750,none
2026-08-06T16:55:52.728452,442,42,person,0.8866,1426.9,273.3,1920.0,953.0,1673,613,none
2026-08-06T16:55:52.730109,442,15,person,0.8569,702.0,476.9,1028.0,1031.5,864,754,none
2026-08-06T16:55:52.730960,442,107,person,0.5003,627.3,0.5,1862.9,1071.6,1245,536,none
2026-08-06T16:55:52.831364,443,42,person,0.8989,1431.8,272.9,1920.0,944.4,1675,608,none
2026-08-06T16:55:52.832864,443,15,person,0.851,701.7,479.9,1026.2,1032.6,863,756,none
2026-08-06T16:55:52.833660,443,100,person,0.4891,343.6,0.0,1088.7,1057.8,716,528,none
2026-08-06T16:55:52.931612,444,42,person,0.9036,1434.2,270.8,1920.0,943.6,1677,607,none
2026-08-06T16:55:52.933103,444,15,person,0.779,700.1,480.4,1025.2,1032.3,862,756,none
2026-08-06T16:55:52.933874,444,100,person,0.4277,293.5,0.4,1100.3,1057.4,696,528,none
2026-08-06T16:55:53.030991,445,42,person,0.9146,1450.0,277.7,1920.0,951.7,1685,614,none
2026-08-06T16:55:53.032410,445,15,person,0.6718,726.8,499.0,1050.0,1044.3,888,771,none
2026-08-06T16:55:53.033180,445,100,person,0.653,274.7,1.8,1142.4,1057.4,708,529,none
2026-08-06T16:55:53.144252,446,42,person,0.8484,1479.3,281.2,1920.0,961.4,1699,621,none
2026-08-06T16:55:53.145516,446,15,person,0.5475,770.3,499.1,1096.1,1047.8,933,773,none
2026-08-06T16:55:53.146309,446,100,person,0.7207,240.2,1.8,1158.8,1058.2,699,530,none
2026-08-06T16:55:53.223995,447,100,person,0.7813,257.4,1.8,1232.9,1054.1,745,527,none
2026-08-06T16:55:53.333986,448,107,person,0.8177,266.1,4.8,1516.1,1064.2,891,534,none
2026-08-06T16:55:53.425628,449,107,person,0.8106,248.3,5.3,1525.7,1065.4,886,535,none
2026-08-06T16:55:53.530556,450,107,person,0.8702,272.6,6.4,1596.2,1068.2,934,537,none
2026-08-06T16:55:53.626222,451,107,person,0.8942,315.4,6.7,1669.0,1064.4,992,535,none
2026-08-06T16:55:53.732757,452,107,person,0.8097,370.6,6.5,1746.7,1064.1,1058,535,none
2026-08-06T16:55:53.734024,452,109,person,0.9157,12.0,490.6,290.2,1071.3,151,780,none
2026-08-06T16:55:53.831503,453,107,person,0.7704,343.1,6.6,1754.1,1068.8,1048,537,none
2026-08-06T16:55:53.833019,453,109,person,0.9098,14.8,488.4,295.1,1072.1,154,780,none
2026-08-06T16:55:53.931172,454,107,person,0.8325,328.5,7.2,1764.7,1067.5,1046,537,none
2026-08-06T16:55:53.932640,454,109,person,0.9066,17.9,490.4,298.5,1072.4,158,781,none
2026-08-06T16:55:54.031162,455,107,person,0.8511,328.8,6.6,1785.5,1067.1,1057,536,none
2026-08-06T16:55:54.032707,455,109,person,0.9225,21.1,488.6,303.5,1071.0,162,779,none
2026-08-06T16:55:54.127208,456,107,person,0.8871,351.4,5.7,1822.2,1069.3,1086,537,none
2026-08-06T16:55:54.128817,456,109,person,0.9402,24.5,483.9,312.3,1072.5,168,778,none
2026-08-06T16:55:54.129822,456,42,person,0.4102,1406.4,11.6,1920.0,1057.3,1663,534,none
2026-08-06T16:55:54.230990,457,107,person,0.9027,338.3,5.1,1806.4,1069.8,1072,537,none
2026-08-06T16:55:54.232578,457,109,person,0.9196,35.3,479.6,329.4,1072.4,182,776,none
2026-08-06T16:55:54.233345,457,42,person,0.4886,1424.4,0.0,1920.0,1057.4,1672,528,none
2026-08-06T16:55:54.331296,458,107,person,0.8977,358.5,4.7,1831.3,1070.4,1094,537,none
2026-08-06T16:55:54.332636,458,109,person,0.9262,38.4,478.0,338.2,1072.5,188,775,none
2026-08-06T16:55:54.433541,459,107,person,0.9092,377.8,4.5,1856.9,1070.0,1117,537,none
2026-08-06T16:55:54.434737,459,109,person,0.9222,37.8,479.8,341.4,1071.9,189,775,none
2026-08-06T16:55:54.531455,460,107,person,0.9209,383.3,4.5,1869.2,1070.8,1126,537,none
2026-08-06T16:55:54.532975,460,109,person,0.919,36.6,479.8,345.3,1071.6,190,775,none
2026-08-06T16:55:54.630814,461,107,person,0.9291,378.8,4.6,1870.1,1071.1,1124,537,none
2026-08-06T16:55:54.632228,461,109,person,0.9153,32.2,477.2,346.7,1071.7,189,774,none
2026-08-06T16:55:54.729083,462,107,person,0.9164,376.3,4.8,1870.9,1069.5,1123,537,none
2026-08-06T16:55:54.730778,462,109,person,0.9205,27.4,470.7,349.4,1071.6,188,771,none
2026-08-06T16:55:54.831300,463,107,person,0.9224,372.9,4.7,1868.7,1067.2,1120,535,none
2026-08-06T16:55:54.832843,463,109,person,0.9192,24.7,465.7,353.5,1072.0,189,768,none
2026-08-06T16:55:54.934989,464,107,person,0.9261,372.0,4.8,1870.6,1066.8,1121,535,none
2026-08-06T16:55:54.936273,464,109,person,0.901,21.8,461.1,357.0,1072.4,189,766,none
2026-08-06T16:55:55.030037,465,107,person,0.9239,363.6,5.0,1859.7,1064.3,1111,534,none
2026-08-06T16:55:55.031530,465,109,person,0.9109,20.4,460.8,359.2,1072.2,189,766,none
2026-08-06T16:55:55.129496,466,107,person,0.9147,362.9,5.1,1859.2,1063.6,1111,534,none
2026-08-06T16:55:55.131091,466,109,person,0.9066,19.3,460.4,361.5,1071.5,190,765,none
2026-08-06T16:55:55.228774,467,107,person,0.9184,360.3,5.1,1856.3,1063.2,1108,534,none
2026-08-06T16:55:55.230448,467,109,person,0.9199,18.5,461.6,363.9,1072.0,191,766,none
2026-08-06T16:55:55.332187,468,107,person,0.925,361.7,5.3,1859.9,1064.3,1110,534,none
2026-08-06T16:55:55.333491,468,109,person,0.9149,17.7,461.6,366.6,1072.4,192,767,none
2026-08-06T16:55:55.431847,469,107,person,0.9253,367.9,5.4,1868.7,1064.8,1118,535,none
2026-08-06T16:55:55.433324,469,109,person,0.9148,16.4,459.4,370.1,1073.2,193,766,none
2026-08-06T17:21:30.856281,1,1,person,0.7542,502.4,273.4,1354.9,1074.9,928,674,none
2026-08-06T17:21:31.317993,2,1,person,0.8918,474.0,279.5,1321.6,1075.5,897,677,none
2026-08-06T17:21:31.402632,3,1,person,0.8838,452.7,277.1,1304.5,1075.4,878,676,none
2026-08-06T17:21:31.502804,4,1,person,0.8874,436.6,278.8,1289.2,1076.0,862,677,none
2026-08-06T17:21:31.602483,5,1,person,0.8791,426.1,277.5,1282.6,1075.8,854,676,none
2026-08-06T17:21:31.742705,6,1,person,0.8953,406.1,263.9,1280.7,1074.6,843,669,none
2026-08-06T17:21:31.832512,7,1,person,0.8678,377.6,248.0,1274.4,1073.9,826,660,none
2026-08-06T17:21:31.937349,8,1,person,0.8107,347.6,211.1,1293.5,1072.2,820,641,none
2026-08-06T17:21:32.033271,9,1,person,0.7372,288.1,141.9,1322.4,1071.8,805,606,none
2026-08-06T17:21:32.137378,10,1,person,0.9206,184.8,97.0,1281.0,1070.4,732,583,none
2026-08-06T17:21:32.235347,11,1,person,0.902,133.4,108.4,1233.9,1073.6,683,591,none
2026-08-06T17:21:32.332429,12,1,person,0.8815,132.9,141.5,1207.3,1074.2,670,607,none
2026-08-06T17:21:32.438433,13,1,person,0.8311,117.6,186.9,1146.2,1073.4,631,630,none
2026-08-06T17:21:32.537077,14,1,person,0.7316,67.6,227.8,1045.1,1073.2,556,650,none
2026-08-06T17:21:32.634150,15,1,person,0.7379,66.9,258.0,997.2,1071.4,532,664,none
2026-08-06T17:21:32.736670,16,1,person,0.8419,50.1,304.8,928.6,1072.4,489,688,none
2026-08-06T17:21:32.837430,17,1,person,0.8373,62.9,356.9,888.0,1070.9,475,713,none
2026-08-06T17:21:32.937220,18,1,person,0.8311,81.7,346.4,902.0,1069.2,491,707,none
2026-08-06T17:21:33.035329,19,1,person,0.6864,0.0,259.3,856.3,1069.3,428,664,none
2026-08-06T17:21:33.135513,20,1,person,0.635,0.0,112.0,997.1,1066.6,498,589,none
2026-08-06T17:21:33.231756,21,1,person,0.8865,0.0,43.0,915.9,1068.8,457,555,none
2026-08-06T17:21:33.349395,22,1,person,0.9273,0.0,10.9,865.0,1067.8,432,539,none
2026-08-06T17:21:33.350623,22,3,person,0.9204,1392.2,444.7,1893.6,1075.1,1642,759,none
2026-08-06T17:21:33.432521,23,1,person,0.8871,0.0,0.4,804.1,1068.2,402,534,none
2026-08-06T17:21:33.434096,23,3,person,0.917,1342.4,447.2,1844.2,1073.6,1593,760,none
2026-08-06T17:21:33.545867,24,1,person,0.8932,0.0,0.0,761.4,1068.5,380,534,none
2026-08-06T17:21:33.547194,24,3,person,0.9257,1286.2,415.9,1818.5,1072.8,1552,744,none
2026-08-06T17:21:33.633309,25,1,person,0.9071,0.0,0.0,722.8,1068.2,361,534,none
2026-08-06T17:21:33.635362,25,3,person,0.9284,1221.6,371.7,1800.1,1074.6,1510,723,none
2026-08-06T17:21:33.734632,26,1,person,0.907,0.0,0.2,694.2,1069.7,347,534,none
2026-08-06T17:21:33.736457,26,3,person,0.9376,1199.4,388.6,1777.3,1073.8,1488,731,none
2026-08-06T17:21:33.837607,27,1,person,0.9128,0.0,1.0,694.5,1070.2,347,535,none
2026-08-06T17:21:33.838978,27,3,person,0.9289,1201.6,417.4,1772.1,1074.8,1486,746,none
2026-08-06T17:21:33.937271,28,1,person,0.9065,0.0,0.0,685.5,1071.3,342,535,none
2026-08-06T17:21:33.938716,28,3,person,0.9367,1199.5,426.2,1778.7,1074.7,1489,750,none
2026-08-06T17:21:34.036073,29,1,person,0.9206,0.0,0.0,689.9,1070.3,344,535,none
2026-08-06T17:21:34.037539,29,3,person,0.9134,1177.6,375.0,1812.5,1073.6,1495,724,none
2026-08-06T17:21:34.133302,30,1,person,0.922,0.0,0.0,689.5,1069.3,344,534,none
2026-08-06T17:21:34.135370,30,3,person,0.942,1157.9,341.2,1833.2,1072.9,1495,707,none
2026-08-06T17:21:34.237543,31,1,person,0.9325,0.0,0.0,691.7,1068.8,345,534,none
2026-08-06T17:21:34.238963,31,3,person,0.938,1116.3,253.0,1874.0,1070.6,1495,661,none
2026-08-06T17:21:34.333444,32,1,person,0.9186,0.0,0.0,699.7,1068.2,349,534,none
2026-08-06T17:21:34.335566,32,3,person,0.9581,1057.4,106.7,1920.0,1068.8,1488,587,none
2026-08-06T17:21:34.436162,33,1,person,0.9387,0.0,0.0,703.1,1068.3,351,534,none
2026-08-06T17:21:34.437769,33,3,person,0.9596,1024.0,29.8,1920.0,1068.0,1471,548,none
2026-08-06T17:21:34.536353,34,1,person,0.9382,0.0,0.0,701.6,1067.3,350,533,none
2026-08-06T17:21:34.537879,34,3,person,0.9621,1008.0,0.0,1920.0,1068.0,1464,534,none
2026-08-06T17:21:34.635279,35,1,person,0.9297,0.0,0.0,688.3,1067.5,344,533,none
2026-08-06T17:21:34.636914,35,3,person,0.9688,994.5,0.0,1920.0,1068.4,1457,534,none
2026-08-06T17:21:34.732809,36,1,person,0.9287,0.0,2.5,680.3,1068.0,340,535,none
2026-08-06T17:21:34.734558,36,3,person,0.9632,997.2,8.6,1920.0,1067.4,1458,538,none
2026-08-06T17:21:34.837280,37,1,person,0.928,0.0,2.7,680.3,1068.7,340,535,none
2026-08-06T17:21:34.838679,37,3,person,0.9524,1006.4,45.2,1919.2,1068.5,1462,556,none
2026-08-06T17:21:34.936547,38,1,person,0.9432,0.0,2.4,680.2,1069.0,340,535,none
2026-08-06T17:21:34.938021,38,3,person,0.9499,1014.3,88.6,1891.4,1068.9,1452,578,none
2026-08-06T17:21:35.039642,39,1,person,0.9326,0.0,2.7,677.4,1068.6,338,535,none
2026-08-06T17:21:35.040886,39,3,person,0.9393,1016.2,159.5,1838.8,1071.2,1427,615,none
2026-08-06T17:21:35.129973,40,1,person,0.9336,0.0,4.2,679.4,1067.9,339,536,none
2026-08-06T17:21:35.131944,40,3,person,0.9382,1015.7,231.0,1784.8,1072.8,1400,651,none
2026-08-06T17:21:35.237707,41,1,person,0.9519,0.0,4.0,682.0,1068.7,341,536,none
2026-08-06T17:21:35.239205,41,3,person,0.9207,1015.3,304.5,1732.9,1074.0,1374,689,none
2026-08-06T17:21:35.336946,42,1,person,0.9549,0.0,5.0,677.5,1068.9,338,536,none
2026-08-06T17:21:35.338428,42,3,person,0.9197,995.1,341.2,1690.3,1073.9,1342,707,none
2026-08-06T17:21:35.436375,43,1,person,0.9556,0.0,8.4,665.0,1069.0,332,538,none
2026-08-06T17:21:35.437903,43,3,person,0.9315,958.3,352.3,1651.1,1074.5,1304,713,none
2026-08-06T17:21:35.533228,44,1,person,0.9515,0.0,6.5,671.7,1069.2,335,537,none
2026-08-06T17:21:35.535213,44,3,person,0.9386,941.6,345.0,1644.8,1073.3,1293,709,none
2026-08-06T17:21:35.652305,45,1,person,0.9512,0.0,19.5,668.4,1069.5,334,544,none
2026-08-06T17:21:35.653643,45,3,person,0.9291,930.3,344.4,1637.6,1071.8,1283,708,none
2026-08-06T17:21:35.733137,46,1,person,0.946,0.0,35.9,657.8,1069.6,328,552,none
2026-08-06T17:21:35.735134,46,3,person,0.9256,907.4,341.0,1618.4,1071.7,1262,706,none
2026-08-06T17:21:35.840091,47,1,person,0.9452,0.0,37.3,663.5,1070.9,331,554,none
2026-08-06T17:21:35.841365,47,3,person,0.9362,906.4,331.7,1627.3,1072.2,1266,701,none
2026-08-06T17:21:35.936642,48,1,person,0.9386,10.1,40.5,675.8,1069.9,342,555,none
2026-08-06T17:21:35.938119,48,3,person,0.9387,928.3,343.7,1641.4,1073.7,1284,708,none
2026-08-06T17:21:36.035231,49,1,person,0.9535,20.2,50.1,685.0,1069.9,352,559,none
2026-08-06T17:21:36.036835,49,3,person,0.9292,949.8,368.1,1645.4,1074.2,1297,721,none
2026-08-06T17:21:36.135023,50,1,person,0.9467,25.1,56.5,691.0,1069.4,358,562,none
2026-08-06T17:21:36.136747,50,3,person,0.9287,960.9,389.8,1640.6,1074.9,1300,732,none
2026-08-06T17:21:36.238694,51,1,person,0.949,26.1,57.0,697.9,1070.6,362,563,none
2026-08-06T17:21:36.239968,51,3,person,0.9092,971.4,414.0,1634.4,1076.0,1302,744,none
2026-08-06T17:21:36.333311,52,1,person,0.9361,34.6,76.1,700.9,1068.9,367,572,none
2026-08-06T17:21:36.335442,52,3,person,0.8818,985.9,434.4,1634.2,1075.6,1310,755,none
2026-08-06T17:21:36.436536,53,1,person,0.702,279.4,34.7,1058.0,1066.3,668,550,none
2026-08-06T17:21:36.438021,53,3,person,0.5113,988.3,442.9,1633.7,1075.3,1310,759,none
2026-08-06T17:21:36.536771,54,1,person,0.7634,139.8,48.0,918.5,1066.2,529,557,none
2026-08-06T17:21:36.538211,54,3,person,0.7869,972.5,436.4,1629.9,1073.8,1301,755,none
2026-08-06T17:21:36.635281,55,1,person,0.7359,100.8,59.1,886.4,1066.0,493,562,none
2026-08-06T17:21:36.636738,55,3,person,0.8044,966.6,421.3,1640.7,1073.4,1303,747,none
2026-08-06T17:21:36.735250,56,1,person,0.9544,13.9,57.6,793.3,1066.9,403,562,none
2026-08-06T17:21:36.736889,56,3,person,0.9316,958.0,403.4,1651.5,1073.4,1304,738,none
2026-08-06T17:21:36.841236,57,1,person,0.9506,0.0,58.6,759.3,1069.4,379,564,none
2026-08-06T17:21:36.842595,57,3,person,0.9212,954.8,395.3,1658.2,1074.3,1306,734,none
2026-08-06T17:21:36.933631,58,1,person,0.9558,0.0,51.0,744.9,1069.5,372,560,none
2026-08-06T17:21:36.935514,58,3,person,0.9352,953.8,385.8,1665.6,1073.9,1309,729,none
2026-08-06T17:21:37.037362,59,1,person,0.9569,0.0,45.9,735.4,1069.4,367,557,none
2026-08-06T17:21:37.038841,59,3,person,0.9354,954.1,382.8,1668.1,1073.8,1311,728,none
2026-08-06T17:21:37.137005,60,1,person,0.9566,0.0,43.8,727.0,1069.5,363,556,none
2026-08-06T17:21:37.138473,60,3,person,0.932,957.4,390.1,1663.8,1074.0,1310,732,none
2026-08-06T17:21:37.237586,61,1,person,0.9579,0.0,39.9,725.6,1069.7,362,554,none
2026-08-06T17:21:37.239092,61,3,person,0.9217,972.8,414.0,1657.5,1075.0,1315,744,none
2026-08-06T17:21:37.335552,62,1,person,0.9559,0.0,31.6,726.7,1069.4,363,550,none
2026-08-06T17:21:37.337183,62,3,person,0.8533,986.2,448.8,1641.0,1074.0,1313,761,none
2026-08-06T17:21:37.440098,63,1,person,0.9452,0.0,30.4,721.5,1070.5,360,550,none
2026-08-06T17:21:37.441314,63,3,person,0.9203,980.4,454.1,1634.2,1073.2,1307,763,none
2026-08-06T17:21:37.536856,64,1,person,0.939,0.0,24.4,720.5,1071.2,360,547,none
2026-08-06T17:21:37.538408,64,3,person,0.9101,981.0,453.4,1638.7,1072.6,1309,763,none
2026-08-06T17:21:37.632258,65,1,person,0.9403,0.0,20.3,722.2,1071.1,361,545,none
2026-08-06T17:21:37.633834,65,3,person,0.9131,985.4,446.4,1653.8,1072.7,1319,759,none
2026-08-06T17:21:37.752335,66,1,person,0.9384,0.0,29.9,715.6,1070.0,357,549,none
2026-08-06T17:21:37.753636,66,3,person,0.9136,984.1,437.7,1663.6,1072.5,1323,755,none
2026-08-06T17:21:37.833520,67,1,person,0.954,0.0,14.3,708.4,1069.3,354,541,none
2026-08-06T17:21:37.835625,67,3,person,0.9266,973.9,410.0,1684.2,1071.9,1329,740,none
2026-08-06T17:21:37.940240,68,1,person,0.9511,0.0,9.7,701.1,1068.8,350,539,none
2026-08-06T17:21:37.941453,68,3,person,0.939,963.1,396.7,1688.1,1071.4,1325,734,none
2026-08-06T17:21:38.030547,69,1,person,0.948,0.0,25.6,699.2,1069.3,349,547,none
2026-08-06T17:21:38.032521,69,3,person,0.9167,974.2,405.4,1694.8,1072.0,1334,738,none
2026-08-06T17:21:38.137895,70,1,person,0.9548,0.0,39.1,702.2,1069.7,351,554,none
2026-08-06T17:21:38.139397,70,3,person,0.9238,987.7,407.4,1712.1,1072.3,1349,739,none
2026-08-06T17:21:38.237782,71,1,person,0.9485,0.0,46.1,703.7,1069.5,351,557,none
2026-08-06T17:21:38.239154,71,3,person,0.895,997.9,398.4,1740.8,1072.1,1369,735,none
2026-08-06T17:21:38.335608,72,1,person,0.9497,8.3,63.2,705.9,1070.3,357,566,none
2026-08-06T17:21:38.337217,72,3,person,0.9167,994.2,391.8,1751.2,1071.9,1372,731,none
2026-08-06T17:21:38.436929,73,1,person,0.9452,14.1,66.1,713.3,1070.4,363,568,none
2026-08-06T17:21:38.438378,73,3,person,0.9306,999.2,387.1,1770.7,1071.2,1384,729,none
2026-08-06T17:21:38.535241,74,1,person,0.946,15.4,52.5,726.8,1069.8,371,561,none
2026-08-06T17:21:38.536911,74,3,person,0.9292,982.6,382.5,1770.3,1072.2,1376,727,none
2026-08-06T17:21:38.641695,75,1,person,0.9467,17.3,50.8,733.7,1069.6,375,560,none
2026-08-06T17:21:38.642885,75,3,person,0.9219,970.2,386.3,1767.9,1073.3,1369,729,none
2026-08-06T17:21:38.733341,76,1,person,0.9463,16.5,53.1,733.9,1069.2,375,561,none
2026-08-06T17:21:38.734830,76,3,person,0.8885,951.0,390.7,1758.7,1072.8,1354,731,none
2026-08-06T17:21:38.835709,77,1,person,0.9329,9.2,46.5,731.8,1069.1,370,557,none
2026-08-06T17:21:38.837164,77,3,person,0.9104,926.9,382.4,1756.3,1073.3,1341,727,none
2026-08-06T17:21:38.938008,78,1,person,0.9303,0.0,32.7,730.7,1068.9,365,550,none
2026-08-06T17:21:38.939525,78,3,person,0.9216,921.8,369.4,1774.6,1071.5,1348,720,none
2026-08-06T17:21:39.036114,79,1,person,0.9225,0.0,19.4,726.8,1069.0,363,544,none
2026-08-06T17:21:39.037770,79,3,person,0.9227,915.2,354.1,1793.5,1071.5,1354,712,none
2026-08-06T17:21:39.136426,80,1,person,0.9438,0.0,11.0,722.8,1068.8,361,539,none
2026-08-06T17:21:39.137947,80,3,person,0.9274,902.9,338.4,1804.1,1071.4,1353,704,none
2026-08-06T17:21:39.238133,81,1,person,0.9478,0.0,7.4,728.6,1069.3,364,538,none
2026-08-06T17:21:39.239534,81,3,person,0.921,909.7,339.5,1814.1,1071.0,1361,705,none
2026-08-06T17:21:39.337144,82,1,person,0.956,0.0,5.9,727.6,1069.9,363,537,none
2026-08-06T17:21:39.338645,82,3,person,0.9236,908.4,346.1,1808.6,1071.5,1358,708,none
2026-08-06T17:21:39.434449,83,1,person,0.9601,0.0,5.3,722.1,1070.2,361,537,none
2026-08-06T17:21:39.436490,83,3,person,0.9212,905.9,350.4,1803.9,1072.2,1354,711,none
2026-08-06T17:21:39.533878,84,1,person,0.9536,0.0,6.6,723.4,1070.5,361,538,none
2026-08-06T17:21:39.535653,84,3,person,0.8937,912.5,360.4,1802.8,1071.9,1357,716,none
2026-08-06T17:21:39.637469,85,1,person,0.9544,0.0,6.2,726.5,1070.8,363,538,none
2026-08-06T17:21:39.638944,85,3,person,0.911,927.2,357.2,1828.1,1071.5,1377,714,none
2026-08-06T17:21:39.747175,86,1,person,0.9261,0.0,6.6,708.6,1070.6,354,538,none
2026-08-06T17:21:39.748521,86,3,person,0.9084,884.0,323.8,1818.7,1070.1,1351,696,none
2026-08-06T17:21:39.832786,87,1,person,0.9377,0.0,7.5,677.0,1070.6,338,539,none
2026-08-06T17:21:39.834389,87,3,person,0.9292,861.2,293.9,1824.6,1070.2,1342,682,none
2026-08-06T17:21:39.935965,88,1,person,0.9405,0.0,7.0,658.7,1070.7,329,538,none
2026-08-06T17:21:39.937569,88,3,person,0.9169,857.3,279.5,1830.8,1070.0,1344,674,none
2026-08-06T17:21:40.037579,89,1,person,0.9436,0.0,6.1,650.8,1071.5,325,538,none
2026-08-06T17:21:40.039099,89,3,person,0.8858,878.6,267.9,1859.6,1070.0,1369,668,none
2026-08-06T17:21:40.133593,90,1,person,0.9497,0.0,5.4,637.9,1071.9,318,538,none
2026-08-06T17:21:40.135482,90,3,person,0.9101,883.7,255.5,1872.8,1070.6,1378,663,none
2026-08-06T17:21:40.240909,91,1,person,0.9441,0.0,5.1,621.5,1071.7,310,538,none
2026-08-06T17:21:40.242411,91,3,person,0.9049,887.5,249.5,1879.4,1070.6,1383,660,none
2026-08-06T17:21:40.337253,92,1,person,0.9349,0.0,5.3,613.9,1071.3,306,538,none
2026-08-06T17:21:40.338896,92,3,person,0.9307,910.1,258.7,1889.3,1070.0,1399,664,none
2026-08-06T17:21:40.433898,93,1,person,0.9374,0.0,5.5,612.6,1071.6,306,538,none
2026-08-06T17:21:40.435784,93,3,person,0.9445,916.0,274.3,1874.4,1069.8,1395,672,none
2026-08-06T17:21:40.534580,94,1,person,0.9333,0.0,5.1,610.1,1071.7,305,538,none
2026-08-06T17:21:40.536448,94,3,person,0.9426,910.4,267.5,1875.0,1070.3,1392,668,none
2026-08-06T17:21:40.638089,95,1,person,0.9346,0.0,4.6,606.5,1071.6,303,538,none
2026-08-06T17:21:40.639519,95,3,person,0.94,911.4,253.9,1886.9,1069.4,1399,661,none
2026-08-06T17:21:40.734056,96,1,person,0.9273,0.0,5.0,602.0,1071.1,301,538,none
2026-08-06T17:21:40.735994,96,3,person,0.9376,896.8,233.5,1891.9,1069.7,1394,651,none
2026-08-06T17:21:40.838010,97,1,person,0.9203,0.0,7.0,594.3,1069.9,297,538,none
2026-08-06T17:21:40.839588,97,3,person,0.9147,881.0,216.0,1890.3,1070.3,1385,643,none
2026-08-06T17:21:40.932166,98,1,person,0.9302,0.0,8.6,588.4,1070.6,294,539,none
2026-08-06T17:21:40.933721,98,3,person,0.9202,874.7,217.1,1875.1,1070.1,1374,643,none
2026-08-06T17:21:41.039702,99,1,person,0.9405,0.0,8.2,585.4,1070.7,292,539,none
2026-08-06T17:21:41.040985,99,3,person,0.9196,885.2,233.9,1861.1,1070.4,1373,652,none
2026-08-06T17:21:41.137604,100,1,person,0.9347,0.0,9.3,583.3,1071.0,291,540,none
2026-08-06T17:21:41.139072,100,3,person,0.9142,885.7,244.7,1843.5,1069.9,1364,657,none
2026-08-06T17:21:41.235050,101,1,person,0.9037,0.0,9.7,583.2,1071.0,291,540,none
2026-08-06T17:21:41.236852,101,3,person,0.8959,883.4,259.7,1818.9,1070.1,1351,664,none
2026-08-06T17:21:41.337926,102,1,person,0.9255,0.0,8.8,585.5,1071.2,292,540,none
2026-08-06T17:21:41.339433,102,3,person,0.9083,901.6,281.3,1812.2,1070.3,1356,675,none
2026-08-06T17:21:41.437130,103,1,person,0.9305,0.0,11.6,586.2,1071.6,293,541,none
2026-08-06T17:21:41.438696,103,3,person,0.9202,907.5,289.5,1808.6,1070.6,1358,680,none
2026-08-06T17:21:41.550773,104,1,person,0.9287,0.0,9.6,586.1,1072.6,293,541,none
2026-08-06T17:21:41.552048,104,3,person,0.9204,911.4,295.8,1805.0,1070.8,1358,683,none
2026-08-06T17:21:41.631417,105,1,person,0.9266,0.0,11.2,583.0,1072.8,291,541,none
2026-08-06T17:21:41.633046,105,3,person,0.9211,915.7,314.2,1789.6,1070.6,1352,692,none
2026-08-06T17:21:41.739807,106,1,person,0.9243,0.0,10.3,582.3,1072.7,291,541,none
2026-08-06T17:21:41.741355,106,3,person,0.8636,913.9,313.0,1786.4,1070.8,1350,691,none
2026-08-06T17:21:41.833054,107,1,person,0.9288,0.0,10.4,582.0,1073.1,290,541,none
2026-08-06T17:21:41.835109,107,3,person,0.8946,930.3,307.9,1809.5,1069.8,1369,688,none
2026-08-06T17:21:41.940130,108,1,person,0.9444,0.0,6.7,584.8,1072.7,292,539,none
2026-08-06T17:21:41.941669,108,3,person,0.9038,959.6,296.8,1857.8,1070.1,1408,683,none
2026-08-06T17:21:42.037643,109,1,person,0.9339,0.0,5.1,582.6,1074.8,291,539,none
2026-08-06T17:21:42.039142,109,3,person,0.9171,960.8,302.8,1853.7,1071.1,1407,686,none
2026-08-06T17:21:42.137553,110,1,person,0.9422,0.0,8.5,577.0,1071.7,288,540,none
2026-08-06T17:21:42.139049,110,3,person,0.8959,982.2,330.9,1842.3,1071.0,1412,700,none
2026-08-06T17:21:42.237573,111,1,person,0.9327,0.0,30.7,572.1,1071.8,286,551,none
2026-08-06T17:21:42.239202,111,3,person,0.7719,1015.5,368.4,1832.3,1071.0,1423,719,none
2026-08-06T17:21:42.338275,112,1,person,0.9343,7.6,20.4,589.5,1073.0,298,546,none
2026-08-06T17:21:42.339863,112,3,person,0.9137,1049.9,376.5,1865.2,1071.3,1457,723,none
2026-08-06T17:21:42.437351,113,1,person,0.922,10.3,10.3,600.2,1073.1,305,541,none
2026-08-06T17:21:42.438841,113,3,person,0.8901,1070.2,357.1,1906.5,1071.0,1488,714,none
2026-08-06T17:21:42.532629,114,1,person,0.9274,14.9,6.9,609.8,1072.4,312,539,none
2026-08-06T17:21:42.534124,114,3,person,0.9162,1086.4,318.3,1920.0,1071.3,1503,694,none
2026-08-06T17:21:42.640333,115,1,person,0.9341,10.5,3.5,608.1,1071.3,309,537,none
2026-08-06T17:21:42.641606,115,3,person,0.911,1104.9,292.4,1920.0,1071.4,1512,681,none
2026-08-06T17:21:42.734109,116,1,person,0.9462,5.2,4.6,602.3,1071.2,303,537,none
2026-08-06T17:21:42.736103,116,3,person,0.9231,1144.6,305.8,1920.0,1072.0,1532,688,none
2026-08-06T17:21:42.839488,117,1,person,0.9426,1.9,4.0,599.3,1071.5,300,537,none
2026-08-06T17:21:42.840707,117,3,person,0.9102,1187.7,343.4,1920.0,1072.8,1553,708,none
2026-08-06T17:21:42.936963,118,1,person,0.9183,0.0,5.3,594.5,1072.6,297,538,none
2026-08-06T17:21:42.938507,118,3,person,0.9204,1212.2,371.0,1920.0,1073.1,1566,722,none
2026-08-06T17:21:43.034249,119,1,person,0.8965,0.0,5.4,588.6,1072.4,294,538,none
2026-08-06T17:21:43.036352,119,3,person,0.9231,1069.4,390.5,1840.2,1071.4,1454,730,none
2026-08-06T17:21:43.138747,120,1,person,0.8276,116.9,9.2,747.5,1070.4,432,539,none
2026-08-06T17:21:43.140106,120,3,person,0.8717,1157.5,412.3,1902.3,1073.2,1529,742,none
2026-08-06T17:21:43.237376,121,1,person,0.8904,112.5,13.6,763.2,1069.9,437,541,none
2026-08-06T17:21:43.238932,121,3,person,0.881,1184.0,429.4,1913.1,1075.9,1548,752,none
2026-08-06T17:21:43.332124,122,1,person,0.8992,92.4,11.1,761.5,1070.7,426,540,none
2026-08-06T17:21:43.333708,122,3,person,0.9175,1186.7,424.6,1920.0,1075.8,1553,750,none
2026-08-06T17:21:43.439696,123,1,person,0.8979,65.4,12.2,744.3,1071.5,404,541,none
2026-08-06T17:21:43.440968,123,3,person,0.9126,1209.7,415.8,1920.0,1073.3,1564,744,none
2026-08-06T17:21:43.547082,124,1,person,0.9174,52.9,10.5,741.8,1070.6,397,540,none
2026-08-06T17:21:43.548397,124,3,person,0.8797,1250.6,404.4,1920.0,1072.6,1585,738,none
2026-08-06T17:21:43.633511,125,1,person,0.8919,70.0,9.7,776.3,1071.0,423,540,none
2026-08-06T17:21:43.635218,125,3,person,0.916,1254.7,395.0,1920.0,1072.5,1587,733,none
2026-08-06T17:21:43.737095,126,1,person,0.8142,106.3,12.4,836.7,1069.5,471,540,none
2026-08-06T17:21:43.738605,126,3,person,0.9181,1253.3,386.7,1920.0,1072.7,1586,729,none
2026-08-06T17:21:43.832570,127,1,person,0.8843,8.4,7.9,731.3,1069.8,369,538,none
2026-08-06T17:21:43.834072,127,3,person,0.5719,1272.4,397.2,1920.0,1074.6,1596,735,none
2026-08-06T17:21:43.950125,128,1,person,0.9189,0.0,7.3,697.2,1069.4,348,538,none
2026-08-06T17:21:43.951430,128,3,person,0.7315,1340.4,442.4,1920.0,1074.2,1630,758,none
2026-08-06T17:21:44.034098,129,1,person,0.9191,0.0,6.0,701.9,1070.1,350,538,none
2026-08-06T17:21:44.139088,130,1,person,0.9248,2.1,7.5,718.3,1070.1,360,538,none
2026-08-06T17:21:44.140370,130,3,person,0.787,1530.4,609.5,1920.0,1077.3,1725,843,none
2026-08-06T17:21:44.237235,131,1,person,0.9413,11.2,5.3,732.4,1070.4,371,537,none
2026-08-06T17:21:44.344914,132,1,person,0.9429,14.0,4.8,738.5,1070.0,376,537,none
2026-08-06T17:21:44.346188,132,21,person,0.716,1714.9,873.3,1912.0,1080.0,1813,976,none
2026-08-06T17:21:44.432454,133,1,person,0.9344,22.8,4.4,752.9,1069.8,387,537,none
2026-08-06T17:21:44.537611,134,1,person,0.9457,31.2,5.3,767.4,1068.9,399,537,none
2026-08-06T17:21:44.640913,135,1,person,0.9467,38.7,5.5,783.6,1069.0,411,537,none
2026-08-06T17:21:44.734095,136,1,person,0.9524,43.0,5.6,797.5,1069.5,420,537,none
2026-08-06T17:21:44.833171,137,1,person,0.9474,44.8,6.6,807.8,1069.3,426,537,none
2026-08-06T17:21:44.939697,138,1,person,0.9521,43.5,5.8,815.6,1069.3,429,537,none
2026-08-06T17:21:45.035955,139,1,person,0.9555,40.2,4.6,821.2,1069.4,430,536,none
2026-08-06T17:21:45.135655,140,1,person,0.9564,35.9,4.0,823.8,1069.2,429,536,none
2026-08-06T17:21:45.239403,141,1,person,0.9578,36.6,4.5,831.9,1069.3,434,536,none
2026-08-06T17:21:45.338243,142,1,person,0.9641,34.2,5.6,835.0,1068.7,434,537,none
2026-08-06T17:21:45.437296,143,1,person,0.9491,32.5,8.7,837.2,1068.5,434,538,none
2026-08-06T17:21:45.535282,144,1,person,0.9514,29.6,8.2,840.4,1068.8,435,538,none
2026-08-06T17:21:45.637277,145,1,person,0.9579,24.6,7.9,840.2,1069.1,432,538,none
2026-08-06T17:21:45.738060,146,1,person,0.9518,18.4,7.4,837.5,1069.4,427,538,none
2026-08-06T17:21:45.838047,147,1,person,0.9506,14.3,5.3,836.7,1069.0,425,537,none
2026-08-06T17:21:45.839361,147,21,person,0.4079,1758.7,878.3,1920.0,1080.0,1839,979,none
2026-08-06T17:21:45.937926,148,1,person,0.9398,18.8,4.0,846.3,1068.6,432,536,none
2026-08-06T17:21:46.040097,149,1,person,0.9446,29.2,6.6,862.3,1068.9,445,537,none
2026-08-06T17:21:46.134322,150,1,person,0.9483,49.5,5.2,896.4,1068.8,472,536,none
2026-08-06T17:21:46.237034,151,1,person,0.9499,63.4,5.3,925.1,1068.8,494,537,none
2026-08-06T17:21:46.348686,152,1,person,0.9479,66.4,4.3,941.6,1067.1,503,535,none
2026-08-06T17:21:46.433020,153,1,person,0.9251,61.7,1.4,951.9,1067.7,506,534,none
2026-08-06T17:21:46.537640,154,1,person,0.9457,52.5,1.9,951.5,1067.5,501,534,none
2026-08-06T17:21:46.674427,155,1,person,0.9461,31.2,2.6,935.1,1069.8,483,536,none
2026-08-06T17:21:46.771679,156,1,person,0.9361,4.0,3.4,906.2,1072.2,455,537,none
2026-08-06T17:21:46.865871,157,1,person,0.9553,0.0,6.0,891.3,1073.1,445,539,none
2026-08-06T17:21:46.976100,158,1,person,0.9516,0.0,5.1,887.2,1072.7,443,538,none
2026-08-06T17:21:47.073264,159,1,person,0.9542,0.0,9.3,882.5,1071.8,441,540,none
2026-08-06T17:21:47.169732,160,1,person,0.9442,3.5,43.2,866.9,1071.4,435,557,none
2026-08-06T17:21:47.273820,161,1,person,0.947,4.9,58.8,856.5,1071.7,430,565,none
2026-08-06T17:21:47.367646,162,1,person,0.949,6.3,58.4,859.3,1071.3,432,564,none
2026-08-06T17:21:47.471017,163,1,person,0.9486,5.6,47.5,868.9,1071.3,437,559,none
2026-08-06T17:21:47.573192,164,1,person,0.9461,5.0,36.0,879.0,1071.7,442,553,none
2026-08-06T17:21:47.674901,165,1,person,0.9448,4.6,24.1,889.8,1072.1,447,548,none
2026-08-06T17:21:47.765501,166,1,person,0.9394,6.2,14.7,900.9,1072.4,453,543,none
2026-08-06T17:21:47.869299,167,1,person,0.9431,9.8,10.3,910.6,1072.6,460,541,none
2026-08-06T17:21:47.971775,168,1,person,0.9393,16.2,16.0,915.9,1072.2,466,544,none
2026-08-06T17:21:48.072122,169,1,person,0.9431,23.9,38.1,910.5,1071.9,467,554,none
2026-08-06T17:21:48.174956,170,1,person,0.9451,27.4,59.8,902.2,1072.8,464,566,none
2026-08-06T17:21:48.272604,171,1,person,0.929,22.7,62.0,899.6,1073.0,461,567,none
2026-08-06T17:21:48.371357,172,1,person,0.9345,17.5,56.7,901.1,1072.4,459,564,none
2026-08-06T17:21:48.469409,173,1,person,0.8978,38.6,57.8,931.6,1072.2,485,565,none
2026-08-06T17:21:48.573927,174,1,person,0.8207,161.6,46.8,1114.2,1073.5,637,560,none
2026-08-06T17:21:48.671803,175,1,person,0.9165,153.2,40.4,1140.1,1071.3,646,555,none
2026-08-06T17:21:48.783007,176,1,person,0.9346,103.9,26.9,1118.9,1072.5,611,549,none
2026-08-06T17:21:48.867819,177,1,person,0.8979,90.3,42.5,1106.0,1071.1,598,556,none
2026-08-06T17:21:48.973077,178,1,person,0.921,93.8,41.6,1131.8,1072.4,612,556,none
2026-08-06T17:21:49.071861,179,1,person,0.9035,74.1,28.0,1138.1,1071.7,606,549,none
2026-08-06T17:21:49.171782,180,1,person,0.9073,65.6,14.4,1157.2,1072.8,611,543,none
2026-08-06T17:21:49.270486,181,1,person,0.9098,60.1,10.7,1169.8,1075.2,614,542,none
2026-08-06T17:21:49.371408,182,1,person,0.9079,46.5,14.8,1157.7,1073.0,602,543,none
2026-08-06T17:21:49.470729,183,1,person,0.9103,38.4,8.6,1160.1,1070.0,599,539,none
2026-08-06T17:21:49.573160,184,1,person,0.9243,0.0,14.1,1107.9,1067.8,553,540,none
2026-08-06T17:21:49.665902,185,1,person,0.9447,0.0,8.0,1084.4,1070.8,542,539,none
2026-08-06T17:21:49.771551,186,1,person,0.9383,0.0,7.3,1100.6,1071.9,550,539,none
2026-08-06T17:21:49.871305,187,1,person,0.9217,8.6,1.8,1131.1,1073.1,569,537,none
2026-08-06T17:21:49.971524,188,1,person,0.9068,31.7,5.7,1162.6,1075.7,597,540,none
2026-08-06T17:21:50.071800,189,1,person,0.9048,38.1,1.4,1178.2,1071.6,608,536,none
2026-08-06T17:21:50.173550,190,1,person,0.9084,0.0,0.0,1099.4,1070.4,549,535,none
2026-08-06T17:21:50.270771,191,1,person,0.9347,0.0,9.1,1001.9,1071.4,500,540,none
2026-08-06T17:21:50.371427,192,1,person,0.9147,0.0,13.2,961.6,1070.7,480,541,none
2026-08-06T17:21:50.471852,193,1,person,0.9107,0.0,5.7,1008.7,1069.3,504,537,none
2026-08-06T17:21:50.567284,194,1,person,0.9179,10.1,1.6,1087.9,1069.0,548,535,none
2026-08-06T17:21:50.668881,195,1,person,0.9443,76.9,3.7,1177.6,1070.0,627,536,none
2026-08-06T17:21:50.772421,196,1,person,0.9435,117.8,0.9,1248.8,1068.7,683,534,none
2026-08-06T17:21:50.868148,197,1,person,0.942,130.6,3.5,1289.8,1071.4,710,537,none
2026-08-06T17:21:50.971413,198,1,person,0.9297,169.6,45.5,1312.1,1072.0,740,558,none
2026-08-06T17:21:51.072261,199,1,person,0.8881,268.9,180.0,1293.1,1073.5,780,626,none
2026-08-06T17:21:51.184890,200,1,person,0.8685,400.1,226.0,1394.5,1074.5,897,650,none
2026-08-06T17:21:51.265715,201,1,person,0.8907,421.0,211.2,1451.2,1074.8,936,642,none
2026-08-06T17:21:51.372165,202,1,person,0.8911,419.0,201.2,1477.0,1074.5,947,637,none
2026-08-06T17:21:51.471888,203,1,person,0.9055,429.9,148.7,1562.4,1072.5,996,610,none
2026-08-06T17:21:51.572111,204,1,person,0.9077,438.7,154.8,1577.7,1072.5,1008,613,none
2026-08-06T17:21:51.671463,205,1,person,0.9155,420.8,132.3,1598.3,1072.7,1009,602,none
2026-08-06T17:21:51.771673,206,1,person,0.921,397.2,122.1,1595.2,1073.3,996,597,none
2026-08-06T17:21:51.872186,207,1,person,0.9206,356.3,66.8,1626.4,1071.3,991,569,none
2026-08-06T17:21:51.968419,208,1,person,0.9369,322.8,30.4,1642.0,1072.3,982,551,none
2026-08-06T17:21:52.073533,209,1,person,0.9303,301.1,16.6,1639.7,1072.5,970,544,none
2026-08-06T17:21:52.171530,210,1,person,0.9366,280.1,5.0,1637.6,1071.8,958,538,none
2026-08-06T17:21:52.272081,211,1,person,0.9391,268.2,2.4,1632.6,1070.9,950,536,none
2026-08-06T17:21:52.371937,212,1,person,0.9429,257.6,1.6,1627.9,1070.6,942,536,none
2026-08-06T17:21:52.471887,213,1,person,0.9411,248.8,1.2,1624.8,1070.6,936,535,none
2026-08-06T17:21:52.571218,214,1,person,0.9399,238.3,1.4,1621.0,1071.0,929,536,none
2026-08-06T17:21:52.665596,215,1,person,0.941,238.3,2.1,1624.5,1071.2,931,536,none
2026-08-06T17:21:52.775009,216,1,person,0.9377,241.5,1.6,1631.8,1071.0,936,536,none
2026-08-06T17:21:52.871673,217,1,person,0.9358,239.4,0.7,1635.8,1071.1,937,535,none
2026-08-06T17:21:52.972948,218,1,person,0.9369,236.7,0.8,1637.3,1071.3,936,536,none
2026-08-06T17:21:53.077357,219,1,person,0.9427,236.6,0.1,1642.7,1071.2,939,535,none
2026-08-06T17:21:53.173329,220,1,person,0.9357,237.6,2.2,1647.1,1071.5,942,536,none
2026-08-06T17:21:53.271162,221,1,person,0.927,239.1,2.7,1651.8,1071.1,945,536,none
2026-08-06T17:21:53.368666,222,1,person,0.9337,239.3,3.3,1655.1,1070.8,947,537,none
2026-08-06T17:21:53.472527,223,1,person,0.932,238.4,4.8,1656.7,1071.0,947,537,none
2026-08-06T17:21:53.601710,224,1,person,0.9343,241.7,6.0,1660.6,1071.6,951,538,none
2026-08-06T17:21:53.705136,225,1,person,0.9258,240.1,4.3,1661.3,1072.4,950,538,none
2026-08-06T17:21:53.807986,226,1,person,0.9281,244.1,5.4,1662.1,1072.1,953,538,none
2026-08-06T17:21:53.901945,227,1,person,0.9251,249.0,5.6,1664.9,1071.6,956,538,none
2026-08-06T17:21:54.005993,228,1,person,0.9195,257.7,6.4,1671.7,1071.8,964,539,none
2026-08-06T17:21:54.107714,229,1,person,0.919,269.0,8.3,1679.6,1071.5,974,539,none
2026-08-06T17:21:54.205305,230,1,person,0.9241,272.4,8.1,1682.5,1071.4,977,539,none
2026-08-06T17:21:54.306887,231,1,person,0.9222,269.2,8.0,1681.6,1071.9,975,539,none
2026-08-06T17:21:54.405561,232,1,person,0.9281,254.5,7.4,1667.9,1071.6,961,539,none
2026-08-06T17:21:54.505997,233,1,person,0.9255,265.8,7.9,1679.6,1071.9,972,539,none
2026-08-06T17:31:16.911403,1,1,person,0.9131,1477.3,6.3,1918.8,1064.4,1698,535,none
2026-08-06T17:31:16.916754,1,2,person,0.8668,551.7,462.7,1394.0,1075.5,972,769,none
2026-08-06T17:31:17.219909,2,1,person,0.9377,1483.4,4.3,1920.0,1066.3,1701,535,none
2026-08-06T17:31:17.221075,2,2,person,0.9076,444.0,470.7,1276.3,1076.8,860,773,none
2026-08-06T17:31:17.310139,3,1,person,0.9282,1485.4,4.1,1920.0,1065.6,1702,534,none
2026-08-06T17:31:17.311563,3,2,person,0.9091,404.7,470.4,1237.1,1077.1,820,773,none
2026-08-06T17:31:17.413560,4,1,person,0.8708,1486.4,4.1,1920.0,1066.2,1703,535,none
2026-08-06T17:31:17.414939,4,2,person,0.5172,451.5,466.1,1283.5,1072.4,867,769,none
2026-08-06T17:31:17.507762,5,1,person,0.8912,1487.1,4.2,1920.0,1065.9,1703,535,none
2026-08-06T17:31:17.509400,5,2,person,0.78,331.8,461.2,1190.2,1071.0,760,766,none
2026-08-06T17:31:17.609269,6,1,person,0.9252,1484.6,4.3,1920.0,1066.7,1702,535,none
2026-08-06T17:31:17.610768,6,2,person,0.8972,327.0,460.3,1186.3,1074.3,756,767,none
2026-08-06T17:31:17.712728,7,1,person,0.9243,1467.4,9.2,1907.7,1065.6,1687,537,none
2026-08-06T17:31:17.714040,7,2,person,0.9072,300.5,469.5,1144.2,1075.4,722,772,none
2026-08-06T17:31:17.814316,8,1,person,0.941,1460.0,11.7,1901.5,1064.3,1680,537,none
2026-08-06T17:31:17.815656,8,2,person,0.906,276.1,466.0,1119.1,1075.4,697,770,none
2026-08-06T17:31:17.913614,9,1,person,0.9466,1453.7,9.5,1899.0,1064.1,1676,536,none
2026-08-06T17:31:17.914932,9,2,person,0.912,262.7,459.5,1108.2,1075.8,685,767,none
2026-08-06T17:31:18.040709,10,1,person,0.9455,1451.7,10.4,1899.7,1064.8,1675,537,none
2026-08-06T17:31:18.042584,10,2,person,0.9022,252.2,450.9,1103.7,1076.7,677,763,none
2026-08-06T17:31:18.102837,11,1,person,0.9436,1449.7,11.4,1900.4,1065.5,1675,538,none
2026-08-06T17:31:18.104872,11,2,person,0.9033,246.9,445.1,1098.5,1076.8,672,760,none
2026-08-06T17:31:18.172836,12,1,person,0.9368,1448.2,13.0,1901.3,1066.0,1674,539,none
2026-08-06T17:31:18.174372,12,2,person,0.9044,245.6,442.8,1091.8,1076.6,668,759,none
2026-08-06T17:31:18.233550,13,1,person,0.9394,1446.1,13.7,1901.9,1065.9,1674,539,none
2026-08-06T17:31:18.235146,13,2,person,0.9048,248.0,438.9,1092.1,1076.7,670,757,none
2026-08-06T17:31:18.306900,14,1,person,0.9458,1443.7,15.5,1901.9,1065.7,1672,540,none
2026-08-06T17:31:18.308936,14,2,person,0.9098,251.2,439.3,1086.5,1076.9,668,758,none
2026-08-06T17:31:18.373984,15,1,person,0.9528,1440.9,13.9,1902.7,1065.4,1671,539,none
2026-08-06T17:31:18.376131,15,2,person,0.9064,257.4,437.5,1088.0,1077.1,672,757,none
2026-08-06T17:31:18.441894,16,1,person,0.9456,1438.8,16.4,1902.7,1065.3,1670,540,none
2026-08-06T17:31:18.443587,16,2,person,0.9067,261.6,438.5,1083.8,1077.4,672,757,none
2026-08-06T17:31:18.502274,17,1,person,0.9482,1436.7,15.4,1903.8,1065.1,1670,540,none
2026-08-06T17:31:18.504143,17,2,person,0.9069,266.7,437.9,1083.5,1077.6,675,757,none
2026-08-06T17:31:18.572204,18,1,person,0.9422,1435.3,16.4,1904.6,1064.6,1669,540,none
2026-08-06T17:31:18.573710,18,2,person,0.9062,272.2,438.5,1082.6,1077.8,677,758,none
2026-08-06T17:31:18.635927,19,1,person,0.94,1433.9,17.4,1905.6,1065.5,1669,541,none
2026-08-06T17:31:18.637789,19,2,person,0.9061,276.6,439.5,1080.5,1077.7,678,758,none
2026-08-06T17:31:18.704890,20,1,person,0.9432,1431.9,17.3,1906.2,1065.7,1669,541,none
2026-08-06T17:31:18.706332,20,2,person,0.9066,280.6,439.4,1079.5,1077.5,680,758,none
2026-08-06T17:31:18.770745,21,1,person,0.944,1430.9,18.5,1906.7,1064.6,1668,541,none
2026-08-06T17:31:18.772588,21,2,person,0.9086,284.1,440.2,1078.0,1077.7,681,758,none
2026-08-06T17:31:18.839871,22,1,person,0.9465,1429.3,18.5,1907.2,1063.9,1668,541,none
2026-08-06T17:31:18.841467,22,2,person,0.9084,286.7,439.7,1077.3,1077.7,682,758,none
2026-08-06T17:31:18.906473,23,1,person,0.9513,1428.1,20.5,1907.7,1064.1,1667,542,none
2026-08-06T17:31:18.907899,23,2,person,0.9089,290.0,440.1,1076.3,1077.5,683,758,none
2026-08-06T17:31:18.974963,24,1,person,0.9449,1426.7,20.7,1908.5,1064.5,1667,542,none
2026-08-06T17:31:18.976581,24,2,person,0.9067,293.1,440.3,1075.7,1077.3,684,758,none
2026-08-06T17:31:19.040451,25,1,person,0.9355,1425.6,22.0,1909.2,1065.6,1667,543,none
2026-08-06T17:31:19.042035,25,2,person,0.9061,295.0,440.8,1073.9,1076.9,684,758,none
2026-08-06T17:31:19.106530,26,1,person,0.9345,1424.0,22.4,1909.7,1066.5,1666,544,none
2026-08-06T17:31:19.108190,26,2,person,0.9071,297.7,441.1,1074.1,1077.0,685,759,none
2026-08-06T17:31:19.172183,27,1,person,0.9337,1422.4,22.0,1910.2,1066.7,1666,544,none
2026-08-06T17:31:19.173753,27,2,person,0.9072,299.0,440.4,1074.3,1077.0,686,758,none
2026-08-06T17:31:19.242876,28,1,person,0.9369,1420.9,21.7,1910.5,1066.5,1665,544,none
2026-08-06T17:31:19.244397,28,2,person,0.9097,299.9,440.2,1073.4,1077.1,686,758,none
2026-08-06T17:31:19.343788,29,1,person,0.9329,1418.7,21.0,1910.6,1066.8,1664,543,none
2026-08-06T17:31:19.345227,29,2,person,0.9073,300.7,439.0,1073.7,1077.2,687,758,none
2026-08-06T17:31:19.408896,30,1,person,0.9259,1416.0,21.4,1909.6,1066.4,1662,543,none
2026-08-06T17:31:19.410465,30,2,person,0.9042,300.9,437.3,1073.5,1077.1,687,757,none
2026-08-06T17:31:19.472413,31,1,person,0.9394,1414.7,24.2,1909.1,1066.5,1661,545,none
2026-08-06T17:31:19.473730,31,2,person,0.9047,301.5,436.5,1072.2,1076.7,686,756,none
2026-08-06T17:31:19.537953,32,1,person,0.92,1411.9,24.5,1908.2,1065.5,1660,544,none
2026-08-06T17:31:19.539654,32,2,person,0.8976,301.6,434.3,1072.5,1076.6,687,755,none
2026-08-06T17:31:19.607316,33,1,person,0.9287,1408.4,24.5,1907.1,1064.9,1657,544,none
2026-08-06T17:31:19.609074,33,2,person,0.9005,301.3,433.3,1070.8,1076.3,686,754,none
2026-08-06T17:31:19.672533,34,1,person,0.9267,1405.0,26.4,1906.1,1065.5,1655,545,none
2026-08-06T17:31:19.673805,34,2,person,0.8982,302.5,432.0,1071.0,1076.2,686,754,none
2026-08-06T17:31:19.741767,35,1,person,0.9285,1402.1,27.9,1905.6,1065.9,1653,546,none
2026-08-06T17:31:19.743472,35,2,person,0.9026,306.2,433.0,1071.5,1076.2,688,754,none
2026-08-06T17:31:19.807466,36,1,person,0.9291,1400.2,27.8,1906.4,1066.0,1653,546,none
2026-08-06T17:31:19.809405,36,2,person,0.9046,308.9,433.5,1072.0,1076.5,690,754,none
2026-08-06T17:31:19.873574,37,1,person,0.9301,1400.2,31.4,1907.0,1065.5,1653,548,none
2026-08-06T17:31:19.875101,37,2,person,0.9055,311.9,434.1,1072.9,1076.7,692,755,none
2026-08-06T17:31:19.939711,38,1,person,0.9397,1403.5,36.6,1909.2,1064.7,1656,550,none
2026-08-06T17:31:19.941230,38,2,person,0.9016,315.9,435.7,1074.2,1076.7,695,756,none
2026-08-06T17:31:20.012328,39,1,person,0.9364,1407.4,40.7,1912.0,1063.9,1659,552,none
2026-08-06T17:31:20.013598,39,2,person,0.9013,319.0,436.7,1075.7,1076.4,697,756,none
2026-08-06T17:31:20.107091,40,1,person,0.9362,1416.8,49.9,1916.6,1063.5,1666,556,none
2026-08-06T17:31:20.108908,40,2,person,0.9082,323.3,440.7,1075.5,1076.2,699,758,none
2026-08-06T17:31:20.176455,41,1,person,0.9453,1430.7,57.9,1920.0,1062.9,1675,560,none
2026-08-06T17:31:20.177904,41,2,person,0.9028,327.1,443.5,1078.0,1076.4,702,759,none
2026-08-06T17:31:20.240232,42,1,person,0.922,1443.6,65.6,1920.0,1062.6,1681,564,none
2026-08-06T17:31:20.242130,42,2,person,0.9067,329.5,444.9,1081.1,1076.6,705,760,none
2026-08-06T17:31:20.306866,43,1,person,0.9277,1457.4,77.8,1920.0,1064.8,1688,571,none
2026-08-06T17:31:20.308380,43,2,person,0.9141,333.3,445.3,1087.5,1076.7,710,760,none
2026-08-06T17:31:20.376212,44,1,person,0.9258,1469.1,89.8,1920.0,1066.9,1694,578,none
2026-08-06T17:31:20.377767,44,2,person,0.9104,333.3,444.7,1090.9,1076.9,712,760,none
2026-08-06T17:31:20.439404,45,1,person,0.9149,1478.9,101.0,1920.0,1068.5,1699,584,none
2026-08-06T17:31:20.440805,45,2,person,0.909,329.4,442.9,1090.8,1077.3,710,760,none
2026-08-06T17:31:20.510014,46,1,person,0.9139,1487.1,114.0,1920.0,1068.9,1703,591,none
2026-08-06T17:31:20.511436,46,2,person,0.9055,327.5,440.6,1092.8,1077.5,710,759,none
2026-08-06T17:31:20.591511,47,1,person,0.9227,1494.5,124.4,1920.0,1068.9,1707,596,none
2026-08-06T17:31:20.592758,47,2,person,0.8946,327.4,439.3,1093.4,1076.6,710,757,none
2026-08-06T17:31:20.678447,48,1,person,0.9308,1501.1,133.4,1920.0,1068.5,1710,600,none
2026-08-06T17:31:20.679880,48,2,person,0.9071,317.6,439.4,1084.0,1075.8,700,757,none
2026-08-06T17:31:20.739209,49,1,person,0.9253,1505.6,139.3,1920.0,1068.3,1712,603,none
2026-08-06T17:31:20.740719,49,2,person,0.9082,319.8,442.5,1085.5,1075.3,702,758,none
2026-08-06T17:31:20.806338,50,1,person,0.9245,1507.6,141.8,1920.0,1068.2,1713,605,none
2026-08-06T17:31:20.807887,50,2,person,0.9052,321.8,440.3,1092.5,1075.0,707,757,none
2026-08-06T17:31:20.870892,51,1,person,0.933,1510.3,145.1,1920.0,1068.3,1715,606,none
2026-08-06T17:31:20.872677,51,2,person,0.9146,327.9,439.1,1100.3,1074.1,714,756,none
2026-08-06T17:31:20.940473,52,1,person,0.9249,1512.9,146.5,1920.0,1068.0,1716,607,none
2026-08-06T17:31:20.942411,52,2,person,0.905,333.9,441.1,1103.6,1073.6,718,757,none
2026-08-06T17:31:21.005299,53,1,person,0.9305,1513.5,147.4,1920.0,1068.1,1716,607,none
2026-08-06T17:31:21.006794,53,2,person,0.9124,332.7,446.0,1095.3,1073.4,713,759,none
2026-08-06T17:31:21.079294,54,1,person,0.9327,1512.5,145.0,1920.0,1068.2,1716,606,none
2026-08-06T17:31:21.080544,54,2,person,0.9052,331.6,450.1,1088.0,1072.9,709,761,none
2026-08-06T17:31:21.181112,55,1,person,0.924,1510.9,139.2,1920.0,1067.7,1715,603,none
2026-08-06T17:31:21.182433,55,2,person,0.8954,326.6,455.0,1079.1,1073.9,702,764,none
2026-08-06T17:31:21.278829,56,1,person,0.9211,1507.1,129.7,1920.0,1067.6,1713,598,none
2026-08-06T17:31:21.280127,56,2,person,0.8936,311.2,462.6,1061.6,1076.2,686,769,none
2026-08-06T17:31:21.341636,57,1,person,0.9153,1505.6,123.4,1920.0,1067.6,1712,595,none
2026-08-06T17:31:21.343455,57,2,person,0.7672,312.9,463.4,1061.3,1074.3,687,768,none
2026-08-06T17:31:21.410677,58,1,person,0.9138,1502.9,116.5,1920.0,1067.1,1711,591,none
2026-08-06T17:31:21.412074,58,2,person,0.7018,203.0,463.7,979.3,1074.3,591,769,none
2026-08-06T17:31:21.480699,59,1,person,0.921,1502.3,110.5,1920.0,1067.2,1711,588,none
2026-08-06T17:31:21.482016,59,2,person,0.883,192.4,460.0,989.2,1075.5,590,767,none
2026-08-06T17:31:21.580621,60,1,person,0.9206,1501.2,103.8,1920.0,1067.1,1710,585,none
2026-08-06T17:31:21.581995,60,2,person,0.8906,128.4,458.8,949.7,1076.2,539,767,none
2026-08-06T17:31:21.639850,61,1,person,0.9279,1500.5,99.3,1920.0,1066.8,1710,583,none
2026-08-06T17:31:21.641443,61,2,person,0.894,103.7,465.6,940.8,1078.5,522,772,none
2026-08-06T17:31:21.707106,62,1,person,0.9297,1500.0,97.2,1920.0,1065.6,1710,581,none
2026-08-06T17:31:21.708633,62,2,person,0.8926,93.6,467.0,951.1,1079.2,522,773,none
2026-08-06T17:31:21.770972,63,1,person,0.9249,1498.2,94.5,1920.0,1064.4,1709,579,none
2026-08-06T17:31:21.772869,63,2,person,0.8872,80.2,467.6,955.3,1079.9,517,773,none
2026-08-06T17:31:21.844310,64,1,person,0.9169,1496.4,92.4,1920.0,1064.6,1708,578,none
2026-08-06T17:31:21.845731,64,2,person,0.903,64.6,465.4,957.0,1080.0,510,772,none
2026-08-06T17:31:21.941064,65,1,person,0.9286,1496.0,89.3,1920.0,1064.8,1707,577,none
2026-08-06T17:31:21.943133,65,2,person,0.9124,49.9,465.8,952.5,1080.0,501,772,none
2026-08-06T17:31:22.008026,66,1,person,0.9221,1494.8,87.9,1920.0,1065.2,1707,576,none
2026-08-06T17:31:22.009942,66,2,person,0.8784,46.6,466.5,959.4,1080.0,503,773,none
2026-08-06T17:31:22.073753,67,1,person,0.9209,1495.5,86.9,1920.0,1065.5,1707,576,none
2026-08-06T17:31:22.075811,67,2,person,0.8898,53.1,467.2,978.3,1080.0,515,773,none
2026-08-06T17:31:22.134531,68,1,person,0.9243,1494.2,86.5,1920.0,1065.5,1707,575,none
2026-08-06T17:31:22.136224,68,2,person,0.902,55.7,469.3,991.2,1080.0,523,774,none
2026-08-06T17:31:22.207012,69,1,person,0.927,1493.3,85.9,1920.0,1066.2,1706,576,none
2026-08-06T17:31:22.208688,69,2,person,0.8987,55.1,471.3,1000.2,1080.0,527,775,none
2026-08-06T17:31:22.273691,70,1,person,0.9255,1492.0,84.9,1919.2,1066.5,1705,575,none
2026-08-06T17:31:22.275361,70,2,person,0.8949,57.7,472.7,1014.0,1080.0,535,776,none
2026-08-06T17:31:22.339343,71,1,person,0.92,1491.7,84.8,1919.0,1066.5,1705,575,none
2026-08-06T17:31:22.340775,71,2,person,0.8803,65.8,477.8,1029.5,1080.0,547,778,none
2026-08-06T17:31:22.407099,72,1,person,0.9243,1492.3,85.1,1919.1,1065.8,1705,575,none
2026-08-06T17:31:22.408888,72,2,person,0.9104,71.7,486.2,1038.3,1079.8,555,783,none
2026-08-06T17:31:22.476830,73,1,person,0.9184,1493.7,83.7,1920.0,1065.0,1706,574,none
2026-08-06T17:31:22.478155,73,2,person,0.9164,77.6,495.3,1046.8,1080.0,562,787,none
2026-08-06T17:31:22.542963,74,1,person,0.9105,1493.0,80.7,1920.0,1063.8,1706,572,none
2026-08-06T17:31:22.544387,74,2,person,0.9195,78.7,500.6,1056.6,1080.0,567,790,none
2026-08-06T17:31:22.607269,75,1,person,0.9141,1492.2,78.5,1920.0,1064.0,1706,571,none
2026-08-06T17:31:22.608901,75,2,person,0.9153,78.8,504.5,1067.3,1080.0,573,792,none
2026-08-06T17:31:22.672897,76,1,person,0.9117,1491.6,76.1,1920.0,1064.4,1705,570,none
2026-08-06T17:31:22.674376,76,2,person,0.9126,77.1,505.9,1079.6,1080.0,578,792,none
2026-08-06T17:31:22.740981,77,1,person,0.9131,1491.5,73.1,1920.0,1065.4,1705,569,none
2026-08-06T17:31:22.742909,77,2,person,0.9075,73.6,504.7,1093.6,1080.0,583,792,none
2026-08-06T17:31:22.811664,78,1,person,0.9151,1490.8,69.6,1920.0,1065.4,1705,567,none
2026-08-06T17:31:22.812939,78,2,person,0.8878,68.2,498.8,1112.2,1080.0,590,789,none
2026-08-06T17:31:22.907156,79,1,person,0.9231,1488.9,65.6,1920.0,1065.7,1704,565,none
2026-08-06T17:31:22.908645,79,2,person,0.8382,51.4,474.1,1148.7,1080.0,600,777,none
2026-08-06T17:31:22.984801,80,1,person,0.921,1488.2,63.0,1920.0,1066.6,1704,564,none
2026-08-06T17:31:22.986228,80,2,person,0.8416,48.7,456.0,1184.1,1080.0,616,767,none
2026-08-06T17:31:23.077527,81,1,person,0.928,1488.0,61.9,1920.0,1066.4,1703,564,none
2026-08-06T17:31:23.079054,81,2,person,0.827,85.7,442.8,1240.4,1078.4,663,760,none
2026-08-06T17:31:23.143766,82,1,person,0.9285,1487.4,62.1,1920.0,1065.8,1703,563,none
2026-08-06T17:31:23.145285,82,2,person,0.839,161.5,436.5,1312.6,1078.2,737,757,none
2026-08-06T17:31:23.207422,83,1,person,0.9302,1486.5,62.2,1919.3,1066.1,1702,564,none
2026-08-06T17:31:23.208978,83,2,person,0.8825,179.4,433.7,1325.4,1076.3,752,754,none
2026-08-06T17:31:23.270447,84,1,person,0.932,1486.6,63.7,1918.8,1065.9,1702,564,none
2026-08-06T17:31:23.272532,84,2,person,0.7738,185.2,435.8,1328.9,1078.6,757,757,none
2026-08-06T17:31:23.341376,85,1,person,0.9389,1485.6,64.6,1917.5,1064.8,1701,564,none
2026-08-06T17:31:23.343395,85,2,person,0.7794,170.1,440.1,1312.5,1079.5,741,759,none
2026-08-06T17:31:23.408303,86,1,person,0.9415,1484.8,64.7,1917.0,1064.5,1700,564,none
2026-08-06T17:31:23.410313,86,2,person,0.7838,212.3,435.4,1351.6,1077.7,781,756,none
2026-08-06T17:31:23.473871,87,1,person,0.9349,1484.6,65.3,1917.0,1064.4,1700,564,none
2026-08-06T17:31:23.475635,87,2,person,0.8078,235.8,433.6,1368.6,1076.9,802,755,none
2026-08-06T17:31:23.541302,88,1,person,0.93,1483.6,66.5,1916.3,1065.0,1699,565,none
2026-08-06T17:31:23.543430,88,2,person,0.7826,278.3,432.1,1398.2,1077.4,838,754,none
2026-08-06T17:31:23.616840,89,1,person,0.9244,1482.1,66.6,1915.8,1065.8,1698,566,none
2026-08-06T17:31:23.618267,89,2,person,0.8557,300.5,432.2,1405.4,1076.9,852,754,none
2026-08-06T17:31:23.714798,90,1,person,0.9304,1480.5,69.3,1914.2,1065.7,1697,567,none
2026-08-06T17:31:23.716159,90,2,person,0.8782,311.1,432.1,1402.4,1076.2,856,754,none
2026-08-06T17:31:23.810916,91,1,person,0.9324,1478.8,71.1,1913.0,1065.7,1695,568,none
2026-08-06T17:31:23.812355,91,2,person,0.8904,319.5,432.1,1398.3,1075.8,858,753,none
2026-08-06T17:31:23.875468,92,1,person,0.9353,1477.2,73.2,1912.0,1065.5,1694,569,none
2026-08-06T17:31:23.877315,92,2,person,0.8971,324.5,431.2,1392.5,1074.8,858,753,none
2026-08-06T17:31:23.940020,93,1,person,0.9353,1475.2,76.1,1910.6,1065.7,1692,570,none
2026-08-06T17:31:23.941554,93,2,person,0.9068,328.0,430.7,1385.8,1074.5,856,752,none
2026-08-06T17:31:24.004313,94,1,person,0.9324,1472.5,79.0,1908.7,1064.5,1690,571,none
2026-08-06T17:31:24.006248,94,2,person,0.9103,331.0,430.3,1378.6,1074.4,854,752,none
2026-08-06T17:31:24.073967,95,1,person,0.9246,1470.4,81.4,1908.0,1064.4,1689,572,none
2026-08-06T17:31:24.075674,95,2,person,0.9163,328.0,430.5,1364.6,1073.7,846,752,none
2026-08-06T17:31:24.140554,96,1,person,0.9223,1469.0,84.7,1907.7,1064.7,1688,574,none
2026-08-06T17:31:24.142128,96,2,person,0.9172,321.9,432.3,1348.1,1073.6,835,752,none
2026-08-06T17:31:24.206685,97,1,person,0.9194,1466.9,87.0,1907.4,1065.5,1687,576,none
2026-08-06T17:31:24.208010,97,2,person,0.9123,316.3,434.8,1333.0,1073.9,824,754,none
2026-08-06T17:31:24.271802,98,1,person,0.9243,1464.4,88.6,1906.9,1065.9,1685,577,none
2026-08-06T17:31:24.273393,98,2,person,0.9109,314.5,439.1,1321.0,1075.6,817,757,none
2026-08-06T17:31:24.340863,99,1,person,0.9213,1462.5,89.5,1907.0,1065.7,1684,577,none
2026-08-06T17:31:24.342647,99,2,person,0.9009,310.0,442.3,1307.3,1075.8,808,759,none
2026-08-06T17:31:24.401595,100,1,person,0.9223,1460.7,91.9,1906.7,1065.8,1683,578,none
2026-08-06T17:31:24.403355,100,2,person,0.8883,298.2,444.5,1288.3,1075.7,793,760,none
2026-08-06T17:31:24.475292,101,1,person,0.9274,1459.3,92.9,1907.4,1066.0,1683,579,none
2026-08-06T17:31:24.477096,101,2,person,0.8887,289.2,443.3,1276.2,1075.4,782,759,none
2026-08-06T17:31:24.540707,102,1,person,0.9314,1457.7,93.3,1908.0,1066.0,1682,579,none
2026-08-06T17:31:24.542242,102,2,person,0.8869,275.1,441.5,1259.7,1074.9,767,758,none
2026-08-06T17:31:24.609072,103,1,person,0.9371,1456.2,93.8,1908.6,1066.1,1682,579,none
2026-08-06T17:31:24.610654,103,2,person,0.8811,259.6,439.3,1243.6,1075.0,751,757,none
2026-08-06T17:31:24.671023,104,1,person,0.9412,1454.1,93.8,1909.0,1066.9,1681,580,none
2026-08-06T17:31:24.672844,104,2,person,0.897,259.3,436.8,1239.6,1074.7,749,755,none
2026-08-06T17:31:24.740642,105,1,person,0.9395,1451.8,93.9,1909.1,1067.4,1680,580,none
2026-08-06T17:31:24.742237,105,2,person,0.9069,261.7,438.8,1232.2,1074.7,746,756,none
2026-08-06T17:31:24.804817,106,1,person,0.9401,1450.2,93.8,1909.7,1067.6,1679,580,none
2026-08-06T17:31:24.806563,106,2,person,0.9019,257.5,441.2,1217.9,1074.5,737,757,none
2026-08-06T17:31:24.875478,107,1,person,0.943,1449.2,93.0,1910.5,1066.9,1679,579,none
2026-08-06T17:31:24.877299,107,2,person,0.8882,249.2,444.5,1198.8,1074.5,723,759,none
2026-08-06T17:31:24.944394,108,1,person,0.9434,1448.3,92.2,1911.4,1066.5,1679,579,none
2026-08-06T17:31:24.945978,108,2,person,0.9003,247.8,447.0,1188.8,1074.2,718,760,none
2026-08-06T17:31:25.006672,109,1,person,0.9398,1447.5,91.7,1912.2,1066.5,1679,579,none
2026-08-06T17:31:25.008199,109,2,person,0.9126,246.3,449.9,1178.4,1074.0,712,761,none
2026-08-06T17:31:25.073397,110,1,person,0.946,1447.2,91.3,1913.3,1066.7,1680,578,none
2026-08-06T17:31:25.075012,110,2,person,0.9018,257.4,454.0,1176.7,1074.4,717,764,none
2026-08-06T17:31:25.141649,111,1,person,0.9441,1447.5,91.4,1914.7,1067.2,1681,579,none
2026-08-06T17:31:25.143722,111,2,person,0.9112,258.7,460.3,1163.4,1075.3,711,767,none
2026-08-06T17:31:25.208241,112,1,person,0.9398,1448.2,91.6,1916.0,1067.4,1682,579,none
2026-08-06T17:31:25.210165,112,2,person,0.9072,250.2,463.8,1143.9,1075.4,697,769,none
2026-08-06T17:31:25.275362,113,1,person,0.9398,1449.2,91.8,1917.2,1067.4,1683,579,none
2026-08-06T17:31:25.277187,113,2,person,0.916,240.7,465.3,1126.8,1075.3,683,770,none
2026-08-06T17:31:25.354218,114,1,person,0.9389,1449.3,91.7,1917.8,1067.8,1683,579,none
2026-08-06T17:31:25.355545,114,2,person,0.9062,227.2,465.3,1111.0,1075.9,669,770,none
2026-08-06T17:31:25.448029,115,1,person,0.9399,1449.6,92.3,1918.3,1068.4,1683,580,none
2026-08-06T17:31:25.449384,115,2,person,0.8962,212.5,463.9,1096.4,1075.7,654,769,none
2026-08-06T17:31:25.547304,116,1,person,0.9425,1450.1,92.0,1919.1,1068.7,1684,580,none
2026-08-06T17:31:25.548536,116,2,person,0.8809,191.1,457.1,1082.9,1075.6,636,766,none
2026-08-06T17:31:25.607540,117,1,person,0.9399,1451.0,91.0,1920.0,1068.4,1685,579,none
2026-08-06T17:31:25.609357,117,2,person,0.8741,163.1,450.7,1060.9,1075.9,612,763,none
2026-08-06T17:31:25.677351,118,1,person,0.9368,1452.0,89.0,1920.0,1067.1,1685,578,none
2026-08-06T17:31:25.678792,118,2,person,0.8798,142.8,446.1,1043.8,1076.2,593,761,none
2026-08-06T17:31:25.737334,119,1,person,0.9372,1452.8,88.9,1920.0,1066.9,1686,577,none
2026-08-06T17:31:25.739258,119,2,person,0.8651,128.3,443.2,1030.2,1076.1,579,759,none
2026-08-06T17:31:25.809337,120,1,person,0.9299,1453.0,87.4,1920.0,1067.1,1686,577,none
2026-08-06T17:31:25.810961,120,2,person,0.8568,105.8,438.1,1015.3,1077.2,560,757,none
2026-08-06T17:31:25.871717,121,1,person,0.9315,1452.7,86.0,1920.0,1067.3,1686,576,none
2026-08-06T17:31:25.873430,121,2,person,0.8795,53.7,424.7,984.6,1076.2,519,750,none
2026-08-06T17:31:25.942111,122,1,person,0.9327,1452.3,85.0,1920.0,1067.4,1686,576,none
2026-08-06T17:31:25.943715,122,2,person,0.9073,23.0,414.1,971.8,1076.6,497,745,none
2026-08-06T17:31:26.006664,123,1,person,0.9376,1451.6,86.1,1920.0,1067.7,1685,576,none
2026-08-06T17:31:26.007900,123,2,person,0.9053,6.8,409.0,966.8,1078.4,486,743,none
2026-08-06T17:31:26.075792,124,1,person,0.934,1452.1,86.1,1920.0,1067.1,1686,576,none
2026-08-06T17:31:26.077290,124,2,person,0.8959,3.4,407.5,968.8,1079.5,486,743,none
2026-08-06T17:31:26.141105,125,1,person,0.9341,1452.4,86.3,1920.0,1067.6,1686,576,none
2026-08-06T17:31:26.142810,125,2,person,0.9053,2.9,405.0,973.9,1079.6,488,742,none
2026-08-06T17:31:26.208354,126,1,person,0.9366,1453.2,86.7,1920.0,1067.1,1686,576,none
2026-08-06T17:31:26.210371,126,2,person,0.8996,8.7,402.2,985.2,1078.3,496,740,none
2026-08-06T17:31:26.272089,127,1,person,0.931,1454.1,85.7,1920.0,1066.6,1687,576,none
2026-08-06T17:31:26.273691,127,2,person,0.8878,16.5,401.1,998.6,1078.6,507,739,none
2026-08-06T17:31:26.342624,128,1,person,0.9361,1454.8,85.0,1920.0,1066.5,1687,575,none
2026-08-06T17:31:26.343937,128,2,person,0.8809,24.3,400.5,1009.6,1077.5,516,738,none
2026-08-06T17:31:26.403521,129,1,person,0.935,1455.2,84.5,1920.0,1066.5,1687,575,none
2026-08-06T17:31:26.405560,129,2,person,0.8727,28.9,402.1,1014.8,1076.9,521,739,none
2026-08-06T17:31:26.475525,130,1,person,0.9338,1455.7,83.9,1920.0,1066.6,1687,575,none
2026-08-06T17:31:26.477451,130,2,person,0.8619,32.2,404.9,1019.3,1077.1,525,740,none
2026-08-06T17:31:26.539184,131,1,person,0.9143,1456.8,84.3,1920.0,1066.4,1688,575,none
2026-08-06T17:31:26.540805,131,2,person,0.8592,39.4,407.7,1028.2,1077.1,533,742,none
2026-08-06T17:31:26.609301,132,1,person,0.916,1459.1,86.7,1920.0,1065.7,1689,576,none
2026-08-06T17:31:26.610944,132,2,person,0.8311,50.6,411.2,1036.8,1077.7,543,744,none
2026-08-06T17:31:26.671744,133,1,person,0.9295,1458.7,84.7,1920.0,1065.4,1689,575,none
2026-08-06T17:31:26.673540,133,2,person,0.8702,69.5,415.5,1054.1,1077.9,561,746,none
2026-08-06T17:31:26.741038,134,1,person,0.9335,1459.0,83.5,1920.0,1065.3,1689,574,none
2026-08-06T17:31:26.742824,134,2,person,0.8983,96.5,416.1,1081.5,1077.2,588,746,none
2026-08-06T17:31:26.805470,135,1,person,0.931,1459.5,83.1,1920.0,1065.3,1689,574,none
2026-08-06T17:31:26.807193,135,2,person,0.9048,125.4,417.3,1106.8,1077.1,616,747,none
2026-08-06T17:31:26.875107,136,1,person,0.9324,1460.4,83.1,1920.0,1066.1,1690,574,none
2026-08-06T17:31:26.877253,136,2,person,0.9066,130.0,418.3,1110.3,1076.1,620,747,none
2026-08-06T17:31:26.938277,137,1,person,0.9331,1460.4,81.5,1920.0,1066.6,1690,574,none
2026-08-06T17:31:26.940108,137,2,person,0.8954,137.1,420.0,1117.3,1075.6,627,747,none
2026-08-06T17:31:27.009277,138,1,person,0.936,1460.6,80.7,1920.0,1067.3,1690,573,none
2026-08-06T17:31:27.010910,138,2,person,0.8717,147.7,423.2,1126.5,1077.0,637,750,none
2026-08-06T17:31:27.071566,139,1,person,0.9363,1460.8,80.5,1920.0,1067.6,1690,574,none
2026-08-06T17:31:27.073264,139,2,person,0.8191,127.2,430.3,1102.8,1076.9,615,753,none
2026-08-06T17:31:27.141806,140,1,person,0.9382,1460.8,81.5,1920.0,1067.9,1690,574,none
2026-08-06T17:31:27.143744,140,2,person,0.8966,196.5,434.8,1153.7,1075.0,675,754,none
2026-08-06T17:31:27.205920,141,1,person,0.9368,1460.6,82.2,1920.0,1067.9,1690,575,none
2026-08-06T17:31:27.207514,141,2,person,0.8863,224.6,436.5,1174.8,1075.6,699,756,none
2026-08-06T17:31:27.275981,142,1,person,0.9377,1460.4,82.5,1920.0,1067.9,1690,575,none
2026-08-06T17:31:27.277648,142,2,person,0.8867,263.6,433.1,1208.8,1074.9,736,754,none
2026-08-06T17:31:27.340756,143,1,person,0.9394,1460.3,83.1,1920.0,1067.8,1690,575,none
2026-08-06T17:31:27.342450,143,2,person,0.8948,289.4,431.0,1231.5,1074.7,760,752,none
2026-08-06T17:31:27.410513,144,1,person,0.9341,1460.1,82.3,1920.0,1067.6,1690,574,none
2026-08-06T17:31:27.411918,144,2,person,0.8957,301.1,430.6,1239.8,1074.4,770,752,none
2026-08-06T17:31:27.486894,145,1,person,0.9346,1459.5,82.1,1919.7,1067.9,1689,574,none
2026-08-06T17:31:27.488173,145,2,person,0.9035,307.6,431.4,1241.8,1074.8,774,753,none
2026-08-06T17:31:27.582523,146,1,person,0.9354,1458.2,81.8,1918.8,1067.7,1688,574,none
2026-08-06T17:31:27.583813,146,2,person,0.9066,316.4,433.8,1244.2,1075.3,780,754,none
2026-08-06T17:31:27.675928,147,1,person,0.9347,1457.5,81.4,1918.3,1067.2,1687,574,none
2026-08-06T17:31:27.677723,147,2,person,0.9087,322.9,433.5,1246.1,1074.9,784,754,none
2026-08-06T17:31:27.745149,148,1,person,0.5803,1457.3,77.6,1918.6,1064.6,1687,571,none
2026-08-06T17:31:27.746645,148,2,person,0.5245,326.7,428.9,1246.9,1071.7,786,750,none
2026-08-06T17:31:27.808832,149,1,person,0.9345,1456.4,81.8,1916.9,1065.8,1686,573,none
2026-08-06T17:31:27.810600,149,2,person,0.8009,196.5,423.5,1155.4,1075.0,675,749,none
2026-08-06T17:31:27.873759,150,1,person,0.9437,1455.0,83.6,1915.7,1066.5,1685,575,none
2026-08-06T17:31:27.875287,150,2,person,0.8979,148.1,424.1,1134.2,1078.2,641,751,none
2026-08-06T17:31:27.941642,151,1,person,0.9449,1453.7,84.1,1915.1,1066.9,1684,575,none
2026-08-06T17:31:27.943721,151,2,person,0.9147,239.3,425.7,1215.0,1077.2,727,751,none
2026-08-06T17:31:28.007901,152,1,person,0.9441,1454.7,86.2,1915.7,1066.7,1685,576,none
2026-08-06T17:31:28.009414,152,2,person,0.9082,272.2,427.3,1239.5,1076.9,755,752,none
2026-08-06T17:31:28.074408,153,1,person,0.9394,1454.5,86.3,1916.2,1066.4,1685,576,none
2026-08-06T17:31:28.075977,153,2,person,0.897,286.5,429.5,1242.9,1075.3,764,752,none
2026-08-06T17:31:28.141107,154,1,person,0.9384,1453.0,83.9,1916.6,1067.0,1684,575,none
2026-08-06T17:31:28.142915,154,2,person,0.8961,291.7,430.1,1242.0,1074.8,766,752,none
2026-08-06T17:31:28.207582,155,1,person,0.9401,1451.5,82.3,1916.7,1067.5,1684,574,none
2026-08-06T17:31:28.209076,155,2,person,0.9009,297.4,427.7,1245.8,1074.4,771,751,none
2026-08-06T17:31:28.272366,156,1,person,0.9428,1450.1,79.6,1917.2,1068.0,1683,573,none
2026-08-06T17:31:28.274164,156,2,person,0.9094,305.3,425.4,1252.1,1074.7,778,750,none
2026-08-06T17:31:28.341837,157,1,person,0.9406,1449.0,77.5,1917.6,1068.2,1683,572,none
2026-08-06T17:31:28.343983,157,2,person,0.9174,311.5,422.5,1256.9,1074.9,784,748,none
2026-08-06T17:31:28.407881,158,1,person,0.9396,1448.2,75.7,1918.1,1068.4,1683,572,none
2026-08-06T17:31:28.409534,158,2,person,0.9064,313.2,420.3,1256.5,1075.2,784,747,none
2026-08-06T17:31:28.474298,159,1,person,0.9404,1447.8,74.4,1918.5,1068.3,1683,571,none
2026-08-06T17:31:28.475989,159,2,person,0.9179,319.7,418.7,1257.0,1074.5,788,746,none
2026-08-06T17:31:28.540623,160,1,person,0.9389,1447.4,73.1,1918.8,1068.1,1683,570,none
2026-08-06T17:31:28.542101,160,2,person,0.9161,327.7,419.3,1257.9,1074.7,792,747,none
2026-08-06T17:31:28.606625,161,1,person,0.9377,1447.7,73.9,1918.6,1067.3,1683,570,none
2026-08-06T17:31:28.608017,161,2,person,0.9158,332.8,421.4,1254.5,1074.8,793,748,none
2026-08-06T17:31:28.673757,162,1,person,0.937,1446.0,71.5,1918.1,1067.3,1682,569,none
2026-08-06T17:31:28.675055,162,2,person,0.9251,331.6,422.6,1247.3,1075.3,789,748,none
2026-08-06T17:31:28.740967,163,1,person,0.9356,1445.5,69.7,1918.4,1067.0,1681,568,none
2026-08-06T17:31:28.742338,163,2,person,0.9163,322.3,424.0,1230.5,1075.4,776,749,none
2026-08-06T17:31:28.807959,164,1,person,0.9335,1445.5,68.3,1919.0,1066.9,1682,567,none
2026-08-06T17:31:28.809642,164,2,person,0.9118,317.2,424.9,1218.3,1075.1,767,750,none
2026-08-06T17:31:28.875413,165,1,person,0.9324,1446.0,67.8,1919.5,1067.0,1682,567,none
2026-08-06T17:31:28.877464,165,2,person,0.9011,316.9,427.8,1208.5,1075.1,762,751,none
2026-08-06T17:31:28.941522,166,1,person,0.9345,1445.8,67.0,1919.7,1067.4,1682,567,none
2026-08-06T17:31:28.943147,166,2,person,0.9137,320.6,427.9,1207.6,1074.8,764,751,none
2026-08-06T17:31:29.008453,167,1,person,0.937,1446.9,67.1,1920.0,1067.3,1683,567,none
2026-08-06T17:31:29.010225,167,2,person,0.9078,319.6,428.8,1200.3,1074.8,759,751,none
2026-08-06T17:31:29.072053,168,1,person,0.9381,1446.2,66.8,1919.9,1067.6,1683,567,none
2026-08-06T17:31:29.073842,168,2,person,0.9249,319.0,427.1,1196.2,1074.5,757,750,none
2026-08-06T17:31:29.142575,169,1,person,0.9337,1447.4,67.3,1920.0,1067.8,1683,567,none
2026-08-06T17:31:29.144439,169,2,person,0.9183,317.9,424.6,1191.4,1074.6,754,749,none
2026-08-06T17:31:29.208183,170,1,person,0.9331,1446.9,68.2,1919.9,1068.3,1683,568,none
2026-08-06T17:31:29.209691,170,2,person,0.9268,316.3,423.8,1181.9,1074.3,749,749,none
2026-08-06T17:31:29.276115,171,1,person,0.7958,1447.9,69.6,1920.0,1068.3,1683,568,none
2026-08-06T17:31:29.277852,171,2,person,0.8848,391.5,423.6,1275.4,1075.9,833,749,none
2026-08-06T17:31:29.337258,172,1,person,0.7246,1448.2,71.3,1919.6,1068.6,1683,569,none
2026-08-06T17:31:29.339201,172,2,person,0.8978,439.4,425.7,1344.1,1075.7,891,750,none
2026-08-06T17:31:29.340048,172,3,person,0.7157,1078.6,64.9,1920.0,1069.7,1499,567,none
2026-08-06T17:31:29.408921,173,2,person,0.5063,364.1,426.2,1258.9,1075.8,811,750,none
2026-08-06T17:31:29.410643,173,3,person,0.8669,1111.8,67.6,1920.0,1067.1,1515,567,none
2026-08-06T17:31:29.469132,174,2,person,0.9304,331.1,429.4,1209.1,1074.9,770,752,none
2026-08-06T17:31:29.470666,174,1,person,0.9398,1448.7,70.8,1920.0,1068.6,1684,569,none
2026-08-06T17:31:29.541567,175,2,person,0.9273,318.2,427.1,1188.5,1074.6,753,750,none
2026-08-06T17:31:29.543465,175,1,person,0.9408,1447.9,71.5,1919.0,1068.1,1683,569,none
2026-08-06T17:31:29.607812,176,2,person,0.9231,313.9,423.5,1180.6,1074.6,747,749,none
2026-08-06T17:31:29.609853,176,1,person,0.9421,1448.5,71.8,1919.1,1067.2,1683,569,none
2026-08-06T17:31:29.675179,177,2,person,0.9123,312.2,419.9,1176.9,1075.0,744,747,none
2026-08-06T17:31:29.677189,177,1,person,0.9401,1448.6,72.2,1919.1,1067.0,1683,569,none
2026-08-06T17:31:29.741113,178,2,person,0.9163,313.6,417.8,1175.3,1075.0,744,746,none
2026-08-06T17:31:29.742904,178,1,person,0.9417,1448.8,72.4,1919.2,1066.9,1683,569,none
2026-08-06T17:31:29.808845,179,2,person,0.9158,316.9,417.3,1174.5,1075.1,745,746,none
2026-08-06T17:31:29.810648,179,1,person,0.9439,1448.0,73.9,1918.1,1067.1,1683,570,none
2026-08-06T17:31:29.868745,180,2,person,0.9167,319.5,417.8,1172.3,1075.1,745,746,none
2026-08-06T17:31:29.870425,180,1,person,0.9444,1448.4,74.1,1918.4,1066.7,1683,570,none
2026-08-06T17:31:29.944517,181,2,person,0.9228,321.2,420.9,1165.4,1074.8,743,747,none
2026-08-06T17:31:29.946139,181,1,person,0.9436,1448.4,74.5,1918.4,1066.5,1683,570,none
2026-08-06T17:31:30.004666,182,2,person,0.9241,324.4,424.1,1159.1,1074.5,741,749,none
2026-08-06T17:31:30.006719,182,1,person,0.9441,1448.2,74.5,1918.3,1066.3,1683,570,none
2026-08-06T17:31:30.075994,183,2,person,0.9246,327.0,428.0,1152.0,1074.5,739,751,none
2026-08-06T17:31:30.077965,183,1,person,0.9459,1448.1,74.3,1918.4,1066.0,1683,570,none
2026-08-06T17:31:30.137368,184,2,person,0.9247,327.8,431.6,1143.6,1074.8,735,753,none
2026-08-06T17:31:30.139419,184,1,person,0.9447,1447.9,73.9,1918.6,1066.0,1683,569,none
2026-08-06T17:31:30.210581,185,2,person,0.9236,323.3,434.4,1130.6,1074.8,726,754,none
2026-08-06T17:31:30.212083,185,1,person,0.9418,1448.0,73.3,1919.0,1066.0,1683,569,none
2026-08-06T17:31:30.303780,186,2,person,0.9337,318.0,438.9,1114.9,1075.1,716,757,none
2026-08-06T17:31:30.305936,186,1,person,0.9417,1448.1,73.3,1919.3,1066.1,1683,569,none
2026-08-06T17:31:30.378503,187,2,person,0.9316,308.1,441.4,1098.8,1075.9,703,758,none
2026-08-06T17:31:30.380084,187,1,person,0.9409,1448.4,72.8,1919.7,1066.1,1684,569,none
2026-08-06T17:31:30.441279,188,2,person,0.9235,297.8,443.3,1083.9,1076.4,690,759,none
2026-08-06T17:31:30.443287,188,1,person,0.941,1447.5,72.9,1919.0,1066.5,1683,569,none
2026-08-06T17:31:30.508176,189,2,person,0.9102,287.3,444.2,1070.5,1076.4,678,760,none
2026-08-06T17:31:30.510147,189,1,person,0.9413,1447.1,72.5,1918.9,1066.5,1682,569,none
2026-08-06T17:31:30.578577,190,2,person,0.8999,277.7,443.9,1059.8,1076.4,668,760,none
2026-08-06T17:31:30.580041,190,1,person,0.942,1446.7,72.3,1918.8,1067.0,1682,569,none
2026-08-06T17:31:30.645372,191,2,person,0.8931,270.0,442.5,1053.1,1077.0,661,759,none
2026-08-06T17:31:30.646803,191,1,person,0.9415,1446.4,72.6,1918.7,1067.4,1682,569,none
2026-08-06T17:31:30.709827,192,2,person,0.8914,263.2,439.7,1048.3,1077.3,655,758,none
2026-08-06T17:31:30.711623,192,1,person,0.9406,1446.1,72.5,1918.7,1067.9,1682,570,none
2026-08-06T17:31:30.771889,193,2,person,0.8955,258.7,438.2,1044.6,1077.9,651,758,none
2026-08-06T17:31:30.773858,193,1,person,0.9388,1445.6,71.9,1918.6,1068.1,1682,570,none
2026-08-06T17:31:30.842046,194,2,person,0.8997,256.3,436.9,1042.0,1077.8,649,757,none
2026-08-06T17:31:30.843933,194,1,person,0.94,1445.3,71.5,1918.5,1067.9,1681,569,none
2026-08-06T17:31:30.905045,195,2,person,0.899,255.3,435.3,1040.8,1077.5,648,756,none
2026-08-06T17:31:30.907117,195,1,person,0.9409,1444.6,70.9,1918.2,1067.9,1681,569,none
2026-08-06T17:31:30.975417,196,2,person,0.8983,254.4,432.7,1041.0,1077.3,647,754,none
2026-08-06T17:31:30.977591,196,1,person,0.9428,1443.8,70.4,1918.0,1068.1,1680,569,none
2026-08-06T17:31:31.041618,197,2,person,0.9035,255.2,431.9,1041.9,1078.0,648,754,none
2026-08-06T17:31:31.043686,197,1,person,0.9452,1443.1,70.3,1917.7,1068.3,1680,569,none
2026-08-06T17:31:31.108520,198,2,person,0.9005,257.5,431.2,1043.2,1077.8,650,754,none
2026-08-06T17:31:31.110647,198,1,person,0.9453,1442.0,69.4,1917.5,1068.7,1679,569,none
2026-08-06T17:31:31.170928,199,2,person,0.8975,260.2,430.5,1044.7,1077.4,652,753,none
2026-08-06T17:31:31.173086,199,1,person,0.942,1441.0,68.9,1917.0,1068.5,1679,568,none
2026-08-06T17:31:31.248797,200,2,person,0.8992,262.3,431.0,1044.3,1077.0,653,754,none
2026-08-06T17:31:31.250069,200,1,person,0.9424,1440.1,68.3,1916.8,1068.4,1678,568,none
2026-08-06T17:31:31.345739,201,2,person,0.8946,263.5,431.7,1043.1,1076.7,653,754,none
2026-08-06T17:31:31.347361,201,1,person,0.942,1440.6,68.1,1917.5,1068.0,1679,568,none
2026-08-06T17:31:31.410057,202,2,person,0.8919,264.8,432.8,1041.6,1076.6,653,754,none
2026-08-06T17:31:31.411909,202,1,person,0.9424,1439.4,68.5,1916.7,1068.1,1678,568,none
2026-08-06T17:31:31.476524,203,2,person,0.8951,265.0,435.4,1038.5,1076.7,651,756,none
2026-08-06T17:31:31.478336,203,1,person,0.9449,1438.8,66.9,1917.0,1067.8,1677,567,none
2026-08-06T17:31:31.535987,204,2,person,0.8983,268.1,436.8,1040.1,1076.8,654,756,none
2026-08-06T17:31:31.537582,204,1,person,0.9445,1438.0,66.5,1916.8,1067.8,1677,567,none
2026-08-06T17:31:31.611060,205,2,person,0.884,273.6,438.8,1044.0,1076.5,658,757,none
2026-08-06T17:31:31.612481,205,1,person,0.9446,1437.9,67.6,1916.5,1067.2,1677,567,none
2026-08-06T17:31:31.670740,206,2,person,0.9085,281.3,441.4,1051.9,1076.7,666,759,none
2026-08-06T17:31:31.672550,206,1,person,0.946,1437.0,67.8,1916.2,1067.6,1676,567,none
2026-08-06T17:31:31.741576,207,2,person,0.8985,288.2,444.6,1059.4,1076.9,673,760,none
2026-08-06T17:31:31.743418,207,1,person,0.9463,1436.5,66.8,1916.6,1067.1,1676,566,none
2026-08-06T17:31:31.804241,208,2,person,0.9147,296.4,447.2,1071.4,1077.0,683,762,none
2026-08-06T17:31:31.806388,208,1,person,0.941,1436.2,66.9,1916.6,1066.7,1676,566,none
2026-08-06T17:31:31.876551,209,2,person,0.9124,300.0,448.7,1079.0,1076.9,689,762,none
2026-08-06T17:31:31.878406,209,1,person,0.9438,1435.4,66.7,1916.7,1067.3,1676,566,none
2026-08-06T17:31:31.939614,210,2,person,0.912,303.4,448.3,1087.2,1076.8,695,762,none
2026-08-06T17:31:31.941202,210,1,person,0.9394,1433.6,66.8,1915.9,1067.7,1674,567,none
2026-08-06T17:31:32.009399,211,2,person,0.903,305.4,445.8,1095.1,1077.3,700,761,none
2026-08-06T17:31:32.011297,211,1,person,0.9313,1431.8,68.5,1914.4,1067.3,1673,567,none
2026-08-06T17:31:32.069904,212,2,person,0.907,309.6,443.8,1103.0,1077.3,706,760,none
2026-08-06T17:31:32.071421,212,1,person,0.9226,1429.0,69.3,1912.5,1066.5,1670,567,none
2026-08-06T17:31:32.142886,213,2,person,0.9014,309.2,442.9,1102.7,1077.3,705,760,none
2026-08-06T17:31:32.144690,213,1,person,0.9334,1423.3,68.1,1908.9,1064.1,1666,566,none
2026-08-06T17:31:32.203740,214,2,person,0.9094,313.1,441.7,1103.6,1076.6,708,759,none
2026-08-06T17:31:32.205374,214,1,person,0.9335,1416.2,67.0,1906.4,1066.1,1661,566,none
2026-08-06T17:31:32.275127,215,2,person,0.9162,324.4,441.6,1109.7,1075.9,717,758,none
2026-08-06T17:31:32.277266,215,1,person,0.9276,1406.4,68.2,1900.6,1066.0,1653,567,none
2026-08-06T17:31:32.338342,216,2,person,0.8556,334.7,444.2,1114.6,1077.7,724,760,none
2026-08-06T17:31:32.340316,216,1,person,0.9152,1393.5,70.1,1893.3,1066.2,1643,568,none
2026-08-06T17:31:32.409660,217,2,person,0.871,351.8,444.8,1125.6,1075.8,738,760,none
2026-08-06T17:31:32.411191,217,1,person,0.9208,1382.1,69.9,1888.9,1065.9,1635,567,none
2026-08-06T17:31:32.509718,218,2,person,0.9017,375.2,447.5,1144.3,1074.0,759,760,none
2026-08-06T17:31:32.511716,218,1,person,0.9389,1371.4,66.5,1887.0,1065.9,1629,566,none
2026-08-06T17:31:32.579167,219,2,person,0.8976,390.3,450.4,1158.2,1074.2,774,762,none
2026-08-06T17:31:32.580589,219,1,person,0.9377,1365.9,63.4,1889.6,1066.8,1627,565,none
2026-08-06T17:31:32.639400,220,2,person,0.9071,406.8,453.5,1174.0,1074.6,790,764,none
2026-08-06T17:31:32.641070,220,1,person,0.934,1366.4,60.8,1895.5,1066.2,1630,563,none
2026-08-06T17:31:32.708471,221,2,person,0.9104,428.2,455.9,1195.3,1074.5,811,765,none
2026-08-06T17:31:32.710266,221,1,person,0.9408,1369.1,60.2,1901.2,1065.0,1635,562,none
2026-08-06T17:31:32.775711,222,2,person,0.9051,451.5,457.1,1219.8,1074.0,835,765,none
2026-08-06T17:31:32.777771,222,1,person,0.9465,1375.2,60.4,1908.4,1064.7,1641,562,none
2026-08-06T17:31:32.841792,223,2,person,0.9023,470.7,457.6,1241.8,1073.9,856,765,none
2026-08-06T17:31:32.843794,223,1,person,0.9332,1383.6,60.2,1916.2,1063.7,1649,561,none
2026-08-06T17:31:32.911554,224,2,person,0.9075,489.5,457.5,1261.9,1073.5,875,765,none
2026-08-06T17:31:32.913007,224,1,person,0.9366,1390.4,61.5,1920.0,1064.4,1655,562,none
2026-08-06T17:31:32.990704,225,2,person,0.8966,502.9,457.5,1276.3,1073.2,889,765,none
2026-08-06T17:31:32.991999,225,1,person,0.9357,1400.6,62.3,1920.0,1061.6,1660,561,none
2026-08-06T17:31:33.081113,226,2,person,0.9082,514.3,455.7,1290.6,1073.4,902,764,none
2026-08-06T17:31:33.082317,226,1,person,0.8965,1412.5,55.5,1920.0,1060.6,1666,558,none
2026-08-06T17:31:33.142565,227,2,person,0.9092,522.8,453.3,1302.1,1073.2,912,763,none
2026-08-06T17:31:33.144356,227,1,person,0.9311,1419.5,50.4,1920.0,1062.7,1669,556,none
2026-08-06T17:31:33.208403,228,2,person,0.9183,533.0,451.6,1313.5,1072.7,923,762,none
2026-08-06T17:31:33.209970,228,1,person,0.9086,1428.3,46.5,1920.0,1065.5,1674,556,none
2026-08-06T17:31:33.270782,229,2,person,0.9101,545.2,450.9,1326.7,1073.1,935,762,none
2026-08-06T17:31:33.272430,229,1,person,0.9257,1440.9,40.0,1920.0,1065.8,1680,552,none
2026-08-06T17:31:33.342393,230,2,person,0.881,559.8,449.5,1342.0,1073.6,950,761,none
2026-08-06T17:31:33.344364,230,1,person,0.9111,1454.5,33.7,1920.0,1067.1,1687,550,none
2026-08-06T17:31:33.403812,231,2,person,0.8952,565.8,447.1,1350.1,1073.5,957,760,none
2026-08-06T17:31:33.405336,231,1,person,0.8957,1463.8,27.7,1920.0,1067.2,1691,547,none
2026-08-06T17:31:33.476908,232,2,person,0.8897,571.0,445.2,1358.2,1074.7,964,759,none
2026-08-06T17:31:33.478365,232,1,person,0.895,1475.9,19.4,1920.0,1068.5,1697,543,none
2026-08-06T17:31:33.539378,233,2,person,0.8922,576.4,442.8,1365.0,1074.0,970,758,none
2026-08-06T17:31:33.541049,233,1,person,0.9188,1490.5,17.1,1920.0,1068.0,1705,542,none
2026-08-06T17:31:33.624738,234,2,person,0.9029,585.1,441.2,1375.4,1074.3,980,757,none
2026-08-06T17:31:33.626229,234,1,person,0.9183,1496.0,16.0,1920.0,1068.4,1707,542,none
2026-08-06T17:31:33.708696,235,2,person,0.9163,591.8,439.2,1383.4,1074.3,987,756,none
2026-08-06T17:31:33.710613,235,1,person,0.9265,1489.7,12.6,1920.0,1068.9,1704,540,none
2026-08-06T17:31:33.777570,236,2,person,0.9183,596.0,436.9,1389.9,1074.7,992,755,none
2026-08-06T17:31:33.779267,236,1,person,0.9321,1489.5,11.5,1920.0,1068.0,1704,539,none
2026-08-06T17:31:33.841619,237,2,person,0.9096,598.1,435.4,1392.5,1074.4,995,754,none
2026-08-06T17:31:33.843207,237,1,person,0.9238,1493.7,9.6,1920.0,1068.2,1706,538,none
2026-08-06T17:31:33.907486,238,2,person,0.9029,596.1,433.2,1392.7,1074.3,994,753,none
2026-08-06T17:31:33.908998,238,1,person,0.9305,1499.6,10.6,1920.0,1068.5,1709,539,none
2026-08-06T17:31:33.978381,239,2,person,0.908,590.5,430.8,1390.6,1074.2,990,752,none
2026-08-06T17:31:33.979937,239,1,person,0.9325,1503.8,9.0,1920.0,1069.7,1711,539,none
2026-08-06T17:31:34.041510,240,2,person,0.9139,583.1,428.7,1387.2,1074.3,985,751,none
2026-08-06T17:31:34.043062,240,1,person,0.9368,1507.4,7.7,1920.0,1069.6,1713,538,none
2026-08-06T17:31:34.111154,241,2,person,0.9098,576.3,427.5,1383.9,1074.6,980,751,none
2026-08-06T17:31:34.112538,241,1,person,0.941,1511.9,7.9,1920.0,1068.9,1715,538,none
2026-08-06T17:31:34.171590,242,2,person,0.9074,572.3,426.9,1382.1,1074.8,977,750,none
2026-08-06T17:31:34.173532,242,1,person,0.9388,1516.4,9.1,1920.0,1068.4,1718,538,none
2026-08-06T17:31:34.242887,243,2,person,0.9048,565.8,427.6,1377.4,1075.5,971,751,none
2026-08-06T17:31:34.244763,243,1,person,0.9355,1520.3,9.4,1920.0,1068.3,1720,538,none
2026-08-06T17:31:34.303655,244,2,person,0.9006,558.5,427.9,1372.0,1075.9,965,751,none
2026-08-06T17:31:34.305236,244,1,person,0.9322,1524.0,8.9,1920.0,1067.9,1722,538,none
2026-08-06T17:31:34.377316,245,2,person,0.8958,551.0,428.3,1366.6,1076.1,958,752,none
2026-08-06T17:31:34.379024,245,1,person,0.9319,1527.3,7.2,1920.0,1068.2,1723,537,none
2026-08-06T17:31:34.441791,246,2,person,0.9042,541.6,428.9,1358.9,1076.1,950,752,none
2026-08-06T17:31:34.443704,246,1,person,0.9282,1532.9,5.6,1920.0,1068.7,1726,537,none
2026-08-06T17:31:34.511476,247,2,person,0.9087,535.7,429.3,1354.2,1075.8,944,752,none
2026-08-06T17:31:34.512842,247,1,person,0.9235,1541.5,2.2,1920.0,1069.5,1730,535,none
2026-08-06T17:31:34.575323,248,2,person,0.9098,530.2,430.0,1349.9,1075.5,940,752,none
2026-08-06T17:31:34.577198,248,1,person,0.8917,1552.4,2.6,1920.0,1069.6,1736,536,none
2026-08-06T17:31:34.645582,249,2,person,0.9046,524.1,430.2,1345.5,1075.3,934,752,none
2026-08-06T17:31:34.647128,249,1,person,0.9011,1565.9,2.1,1920.0,1071.3,1742,536,none
2026-08-06T17:31:34.704497,250,2,person,0.9057,517.5,429.8,1341.6,1075.2,929,752,none
2026-08-06T17:31:34.706417,250,1,person,0.8944,1579.7,4.0,1920.0,1071.0,1749,537,none
2026-08-06T17:31:34.776602,251,2,person,0.9063,511.5,428.7,1339.2,1075.3,925,751,none
2026-08-06T17:31:34.778208,251,1,person,0.9044,1594.3,4.4,1920.0,1070.2,1757,537,none
2026-08-06T17:31:34.836071,252,2,person,0.9092,506.5,426.9,1336.7,1074.8,921,750,none
2026-08-06T17:31:34.837625,252,1,person,0.8908,1604.9,6.3,1920.0,1066.6,1762,536,none
2026-08-06T17:31:34.909778,253,2,person,0.9077,502.0,425.1,1334.9,1074.7,918,749,none
2026-08-06T17:31:34.911716,253,1,person,0.8835,1614.4,10.9,1920.0,1067.2,1767,539,none
2026-08-06T17:31:34.971084,254,2,person,0.9152,495.6,424.0,1330.8,1075.1,913,749,none
2026-08-06T17:31:34.972906,254,1,person,0.8859,1622.4,22.6,1920.0,1067.4,1771,544,none
2026-08-06T17:31:35.042633,255,2,person,0.9285,487.5,422.2,1325.5,1075.1,906,748,none
2026-08-06T17:31:35.044647,255,1,person,0.8763,1627.3,43.2,1920.0,1067.7,1773,555,none
2026-08-06T17:31:35.107139,256,2,person,0.928,477.6,421.5,1315.7,1074.4,896,747,none
2026-08-06T17:31:35.108640,256,1,person,0.8923,1629.6,71.9,1920.0,1068.6,1774,570,none
2026-08-06T17:31:35.177544,257,2,person,0.9282,469.7,420.8,1308.5,1074.6,889,747,none
2026-08-06T17:31:35.178833,257,1,person,0.904,1632.3,104.3,1920.0,1069.1,1776,586,none
2026-08-06T17:31:35.238976,258,2,person,0.9176,468.1,420.8,1305.1,1074.3,886,747,none
2026-08-06T17:31:35.240866,258,1,person,0.9037,1636.4,128.9,1920.0,1068.7,1778,598,none
2026-08-06T17:31:35.310170,259,2,person,0.9272,469.0,420.6,1304.0,1074.6,886,747,none
2026-08-06T17:31:35.311956,259,1,person,0.8939,1641.0,140.4,1920.0,1069.3,1780,604,none
2026-08-06T17:31:35.375672,260,2,person,0.9255,464.4,420.7,1298.0,1074.8,881,747,none
2026-08-06T17:31:35.377779,260,1,person,0.8948,1646.9,150.8,1920.0,1069.9,1783,610,none
2026-08-06T17:31:35.442332,261,2,person,0.9207,462.5,420.6,1294.2,1074.8,878,747,none
2026-08-06T17:31:35.443764,261,1,person,0.8996,1654.0,153.0,1920.0,1069.1,1787,611,none
2026-08-06T17:31:35.508764,262,2,person,0.9232,459.3,420.8,1290.0,1075.2,874,747,none
2026-08-06T17:31:35.510798,262,1,person,0.8931,1659.2,147.6,1920.0,1069.3,1789,608,none
2026-08-06T17:31:35.574686,263,2,person,0.9241,457.2,420.6,1286.6,1075.0,871,747,none
2026-08-06T17:31:35.576236,263,1,person,0.8907,1662.5,136.8,1920.0,1067.5,1791,602,none
2026-08-06T17:31:35.658676,264,2,person,0.9213,457.9,420.4,1285.9,1074.9,871,747,none
2026-08-06T17:31:35.659949,264,1,person,0.8894,1663.8,123.1,1920.0,1067.2,1791,595,none
2026-08-06T17:31:35.748804,265,2,person,0.922,455.1,420.2,1282.4,1075.1,868,747,none
2026-08-06T17:31:35.749993,265,1,person,0.9032,1664.7,103.6,1920.0,1067.7,1792,585,none
2026-08-06T17:31:35.811163,266,2,person,0.926,448.9,420.7,1275.7,1074.7,862,747,none
2026-08-06T17:31:35.812541,266,1,person,0.9023,1667.4,93.1,1920.0,1068.7,1793,580,none
2026-08-06T17:31:35.875113,267,2,person,0.9248,444.8,420.2,1273.2,1074.6,859,747,none
2026-08-06T17:31:35.876836,267,1,person,0.8883,1669.7,80.7,1920.0,1069.0,1794,574,none
2026-08-06T17:31:35.939031,268,2,person,0.9211,443.0,419.7,1274.2,1074.6,858,747,none
2026-08-06T17:31:35.940961,268,1,person,0.8851,1671.1,70.8,1920.0,1068.8,1795,569,none
2026-08-06T17:31:36.012467,269,2,person,0.9264,450.1,420.8,1282.9,1075.2,866,747,none
2026-08-06T17:31:36.014010,269,1,person,0.8944,1671.1,58.9,1920.0,1068.9,1795,563,none
2026-08-06T17:31:36.072518,270,2,person,0.9009,452.1,427.5,1277.3,1075.3,864,751,none
2026-08-06T17:31:36.074334,270,1,person,0.8868,1667.7,43.2,1920.0,1067.9,1793,555,none
2026-08-06T17:31:36.143092,271,2,person,0.8874,466.7,437.5,1279.3,1075.1,872,756,none
2026-08-06T17:31:36.145139,271,1,person,0.8853,1663.2,26.5,1920.0,1068.1,1791,547,none
2026-08-06T17:31:36.204810,272,2,person,0.8859,494.5,446.8,1296.7,1074.9,895,760,none
2026-08-06T17:31:36.206678,272,1,person,0.8956,1656.0,10.4,1920.0,1068.0,1788,539,none
2026-08-06T17:31:36.276150,273,2,person,0.8946,521.4,453.4,1320.5,1076.8,920,765,none
2026-08-06T17:31:36.277824,273,1,person,0.8962,1647.4,3.7,1920.0,1067.4,1783,535,none
2026-08-06T17:31:36.336867,274,2,person,0.8941,548.4,461.6,1340.7,1076.7,944,769,none
2026-08-06T17:31:36.338421,274,1,person,0.9019,1636.9,0.6,1914.3,1066.9,1775,533,none
2026-08-06T17:31:36.411999,275,2,person,0.9132,569.1,469.0,1358.6,1076.8,963,772,none
2026-08-06T17:31:36.413553,275,1,person,0.9061,1622.2,0.1,1904.4,1068.1,1763,534,none
2026-08-06T17:31:36.470044,276,2,person,0.9035,574.0,473.0,1363.8,1076.9,968,774,none
2026-08-06T17:31:36.471770,276,1,person,0.918,1610.6,1.7,1897.3,1066.6,1753,534,none
2026-08-06T17:31:36.545147,277,2,person,0.8907,569.1,473.8,1363.2,1077.2,966,775,none
2026-08-06T17:31:36.546750,277,1,person,0.9295,1597.9,1.2,1891.2,1066.5,1744,533,none
2026-08-06T17:31:36.645933,278,2,person,0.8907,531.0,466.4,1331.0,1076.4,930,771,none
2026-08-06T17:31:36.647421,278,1,person,0.9383,1583.9,1.8,1884.9,1066.5,1734,534,none
2026-08-06T17:31:36.712068,279,2,person,0.8751,495.6,456.3,1300.4,1074.8,897,765,none
2026-08-06T17:31:36.713473,279,1,person,0.9384,1570.4,1.9,1880.2,1067.2,1725,534,none
2026-08-06T17:31:36.775958,280,2,person,0.8338,472.0,442.2,1288.5,1073.0,880,757,none
2026-08-06T17:31:36.778068,280,1,person,0.9347,1560.8,1.9,1878.9,1066.7,1719,534,none
2026-08-06T17:31:36.840415,281,2,person,0.8963,458.7,428.0,1291.2,1072.6,874,750,none
2026-08-06T17:31:36.842075,281,1,person,0.9133,1550.5,2.9,1876.7,1064.4,1713,533,none
2026-08-06T17:31:36.909620,282,2,person,0.921,435.4,414.8,1281.2,1071.3,858,743,none
2026-08-06T17:31:36.911413,282,1,person,0.9361,1543.3,3.5,1877.7,1064.7,1710,534,none
2026-08-06T17:31:36.973101,283,2,person,0.9256,404.0,406.8,1259.5,1072.0,831,739,none
2026-08-06T17:31:36.974923,283,1,person,0.926,1536.4,3.4,1879.3,1066.5,1707,534,none
2026-08-06T17:31:37.043125,284,2,person,0.9196,377.9,402.4,1237.3,1072.7,807,737,none
2026-08-06T17:31:37.044908,284,1,person,0.9297,1532.7,3.5,1882.9,1067.5,1707,535,none
2026-08-06T17:31:37.107580,285,2,person,0.9179,356.3,400.4,1216.1,1074.2,786,737,none
2026-08-06T17:31:37.109037,285,1,person,0.9223,1533.3,4.4,1888.1,1065.1,1710,534,none
2026-08-06T17:31:37.178862,286,2,person,0.9151,339.1,402.7,1195.7,1076.4,767,739,none
2026-08-06T17:31:37.180246,286,1,person,0.8408,1545.6,5.8,1900.7,1061.3,1723,533,none
2026-08-06T17:31:37.242289,287,2,person,0.9144,327.6,403.0,1181.7,1075.9,754,739,none
2026-08-06T17:31:37.244181,287,1,person,0.8183,1577.7,4.8,1920.0,1067.4,1748,536,none
2026-08-06T17:31:37.310048,288,2,person,0.9085,324.7,404.7,1174.5,1075.4,749,740,none
2026-08-06T17:31:37.311705,288,1,person,0.7613,1606.9,3.5,1920.0,1071.1,1763,537,none
2026-08-06T17:31:37.370050,289,2,person,0.9133,328.4,411.4,1169.4,1075.8,748,743,none
2026-08-06T17:31:37.371703,289,1,person,0.6578,1657.0,3.4,1920.0,1065.3,1788,534,none
2026-08-06T17:31:37.445610,290,2,person,0.9141,326.7,415.9,1158.8,1074.9,742,745,none
2026-08-06T17:31:37.508842,291,2,person,0.9147,332.5,424.9,1151.9,1075.6,742,750,none
2026-08-06T17:31:37.577487,292,2,person,0.9156,336.4,429.6,1147.1,1075.2,741,752,none
2026-08-06T17:31:37.640201,293,2,person,0.9072,339.6,434.2,1142.3,1074.9,740,754,none
2026-08-06T17:31:37.711893,294,2,person,0.9158,339.2,438.3,1135.4,1075.0,737,756,none
2026-08-06T17:31:37.770076,295,2,person,0.9171,337.6,441.4,1128.7,1075.2,733,758,none
2026-08-06T17:31:37.844818,296,2,person,0.9155,337.8,445.0,1122.5,1075.2,730,760,none
2026-08-06T17:31:37.902485,297,2,person,0.9287,345.1,447.0,1127.2,1075.0,736,761,none
2026-08-06T17:31:37.975372,298,2,person,0.9286,355.2,447.9,1138.5,1074.9,746,761,none
2026-08-06T17:31:38.042586,299,2,person,0.9252,361.1,447.3,1146.3,1075.2,753,761,none
2026-08-06T17:31:38.109689,300,2,person,0.9084,368.9,447.9,1153.4,1075.2,761,761,none
2026-08-06T17:31:38.175794,301,2,person,0.7115,481.7,450.0,1299.1,1076.1,890,763,none
2026-08-06T17:31:38.177858,301,4,person,0.7959,1427.5,54.1,1808.3,1067.4,1617,560,none
2026-08-06T17:31:38.242454,302,2,person,0.9065,383.7,452.5,1183.6,1076.0,783,764,none
2026-08-06T17:31:38.244329,302,1,person,0.8401,1683.9,19.6,1920.0,1069.0,1801,544,none
2026-08-06T17:31:38.323076,303,2,person,0.8931,352.5,454.2,1137.7,1076.0,745,765,none
2026-08-06T17:31:38.324425,303,1,person,0.8836,1673.1,21.0,1920.0,1068.7,1796,544,none
2026-08-06T17:31:38.417261,304,2,person,0.8875,345.0,454.7,1119.3,1076.2,732,765,none
2026-08-06T17:31:38.418528,304,1,person,0.9049,1649.6,20.5,1920.0,1068.5,1784,544,none
2026-08-06T17:31:38.512399,305,2,person,0.8567,351.6,454.7,1116.9,1075.3,734,765,none
2026-08-06T17:31:38.513834,305,1,person,0.9151,1620.3,17.1,1910.2,1068.2,1765,542,none
2026-08-06T17:31:38.577670,306,2,person,0.8546,357.3,454.7,1114.3,1075.0,735,764,none
2026-08-06T17:31:38.579117,306,1,person,0.9297,1595.4,20.2,1893.9,1067.6,1744,543,none
2026-08-06T17:31:38.642840,307,2,person,0.8235,370.1,455.6,1116.1,1074.5,743,765,none
2026-08-06T17:31:38.644836,307,1,person,0.9293,1579.0,28.0,1885.7,1068.7,1732,548,none
2026-08-06T17:31:38.702934,308,2,person,0.7875,397.9,456.0,1136.4,1074.3,767,765,none
2026-08-06T17:31:38.704527,308,1,person,0.9206,1565.3,37.0,1880.2,1069.2,1722,553,none
2026-08-06T17:31:38.775007,309,2,person,0.8563,435.0,455.7,1172.5,1073.5,803,764,none
2026-08-06T17:31:38.776642,309,1,person,0.929,1554.2,41.1,1878.2,1069.9,1716,555,none
2026-08-06T17:31:38.841651,310,2,person,0.845,471.3,454.9,1205.2,1073.2,838,764,none
2026-08-06T17:31:38.843101,310,1,person,0.9276,1545.9,42.4,1878.8,1069.9,1712,556,none
2026-08-06T17:31:38.910471,311,2,person,0.8479,501.8,453.6,1230.9,1072.9,866,763,none
2026-08-06T17:31:38.912129,311,1,person,0.9259,1538.2,40.5,1880.4,1069.8,1709,555,none
2026-08-06T17:31:38.972338,312,2,person,0.8649,532.8,453.5,1253.7,1073.3,893,763,none
2026-08-06T17:31:38.974467,312,1,person,0.9303,1530.5,37.0,1881.8,1069.3,1706,553,none
2026-08-06T17:31:39.042844,313,2,person,0.8578,541.4,451.9,1261.4,1074.9,901,763,none
2026-08-06T17:31:39.044692,313,1,person,0.9299,1523.6,28.1,1884.8,1068.8,1704,548,none
2026-08-06T17:31:39.108001,314,2,person,0.8624,552.8,450.9,1272.0,1075.6,912,763,none
2026-08-06T17:31:39.109396,314,1,person,0.9301,1518.3,24.2,1887.3,1068.3,1702,546,none
2026-08-06T17:31:39.176943,315,2,person,0.8432,564.5,449.3,1283.1,1076.0,923,762,none
2026-08-06T17:31:39.178910,315,1,person,0.9285,1514.0,21.7,1889.8,1068.1,1701,544,none
2026-08-06T17:31:39.238551,316,2,person,0.8489,570.1,448.2,1288.8,1076.1,929,762,none
2026-08-06T17:31:39.240530,316,1,person,0.9253,1510.6,16.8,1893.1,1067.9,1701,542,none
2026-08-06T17:31:39.311246,317,2,person,0.8637,572.0,445.5,1291.7,1075.2,931,760,none
2026-08-06T17:31:39.312855,317,1,person,0.9202,1509.6,12.0,1897.7,1068.0,1703,539,none
2026-08-06T17:31:39.371878,318,2,person,0.8848,582.1,441.8,1302.3,1074.7,942,758,none
2026-08-06T17:31:39.373876,318,1,person,0.9233,1508.7,8.8,1901.1,1067.6,1704,538,none
2026-08-06T17:31:39.445028,319,2,person,0.8798,584.6,438.3,1306.6,1074.3,945,756,none
2026-08-06T17:31:39.446420,319,1,person,0.9242,1510.5,7.3,1905.6,1067.3,1708,537,none
2026-08-06T17:31:39.507154,320,2,person,0.8845,587.8,434.1,1312.3,1074.2,950,754,none
2026-08-06T17:31:39.508866,320,1,person,0.9251,1513.9,5.9,1911.0,1068.6,1712,537,none
2026-08-06T17:31:39.577044,321,2,person,0.8825,586.1,430.7,1313.3,1074.3,949,752,none
2026-08-06T17:31:39.578686,321,1,person,0.9294,1519.2,5.0,1916.8,1069.8,1718,537,none
2026-08-06T17:31:39.638603,322,2,person,0.883,584.1,426.1,1313.9,1073.1,948,749,none
2026-08-06T17:31:39.640576,322,1,person,0.9224,1528.1,6.6,1920.0,1066.6,1724,536,none
2026-08-06T17:31:39.712341,323,2,person,0.8862,562.3,420.9,1301.8,1074.1,932,747,none
2026-08-06T17:31:39.713846,323,1,person,0.928,1537.8,7.6,1920.0,1066.1,1728,536,none
2026-08-06T17:31:39.772586,324,2,person,0.8725,556.9,414.2,1303.5,1073.5,930,743,none
2026-08-06T17:31:39.774482,324,1,person,0.9397,1550.4,11.3,1920.0,1065.1,1735,538,none
2026-08-06T17:31:39.845320,325,2,person,0.9085,533.9,408.1,1292.5,1074.0,913,741,none
2026-08-06T17:31:39.846764,325,1,person,0.9233,1550.5,19.7,1920.0,1063.1,1735,541,none
2026-08-06T17:31:39.906471,326,2,person,0.9081,519.2,402.3,1288.4,1074.4,903,738,none
2026-08-06T17:31:39.908356,326,1,person,0.8963,1570.1,44.8,1920.0,1066.5,1745,555,none
2026-08-06T17:31:39.978227,327,2,person,0.9102,502.1,395.6,1283.7,1074.7,892,735,none
2026-08-06T17:31:39.979679,327,1,person,0.9072,1579.7,68.5,1920.0,1067.6,1749,568,none
2026-08-06T17:31:40.039229,328,2,person,0.9161,486.9,387.2,1281.5,1074.6,884,730,none
2026-08-06T17:31:40.041110,328,1,person,0.9186,1584.3,85.4,1920.0,1068.4,1752,576,none
2026-08-06T17:31:40.109887,329,2,person,0.9223,469.4,378.5,1277.5,1074.6,873,726,none
2026-08-06T17:31:40.111945,329,1,person,0.9253,1588.6,94.9,1920.0,1067.4,1754,581,none
2026-08-06T17:31:40.173820,330,2,person,0.9193,453.2,369.3,1274.7,1074.5,863,721,none
2026-08-06T17:31:40.175371,330,1,person,0.912,1592.9,99.0,1920.0,1067.5,1756,583,none
2026-08-06T17:31:40.247922,331,2,person,0.9218,432.7,360.2,1269.6,1075.4,851,717,none
2026-08-06T17:31:40.249349,331,1,person,0.9216,1598.4,101.2,1920.0,1069.5,1759,585,none
2026-08-06T17:31:40.361548,332,2,person,0.9189,413.4,353.3,1263.9,1075.8,838,714,none
2026-08-06T17:31:40.363741,332,1,person,0.9076,1601.0,101.5,1920.0,1069.9,1760,585,none
2026-08-06T17:31:40.444412,333,2,person,0.917,395.0,348.6,1257.6,1077.1,826,712,none
2026-08-06T17:31:40.446285,333,1,person,0.9251,1591.0,103.0,1920.0,1070.3,1755,586,none
2026-08-06T17:31:40.511120,334,2,person,0.9148,383.6,346.4,1253.1,1077.1,818,711,none
2026-08-06T17:31:40.512853,334,1,person,0.9283,1579.8,104.5,1913.2,1070.4,1746,587,none
2026-08-06T17:31:40.576499,335,2,person,0.9162,376.0,345.4,1250.7,1077.1,813,711,none
2026-08-06T17:31:40.578596,335,1,person,0.9316,1571.2,109.1,1906.1,1069.2,1738,589,none
2026-08-06T17:31:40.640953,336,2,person,0.9201,372.1,344.5,1251.1,1077.1,811,710,none
2026-08-06T17:31:40.642460,336,1,person,0.9186,1564.4,117.1,1900.7,1068.5,1732,592,none
2026-08-06T17:31:40.713279,337,2,person,0.9194,369.9,344.3,1252.2,1077.0,811,710,none
2026-08-06T17:31:40.714896,337,1,person,0.9186,1560.2,129.9,1897.0,1068.5,1728,599,none
2026-08-06T17:31:40.816309,338,2,person,0.9121,365.2,345.6,1249.5,1077.1,807,711,none
2026-08-06T17:31:40.817592,338,1,person,0.9271,1561.9,146.6,1897.8,1070.6,1729,608,none
2026-08-07T10:50:12.023597,1,1,person,0.8946,1429.5,1.4,1918.3,1062.8,1673,532,none
2026-08-07T10:50:12.028795,1,2,person,0.8668,596.4,509.0,1349.4,1075.7,972,792,none
2026-08-07T10:50:12.029616,1,3,person,0.8506,485.0,845.8,630.1,1080.0,557,962,none
2026-08-07T10:50:12.392652,2,1,person,0.8912,1436.3,3.9,1920.0,1063.6,1678,533,none
2026-08-07T10:50:12.394005,2,2,person,0.9038,593.9,508.8,1346.5,1075.2,970,792,none
2026-08-07T10:50:12.394700,2,3,person,0.7929,485.2,870.3,615.0,1080.0,550,975,none
2026-08-07T10:50:12.475371,3,1,person,0.899,1438.2,5.1,1920.0,1063.5,1679,534,none
2026-08-07T10:50:12.476608,3,2,person,0.8994,592.9,508.2,1346.5,1075.4,969,791,none
2026-08-07T10:50:12.477244,3,3,person,0.7884,486.0,876.2,612.0,1080.0,548,978,none
2026-08-07T10:50:12.576403,4,1,person,0.9046,1438.7,4.3,1920.0,1063.7,1679,533,none
2026-08-07T10:50:12.577721,4,2,person,0.8979,592.6,507.9,1346.2,1075.1,969,791,none
2026-08-07T10:50:12.578421,4,3,person,0.7851,486.2,877.6,611.1,1080.0,548,978,none
2026-08-07T10:50:12.676182,5,1,person,0.8985,1438.8,4.2,1920.0,1062.6,1679,533,none
2026-08-07T10:50:12.677390,5,2,person,0.9096,592.2,507.4,1346.6,1075.4,969,791,none
2026-08-07T10:50:12.678045,5,3,person,0.7856,486.4,878.3,610.6,1080.0,548,979,none
2026-08-07T10:50:12.678633,5,4,person,0.5032,0.0,861.9,105.0,1080.0,52,970,none
2026-08-07T10:50:12.773279,6,1,person,0.907,1438.8,3.6,1920.0,1062.2,1679,532,none
2026-08-07T10:50:12.774632,6,2,person,0.9109,592.5,507.4,1347.0,1075.7,969,791,none
2026-08-07T10:50:12.775336,6,3,person,0.7879,486.7,879.0,610.3,1080.0,548,979,none
2026-08-07T10:50:12.775947,6,4,person,0.4673,0.0,860.1,104.5,1078.7,52,969,none
2026-08-07T10:50:12.847044,7,1,person,0.9061,1438.7,2.9,1920.0,1062.0,1679,532,none
2026-08-07T10:50:12.848560,7,2,person,0.9051,593.2,507.3,1347.5,1075.7,970,791,none
2026-08-07T10:50:12.849277,7,3,person,0.7832,486.9,879.2,610.1,1080.0,548,979,none
2026-08-07T10:50:12.945701,8,1,person,0.9009,1439.7,2.9,1920.0,1063.1,1679,533,none
2026-08-07T10:50:12.947229,8,2,person,0.8964,593.2,507.1,1347.4,1075.6,970,791,none
2026-08-07T10:50:12.947880,8,3,person,0.7828,487.0,879.2,610.0,1080.0,548,979,none
2026-08-07T10:50:12.948462,8,4,person,0.4077,0.0,851.5,106.4,1077.0,53,964,none
2026-08-07T10:50:13.042746,9,1,person,0.8703,1439.1,3.3,1920.0,1063.9,1679,533,none
2026-08-07T10:50:13.044004,9,2,person,0.8942,592.8,507.0,1346.9,1075.7,969,791,none
2026-08-07T10:50:13.044663,9,3,person,0.7702,487.4,879.3,610.1,1080.0,548,979,none
2026-08-07T10:50:13.045256,9,4,person,0.4146,0.0,849.2,107.5,1076.3,53,962,none
2026-08-07T10:50:13.143461,10,1,person,0.8846,1443.9,2.1,1920.0,1064.1,1681,533,none
2026-08-07T10:50:13.144597,10,2,person,0.9043,593.2,507.6,1346.6,1075.9,969,791,none
2026-08-07T10:50:13.145210,10,3,person,0.7699,487.4,879.1,610.0,1080.0,548,979,none
2026-08-07T10:50:13.145778,10,4,person,0.4062,0.9,848.6,109.4,1073.5,55,961,none
2026-08-07T10:50:13.240182,11,1,person,0.8371,1438.3,1.1,1920.0,1065.7,1679,533,none
2026-08-07T10:50:13.241392,11,2,person,0.8906,593.3,507.7,1346.1,1075.6,969,791,none
2026-08-07T10:50:13.242044,11,3,person,0.777,487.4,878.9,609.9,1080.0,548,979,none
2026-08-07T10:50:13.242619,11,4,person,0.4419,2.5,848.7,110.6,1072.2,56,960,none
2026-08-07T10:50:13.335169,12,1,person,0.8211,1430.3,0.3,1916.4,1066.8,1673,533,none
2026-08-07T10:50:13.336583,12,2,person,0.8903,593.3,508.0,1345.5,1075.6,969,791,none
2026-08-07T10:50:13.337330,12,3,person,0.7696,487.6,879.0,609.9,1080.0,548,979,none
2026-08-07T10:50:13.337977,12,4,person,0.4531,3.0,848.8,111.1,1071.3,57,960,none
2026-08-07T10:50:13.414708,13,1,person,0.8037,1425.2,0.0,1912.9,1066.9,1669,533,none
2026-08-07T10:50:13.415928,13,2,person,0.8893,594.3,508.0,1345.8,1075.1,970,791,none
2026-08-07T10:50:13.416598,13,3,person,0.7725,487.8,878.9,609.9,1080.0,548,979,none
2026-08-07T10:50:13.417184,13,4,person,0.4243,2.8,848.9,110.7,1070.4,56,959,none
2026-08-07T10:50:13.513804,14,1,person,0.7404,1425.1,0.2,1913.3,1066.8,1669,533,none
2026-08-07T10:50:13.515062,14,2,person,0.8754,593.9,507.1,1347.4,1076.2,970,791,none
2026-08-07T10:50:13.515771,14,3,person,0.7733,487.9,879.2,609.7,1080.0,548,979,none
2026-08-07T10:50:13.516390,14,4,person,0.458,2.1,848.0,110.6,1070.1,56,959,none
2026-08-07T10:50:13.607926,15,1,person,0.8604,1432.3,0.0,1920.0,1067.6,1676,533,none
2026-08-07T10:50:13.609115,15,2,person,0.9098,604.5,522.1,1340.0,1076.3,972,799,none
2026-08-07T10:50:13.609766,15,3,person,0.7833,491.1,894.4,605.0,1080.0,548,987,none
2026-08-07T10:50:13.677686,16,1,person,0.7168,1445.6,5.8,1920.0,1067.1,1682,536,none
2026-08-07T10:50:13.678878,16,2,person,0.9099,616.8,537.7,1334.7,1076.7,975,807,none
2026-08-07T10:50:13.679511,16,3,person,0.8015,496.4,914.5,600.5,1080.0,548,997,none
2026-08-07T10:50:13.780441,17,1,person,0.7895,1463.8,10.2,1920.0,1067.4,1691,538,none
2026-08-07T10:50:13.781609,17,2,person,0.885,639.3,542.2,1353.5,1077.3,996,809,none
2026-08-07T10:50:13.782229,17,3,person,0.784,519.2,917.3,623.4,1080.0,571,998,none
2026-08-07T10:50:13.878531,18,1,person,0.6826,1489.5,12.5,1920.0,1068.5,1704,540,none
2026-08-07T10:50:13.879825,18,2,person,0.8926,699.8,555.6,1400.9,1077.7,1050,816,none
2026-08-07T10:50:13.975759,19,1,person,0.6756,1537.9,68.2,1920.0,1068.6,1728,568,none
2026-08-07T10:50:13.977055,19,2,person,0.8894,790.9,575.6,1470.2,1077.3,1130,826,none
2026-08-07T10:50:13.977774,19,6,person,0.8836,48.4,666.5,280.5,1072.5,164,869,none
2026-08-07T10:50:14.078224,20,2,person,0.7032,895.0,573.4,1581.1,1075.5,1238,824,none
2026-08-07T10:50:14.079519,20,6,person,0.9059,107.3,677.5,337.4,1071.4,222,874,none
2026-08-07T10:50:14.174851,21,2,person,0.7176,968.0,568.1,1660.9,1074.7,1314,821,none
2026-08-07T10:50:14.176124,21,6,person,0.9049,163.8,687.0,399.3,1072.8,281,879,none
2026-08-07T10:50:14.274419,22,2,person,0.7344,1026.3,553.0,1739.6,1075.5,1382,814,none
2026-08-07T10:50:14.275603,22,6,person,0.8891,231.3,670.8,486.9,1070.9,359,870,none
2026-08-07T10:50:14.276343,22,10,person,0.5092,1133.2,395.4,1826.0,1075.2,1479,735,none
2026-08-07T10:50:14.350613,23,2,person,0.8649,1102.1,539.4,1841.7,1074.2,1471,806,none
2026-08-07T10:50:14.351850,23,6,person,0.8877,277.8,652.1,557.5,1070.8,417,861,none
2026-08-07T10:50:14.446613,24,2,person,0.9078,1149.1,529.1,1904.5,1075.2,1526,802,none
2026-08-07T10:50:14.447846,24,6,person,0.8893,357.1,641.1,656.2,1071.4,506,856,none
2026-08-07T10:50:14.545689,25,2,person,0.9195,1184.6,522.0,1920.0,1074.0,1552,798,none
2026-08-07T10:50:14.546840,25,6,person,0.9081,423.5,624.1,746.2,1072.4,584,848,none
2026-08-07T10:50:14.643780,26,2,person,0.9201,1194.1,508.3,1920.0,1073.5,1557,790,none
2026-08-07T10:50:14.644994,26,6,person,0.9128,451.5,615.9,791.3,1073.1,621,844,none
2026-08-07T10:50:14.743376,27,2,person,0.9189,1201.5,505.9,1920.0,1073.6,1560,789,none
2026-08-07T10:50:14.744587,27,6,person,0.9103,455.2,613.7,807.3,1072.9,631,843,none
2026-08-07T10:50:14.846606,28,2,person,0.9253,1214.7,520.0,1920.0,1073.2,1567,796,none
2026-08-07T10:50:14.847867,28,6,person,0.9039,452.1,627.1,805.5,1071.9,628,849,none
2026-08-07T10:50:14.940990,29,2,person,0.9288,1219.2,527.0,1920.0,1073.2,1569,800,none
2026-08-07T10:50:14.942309,29,6,person,0.9026,445.7,633.9,805.9,1072.2,625,853,none
2026-08-07T10:50:15.011159,30,2,person,0.9337,1215.9,522.4,1920.0,1073.0,1567,797,none
2026-08-07T10:50:15.012460,30,6,person,0.8955,435.9,629.9,809.5,1071.4,622,850,none
2026-08-07T10:50:15.112657,31,2,person,0.9321,1214.7,520.9,1920.0,1072.8,1567,796,none
2026-08-07T10:50:15.113832,31,6,person,0.8964,428.6,630.4,812.0,1071.4,620,850,none
2026-08-07T10:50:15.208963,32,2,person,0.9389,1189.9,485.8,1920.0,1071.5,1554,778,none
2026-08-07T10:50:15.210217,32,6,person,0.9236,405.5,597.3,826.0,1073.4,615,835,none
2026-08-07T10:50:15.306035,33,2,person,0.9471,1175.6,463.6,1920.0,1070.9,1547,767,none
2026-08-07T10:50:15.307227,33,6,person,0.924,395.4,588.2,832.0,1074.4,613,831,none
2026-08-07T10:50:15.379566,34,2,person,0.944,1153.7,429.1,1920.0,1070.3,1536,749,none
2026-08-07T10:50:15.380762,34,6,person,0.9272,378.6,563.6,842.7,1075.4,610,819,none
2026-08-07T10:50:15.478403,35,2,person,0.9371,1112.1,351.1,1920.0,1069.6,1516,710,none
2026-08-07T10:50:15.479573,35,6,person,0.9216,361.9,496.3,860.3,1045.1,611,770,none
2026-08-07T10:50:15.579066,36,2,person,0.9328,1087.3,285.7,1920.0,1060.4,1503,673,none
2026-08-07T10:50:15.580218,36,6,person,0.9194,353.8,432.9,868.2,999.0,611,715,none
2026-08-07T10:50:15.677969,37,2,person,0.9264,1082.9,262.3,1920.0,1060.1,1501,661,none
2026-08-07T10:50:15.679170,37,6,person,0.9262,348.2,408.0,872.5,985.4,610,696,none
2026-08-07T10:50:15.776271,38,2,person,0.9275,1088.6,250.5,1920.0,1056.9,1504,653,none
2026-08-07T10:50:15.777548,38,6,person,0.9279,345.0,392.1,872.8,973.7,608,682,none
2026-08-07T10:50:15.878264,39,2,person,0.9258,1097.0,252.1,1920.0,1060.4,1508,656,none
2026-08-07T10:50:15.879567,39,6,person,0.942,336.2,392.5,868.9,979.2,602,685,none
2026-08-07T10:50:15.975629,40,2,person,0.9254,1110.3,268.3,1920.0,1066.2,1515,667,none
2026-08-07T10:50:15.976988,40,6,person,0.9351,328.4,403.4,863.5,991.4,595,697,none
2026-08-07T10:50:16.075429,41,2,person,0.9316,1122.0,273.4,1920.0,1067.5,1521,670,none
2026-08-07T10:50:16.076739,41,6,person,0.9271,329.1,406.1,864.9,993.5,596,699,none
2026-08-07T10:50:16.175271,42,2,person,0.9318,1131.6,277.4,1920.0,1069.0,1525,673,none
2026-08-07T10:50:16.176543,42,6,person,0.9263,329.8,409.5,866.1,996.4,597,702,none
2026-08-07T10:50:16.274630,43,2,person,0.932,1142.8,288.0,1920.0,1069.6,1531,678,none
2026-08-07T10:50:16.275838,43,6,person,0.923,328.8,419.0,867.0,1007.4,597,713,none
2026-08-07T10:50:16.352611,44,2,person,0.9293,1150.6,294.5,1920.0,1070.1,1535,682,none
2026-08-07T10:50:16.353989,44,6,person,0.9209,328.4,423.7,866.6,1011.5,597,717,none
2026-08-07T10:50:16.448681,45,2,person,0.9372,1158.0,303.3,1920.0,1070.8,1538,687,none
2026-08-07T10:50:16.449952,45,6,person,0.9254,327.1,434.7,864.8,1021.4,595,728,none
2026-08-07T10:50:16.545166,46,2,person,0.937,1164.8,312.2,1920.0,1071.4,1542,691,none
2026-08-07T10:50:16.546394,46,6,person,0.9314,324.7,442.6,863.7,1030.3,594,736,none
2026-08-07T10:50:16.641678,47,2,person,0.9412,1169.5,316.9,1920.0,1071.5,1544,694,none
2026-08-07T10:50:16.643046,47,6,person,0.9341,323.1,445.7,863.1,1034.2,593,739,none
2026-08-07T10:50:16.748880,48,2,person,0.9408,1172.0,317.3,1920.0,1071.5,1546,694,none
2026-08-07T10:50:16.750184,48,6,person,0.9306,323.0,447.0,863.3,1035.6,593,741,none
2026-08-07T10:50:16.846272,49,2,person,0.937,1173.8,316.9,1920.0,1071.6,1546,694,none
2026-08-07T10:50:16.847500,49,6,person,0.924,322.9,447.3,862.9,1035.3,592,741,none
2026-08-07T10:50:16.942731,50,2,person,0.938,1175.2,317.3,1920.0,1071.8,1547,694,none
2026-08-07T10:50:16.944060,50,6,person,0.9245,323.0,447.7,863.0,1035.4,593,741,none
2026-08-07T10:50:17.044073,51,2,person,0.9398,1177.2,317.8,1920.0,1071.5,1548,694,none
2026-08-07T10:50:17.045368,51,6,person,0.9242,322.6,447.8,862.7,1035.3,592,741,none
2026-08-07T10:50:17.144740,52,2,person,0.9361,1177.7,317.6,1920.0,1071.2,1548,694,none
2026-08-07T10:50:17.146035,52,6,person,0.927,322.0,447.7,862.7,1035.8,592,741,none
2026-08-07T10:50:17.243460,53,2,person,0.9374,1178.6,317.9,1920.0,1071.1,1549,694,none
2026-08-07T10:50:17.244694,53,6,person,0.9337,321.0,447.7,861.9,1036.0,591,741,none
2026-08-07T10:50:17.310815,54,2,person,0.9369,1179.8,317.8,1920.0,1070.9,1549,694,none
2026-08-07T10:50:17.311948,54,6,person,0.9346,319.7,447.8,861.1,1036.3,590,742,none
2026-08-07T10:50:17.375953,55,2,person,0.938,1182.1,319.0,1920.0,1071.1,1551,695,none
2026-08-07T10:50:17.377099,55,6,person,0.9275,318.6,448.2,861.4,1037.7,589,742,none
2026-08-07T10:50:17.442981,56,2,person,0.937,1183.3,319.5,1920.0,1071.3,1551,695,none
2026-08-07T10:50:17.444273,56,6,person,0.928,317.8,448.1,862.9,1040.3,590,744,none
2026-08-07T10:50:17.510226,57,2,person,0.9373,1184.1,319.4,1920.0,1071.3,1552,695,none
2026-08-07T10:50:17.511496,57,6,person,0.9278,316.8,447.7,863.0,1041.2,589,744,none
2026-08-07T10:50:17.611723,58,2,person,0.9385,1184.8,319.0,1920.0,1071.1,1552,695,none
2026-08-07T10:50:17.612962,58,6,person,0.9326,316.3,447.1,862.6,1040.9,589,743,none
2026-08-07T10:50:17.710216,59,2,person,0.9366,1185.4,319.1,1920.0,1071.2,1552,695,none
2026-08-07T10:50:17.711480,59,6,person,0.9301,316.6,447.3,863.1,1041.5,589,744,none
2026-08-07T10:50:17.809292,60,2,person,0.9368,1186.1,319.2,1920.0,1071.0,1553,695,none
2026-08-07T10:50:17.810543,60,6,person,0.9229,316.6,446.3,863.8,1041.7,590,744,none
2026-08-07T10:50:17.908009,61,2,person,0.9354,1186.7,319.5,1920.0,1071.0,1553,695,none
2026-08-07T10:50:17.909292,61,6,person,0.926,318.1,444.2,865.1,1039.9,591,742,none
2026-08-07T10:50:17.977617,62,2,person,0.9355,1187.5,320.0,1920.0,1071.1,1553,695,none
2026-08-07T10:50:17.978833,62,6,person,0.9281,319.0,443.4,865.1,1038.8,592,741,none
2026-08-07T10:50:18.043181,63,2,person,0.9347,1188.5,321.3,1920.0,1071.2,1554,696,none
2026-08-07T10:50:18.044360,63,6,person,0.9277,320.0,443.2,865.0,1038.0,592,740,none
2026-08-07T10:50:18.109212,64,2,person,0.9334,1189.1,322.0,1920.0,1071.3,1554,696,none
2026-08-07T10:50:18.110412,64,6,person,0.93,320.7,443.2,864.5,1037.4,592,740,none
2026-08-07T10:50:18.177634,65,2,person,0.9325,1189.6,322.5,1919.4,1071.3,1554,696,none
2026-08-07T10:50:18.178831,65,6,person,0.9287,321.4,443.3,864.6,1037.4,592,740,none
2026-08-07T10:50:18.243248,66,2,person,0.9311,1189.6,322.3,1918.7,1071.4,1554,696,none
2026-08-07T10:50:18.244565,66,6,person,0.9304,321.4,443.4,864.0,1037.4,592,740,none
2026-08-07T10:50:18.308533,67,2,person,0.9317,1189.1,321.6,1917.9,1071.1,1553,696,none
2026-08-07T10:50:18.309775,67,6,person,0.9271,321.8,443.3,864.5,1037.6,593,740,none
2026-08-07T10:50:18.377500,68,2,person,0.9336,1190.4,322.5,1917.8,1071.1,1554,696,none
2026-08-07T10:50:18.378755,68,6,person,0.9258,322.0,443.0,864.5,1037.2,593,740,none
2026-08-07T10:50:18.441829,69,2,person,0.9348,1190.9,322.8,1917.7,1071.2,1554,697,none
2026-08-07T10:50:18.443108,69,6,person,0.9252,321.6,442.8,864.0,1036.9,592,739,none
2026-08-07T10:50:18.523101,70,2,person,0.9344,1191.2,323.1,1917.5,1071.3,1554,697,none
2026-08-07T10:50:18.524569,70,6,person,0.9245,322.3,442.6,864.1,1036.5,593,739,none
2026-08-07T10:50:18.612904,71,2,person,0.9334,1191.5,323.1,1917.4,1071.2,1554,697,none
2026-08-07T10:50:18.614203,71,6,person,0.9198,322.2,442.2,863.8,1036.2,593,739,none
2026-08-07T10:50:18.708682,72,2,person,0.9331,1191.3,322.5,1917.4,1071.2,1554,696,none
2026-08-07T10:50:18.709900,72,6,person,0.9223,322.7,441.6,863.9,1035.3,593,738,none
2026-08-07T10:50:18.778435,73,2,person,0.9334,1191.3,322.5,1917.1,1071.2,1554,696,none
2026-08-07T10:50:18.779578,73,6,person,0.92,322.4,441.0,864.3,1035.6,593,738,none
2026-08-07T10:50:18.913958,74,2,person,0.935,1191.5,322.3,1917.0,1071.1,1554,696,none
2026-08-07T10:50:18.915295,74,6,person,0.928,320.9,440.7,864.1,1036.7,592,738,none
2026-08-07T10:50:19.011406,75,2,person,0.9342,1191.3,321.9,1916.8,1071.1,1554,696,none
2026-08-07T10:50:19.012725,75,6,person,0.9233,318.6,440.0,863.6,1037.8,591,738,none
2026-08-07T10:50:19.108848,76,2,person,0.9354,1190.8,320.1,1917.5,1071.0,1554,695,none
2026-08-07T10:50:19.110183,76,6,person,0.9235,316.7,438.7,863.6,1038.2,590,738,none
2026-08-07T10:50:19.178763,77,2,person,0.9375,1190.7,319.2,1917.8,1071.0,1554,695,none
2026-08-07T10:50:19.180103,77,6,person,0.922,314.2,436.9,863.0,1038.1,588,737,none
2026-08-07T10:50:19.282075,78,2,person,0.9375,1190.4,318.5,1917.9,1071.1,1554,694,none
2026-08-07T10:50:19.283370,78,6,person,0.9268,310.1,434.2,860.8,1036.9,585,735,none
2026-08-07T10:50:19.378906,79,2,person,0.9361,1190.4,318.0,1917.9,1071.2,1554,694,none
2026-08-07T10:50:19.380159,79,6,person,0.9256,300.9,430.7,855.5,1035.2,578,732,none
2026-08-07T10:50:19.475642,80,2,person,0.9374,1190.8,317.6,1918.3,1071.1,1554,694,none
2026-08-07T10:50:19.476921,80,6,person,0.9233,284.6,425.8,848.6,1036.2,566,730,none
2026-08-07T10:50:19.545274,81,2,person,0.936,1190.8,317.2,1918.3,1071.3,1554,694,none
2026-08-07T10:50:19.546543,81,6,person,0.9195,269.3,421.1,844.7,1038.3,557,729,none
2026-08-07T10:50:19.648012,82,2,person,0.9381,1191.6,318.2,1918.0,1071.3,1554,694,none
2026-08-07T10:50:19.649226,82,6,person,0.9241,251.2,416.9,838.2,1040.5,544,728,none
2026-08-07T10:50:19.745616,83,2,person,0.9374,1191.9,318.6,1917.7,1071.4,1554,694,none
2026-08-07T10:50:19.746808,83,6,person,0.941,237.9,411.5,832.8,1039.4,535,725,none
2026-08-07T10:50:19.844465,84,2,person,0.9379,1191.7,318.6,1917.3,1071.4,1554,695,none
2026-08-07T10:50:19.845676,84,6,person,0.9362,232.1,406.9,832.6,1036.6,532,721,none
2026-08-07T10:50:19.941172,85,2,person,0.9355,1191.6,319.0,1916.8,1071.6,1554,695,none
2026-08-07T10:50:19.942517,85,6,person,0.9344,226.3,401.4,836.5,1039.0,531,720,none
2026-08-07T10:50:20.012408,86,2,person,0.9356,1191.7,319.4,1916.3,1071.5,1554,695,none
2026-08-07T10:50:20.013649,86,6,person,0.9315,222.8,398.7,839.7,1041.8,531,720,none
2026-08-07T10:50:20.113788,87,2,person,0.9346,1192.1,319.9,1916.0,1071.4,1554,695,none
2026-08-07T10:50:20.115023,87,6,person,0.927,215.7,396.3,841.5,1047.8,528,722,none
2026-08-07T10:50:20.212380,88,2,person,0.9379,1192.6,320.2,1916.2,1071.3,1554,695,none
2026-08-07T10:50:20.213617,88,6,person,0.9179,207.3,394.2,843.1,1055.6,525,724,none
2026-08-07T10:50:20.310075,89,2,person,0.9374,1192.9,320.6,1916.2,1071.3,1554,695,none
2026-08-07T10:50:20.311294,89,6,person,0.914,200.9,392.9,842.4,1059.7,521,726,none
2026-08-07T10:50:20.392288,90,2,person,0.9349,1192.7,320.9,1915.8,1071.4,1554,696,none
2026-08-07T10:50:20.393799,90,6,person,0.9193,196.2,391.7,839.7,1059.8,517,725,none
2026-08-07T10:50:20.482097,91,2,person,0.9342,1192.5,321.0,1915.7,1071.5,1554,696,none
2026-08-07T10:50:20.483343,91,6,person,0.9195,191.0,391.9,836.4,1061.9,513,726,none
2026-08-07T10:50:20.576686,92,2,person,0.9366,1192.7,321.4,1915.5,1071.5,1554,696,none
2026-08-07T10:50:20.577934,92,6,person,0.9275,191.3,392.6,833.7,1059.3,512,725,none
2026-08-07T10:50:20.644860,93,2,person,0.9375,1192.9,321.3,1915.6,1071.3,1554,696,none
2026-08-07T10:50:20.646102,93,6,person,0.9242,191.7,393.6,832.8,1058.5,512,726,none
2026-08-07T10:50:20.709717,94,2,person,0.9368,1192.6,321.4,1915.3,1071.3,1553,696,none
2026-08-07T10:50:20.710927,94,6,person,0.9235,185.9,394.8,829.7,1061.8,507,728,none
2026-08-07T10:50:20.777907,95,2,person,0.9377,1192.8,321.6,1915.3,1071.3,1554,696,none
2026-08-07T10:50:20.779210,95,6,person,0.9207,186.1,396.1,827.8,1059.8,506,727,none
2026-08-07T10:50:20.878535,96,2,person,0.9366,1192.7,321.2,1915.6,1071.3,1554,696,none
2026-08-07T10:50:20.879744,96,6,person,0.9343,189.9,400.3,820.0,1048.5,504,724,none
2026-08-07T10:50:20.978419,97,2,person,0.936,1192.6,321.3,1915.3,1071.3,1553,696,none
2026-08-07T10:50:20.979662,97,6,person,0.9275,192.4,406.0,817.0,1044.9,504,725,none
2026-08-07T10:50:21.077867,98,2,person,0.9363,1192.7,321.3,1915.5,1071.3,1554,696,none
2026-08-07T10:50:21.079075,98,6,person,0.9391,196.6,413.7,812.4,1040.0,504,726,none
2026-08-07T10:50:21.146860,99,2,person,0.9345,1192.6,321.5,1915.2,1071.3,1553,696,none
2026-08-07T10:50:21.148120,99,6,person,0.9397,200.6,419.6,810.4,1037.1,505,728,none
2026-08-07T10:50:21.247481,100,2,person,0.9329,1192.6,321.8,1914.8,1071.2,1553,696,none
2026-08-07T10:50:21.248787,100,6,person,0.9387,215.7,424.9,814.9,1029.9,515,727,none
2026-08-07T10:50:21.346049,101,2,person,0.931,1192.5,322.2,1914.5,1071.4,1553,696,none
2026-08-07T10:50:21.347255,101,6,person,0.9392,235.7,432.1,822.8,1024.6,529,728,none
2026-08-07T10:50:21.442760,102,2,person,0.9325,1192.6,322.2,1914.5,1071.4,1553,696,none
2026-08-07T10:50:21.443969,102,6,person,0.931,262.5,437.4,829.7,1011.6,546,724,none
2026-08-07T10:50:21.511470,103,2,person,0.9326,1192.5,321.9,1914.6,1071.4,1553,696,none
2026-08-07T10:50:21.512660,103,6,person,0.922,273.8,440.4,840.2,1017.9,556,729,none
2026-08-07T10:50:21.614125,104,2,person,0.9317,1191.1,320.5,1914.1,1071.2,1552,695,none
2026-08-07T10:50:21.615403,104,6,person,0.9292,274.4,440.8,844.7,1025.5,559,733,none
2026-08-07T10:50:21.711838,105,2,person,0.9308,1190.5,319.7,1913.7,1071.1,1552,695,none
2026-08-07T10:50:21.712989,105,6,person,0.9297,271.6,439.3,840.3,1023.4,555,731,none
2026-08-07T10:50:21.809310,106,2,person,0.9336,1192.0,320.4,1914.8,1071.3,1553,695,none
2026-08-07T10:50:21.810566,106,6,person,0.9198,270.8,433.7,832.4,1012.9,551,723,none
2026-08-07T10:50:21.909523,107,2,person,0.9318,1191.4,319.9,1914.5,1071.1,1552,695,none
2026-08-07T10:50:21.910808,107,6,person,0.915,268.1,428.4,819.1,1002.7,543,715,none
2026-08-07T10:50:21.976934,108,2,person,0.9331,1192.4,320.9,1914.8,1071.3,1553,696,none
2026-08-07T10:50:21.978165,108,6,person,0.9093,265.4,425.6,806.6,996.8,535,711,none
2026-08-07T10:50:22.079909,109,2,person,0.9326,1192.6,321.1,1914.9,1071.4,1553,696,none
2026-08-07T10:50:22.081180,109,6,person,0.894,256.6,424.1,795.4,1003.2,526,713,none
2026-08-07T10:50:22.175983,110,2,person,0.9354,1193.1,321.2,1915.4,1071.4,1554,696,none
2026-08-07T10:50:22.177286,110,6,person,0.9063,251.5,422.4,788.4,1009.8,519,716,none
2026-08-07T10:50:22.243386,111,2,person,0.9363,1193.2,321.1,1915.5,1071.3,1554,696,none
2026-08-07T10:50:22.244560,111,6,person,0.9111,247.9,423.7,787.7,1024.0,517,723,none
2026-08-07T10:50:22.308924,112,2,person,0.9352,1193.2,321.2,1915.3,1071.3,1554,696,none
2026-08-07T10:50:22.310172,112,6,person,0.915,246.8,424.0,780.1,1023.8,513,723,none
2026-08-07T10:50:22.412229,113,2,person,0.9355,1193.4,321.4,1915.5,1071.3,1554,696,none
2026-08-07T10:50:22.413454,113,6,person,0.9188,248.1,424.9,771.0,1017.7,509,721,none
2026-08-07T10:50:22.506902,114,2,person,0.9373,1193.7,321.7,1915.6,1071.2,1554,696,none
2026-08-07T10:50:22.508109,114,6,person,0.9218,247.8,425.8,766.0,1017.4,506,721,none
2026-08-07T10:50:22.577246,115,2,person,0.9376,1193.9,321.9,1915.7,1071.2,1554,696,none
2026-08-07T10:50:22.578410,115,6,person,0.923,248.8,426.0,763.7,1017.5,506,721,none
2026-08-07T10:50:22.642304,116,2,person,0.9356,1193.7,322.1,1915.5,1071.2,1554,696,none
2026-08-07T10:50:22.643460,116,6,person,0.9228,250.7,426.4,763.5,1018.7,507,722,none
2026-08-07T10:50:22.742523,117,2,person,0.9336,1193.6,322.5,1915.2,1071.3,1554,696,none
2026-08-07T10:50:22.743701,117,6,person,0.9242,253.8,427.6,764.0,1020.2,508,723,none
2026-08-07T10:50:22.813276,118,2,person,0.9316,1193.2,322.7,1914.6,1071.4,1553,697,none
2026-08-07T10:50:22.814546,118,6,person,0.9255,256.0,428.1,763.8,1020.9,509,724,none
2026-08-07T10:50:22.912145,119,2,person,0.9357,1193.4,322.7,1915.1,1071.5,1554,697,none
2026-08-07T10:50:22.913386,119,6,person,0.9262,258.8,429.3,762.7,1020.0,510,724,none
2026-08-07T10:50:23.009308,120,2,person,0.9353,1193.4,322.5,1915.2,1071.4,1554,696,none
2026-08-07T10:50:23.010604,120,6,person,0.9291,261.4,430.7,762.2,1020.0,511,725,none
2026-08-07T10:50:23.078129,121,2,person,0.935,1193.6,322.7,1915.3,1071.4,1554,697,none
2026-08-07T10:50:23.079365,121,6,person,0.9297,265.2,431.3,760.7,1016.0,512,723,none
2026-08-07T10:50:23.181918,122,2,person,0.9338,1193.5,322.5,1915.4,1071.3,1554,696,none
2026-08-07T10:50:23.183164,122,6,person,0.93,269.2,431.6,761.9,1014.2,515,722,none
2026-08-07T10:50:23.277589,123,2,person,0.9358,1193.7,322.7,1915.5,1071.2,1554,696,none
2026-08-07T10:50:23.278849,123,6,person,0.9302,272.5,432.3,762.8,1013.0,517,722,none
2026-08-07T10:50:23.376797,124,2,person,0.9334,1193.6,322.2,1915.8,1071.1,1554,696,none
2026-08-07T10:50:23.377994,124,6,person,0.9312,276.0,432.1,765.2,1012.4,520,722,none
2026-08-07T10:50:23.446380,125,2,person,0.9321,1193.1,322.0,1915.6,1071.1,1554,696,none
2026-08-07T10:50:23.447650,125,6,person,0.9333,280.3,432.3,765.0,1007.4,522,719,none
2026-08-07T10:50:23.549007,126,2,person,0.9355,1193.0,321.7,1915.8,1071.1,1554,696,none
2026-08-07T10:50:23.550274,126,6,person,0.9336,284.2,432.2,766.2,1003.8,525,717,none
2026-08-07T10:50:23.645639,127,2,person,0.9349,1192.9,321.8,1915.7,1071.2,1554,696,none
2026-08-07T10:50:23.646867,127,6,person,0.9335,289.0,432.1,769.5,1001.6,529,716,none
2026-08-07T10:50:23.744432,128,2,person,0.9363,1193.2,322.4,1915.6,1071.2,1554,696,none
2026-08-07T10:50:23.745707,128,6,person,0.9367,293.5,432.0,773.0,999.3,533,715,none
2026-08-07T10:50:23.812421,129,2,person,0.9364,1193.7,322.9,1915.6,1071.2,1554,697,none
2026-08-07T10:50:23.813627,129,6,person,0.9373,296.8,431.3,775.6,996.8,536,714,none
2026-08-07T10:50:23.917540,130,2,person,0.9351,1193.7,323.2,1915.4,1071.2,1554,697,none
2026-08-07T10:50:23.918907,130,6,person,0.9339,299.4,429.8,779.6,996.1,539,712,none
2026-08-07T10:50:24.011956,131,2,person,0.9348,1193.6,323.4,1915.3,1071.2,1554,697,none
2026-08-07T10:50:24.013248,131,6,person,0.9318,302.6,429.6,783.2,995.2,542,712,none
2026-08-07T10:50:24.079049,132,2,person,0.9345,1193.6,323.6,1915.1,1071.2,1554,697,none
2026-08-07T10:50:24.080220,132,6,person,0.9322,304.7,428.9,786.2,994.3,545,711,none
2026-08-07T10:50:24.180794,133,2,person,0.9335,1193.5,323.9,1914.9,1071.3,1554,697,none
2026-08-07T10:50:24.182101,133,6,person,0.9313,306.8,428.4,790.3,994.6,548,711,none
2026-08-07T10:50:24.279249,134,2,person,0.9351,1193.6,323.8,1915.1,1071.4,1554,697,none
2026-08-07T10:50:24.280469,134,6,person,0.9324,306.9,427.8,793.7,996.2,550,712,none
2026-08-07T10:50:24.377560,135,2,person,0.9363,1193.6,323.7,1915.2,1071.3,1554,697,none
2026-08-07T10:50:24.378846,135,6,person,0.9326,306.4,427.4,796.8,998.4,551,712,none
2026-08-07T10:50:24.445673,136,2,person,0.9355,1193.7,323.8,1915.2,1071.3,1554,697,none
2026-08-07T10:50:24.446873,136,6,person,0.9306,306.2,427.3,798.7,999.3,552,713,none
2026-08-07T10:50:24.510718,137,2,person,0.9373,1194.0,324.2,1915.1,1071.2,1554,697,none
2026-08-07T10:50:24.511860,137,6,person,0.9288,305.3,426.8,800.5,1000.8,552,713,none
2026-08-07T10:50:24.575466,138,2,person,0.9383,1194.3,324.4,1915.4,1071.1,1554,697,none
2026-08-07T10:50:24.576643,138,6,person,0.9286,304.8,426.6,801.7,1001.2,553,713,none
2026-08-07T10:50:24.644113,139,2,person,0.9368,1194.4,324.5,1915.4,1071.2,1554,697,none
2026-08-07T10:50:24.645274,139,6,person,0.9297,304.3,426.2,803.1,1002.1,553,714,none
2026-08-07T10:50:24.710875,140,2,person,0.9352,1194.2,324.9,1915.1,1071.3,1554,698,none
2026-08-07T10:50:24.712139,140,6,person,0.9293,303.9,426.6,804.0,1003.0,553,714,none
2026-08-07T10:50:24.777643,141,2,person,0.9358,1193.9,324.7,1915.1,1071.4,1554,698,none
2026-08-07T10:50:24.778787,141,6,person,0.9298,303.8,427.0,804.5,1003.1,554,715,none
2026-08-07T10:50:24.847058,142,2,person,0.9361,1194.1,324.8,1915.3,1071.3,1554,698,none
2026-08-07T10:50:24.848250,142,6,person,0.928,303.8,427.3,805.2,1003.3,554,715,none
2026-08-07T10:50:24.946980,143,2,person,0.9368,1193.8,324.3,1915.7,1071.5,1554,697,none
2026-08-07T10:50:24.948246,143,6,person,0.9267,303.7,426.7,806.4,1003.9,555,715,none
2026-08-07T10:50:25.044263,144,2,person,0.9381,1193.7,324.3,1915.7,1071.4,1554,697,none
2026-08-07T10:50:25.045531,144,6,person,0.928,303.7,426.7,806.8,1004.1,555,715,none
2026-08-07T10:50:25.141563,145,2,person,0.9376,1193.3,322.9,1916.5,1071.2,1554,697,none
2026-08-07T10:50:25.142783,145,6,person,0.9252,303.8,426.6,806.3,1003.2,555,714,none
2026-08-07T10:50:25.211323,146,2,person,0.939,1191.7,319.3,1918.0,1071.1,1554,695,none
2026-08-07T10:50:25.212530,146,6,person,0.9268,303.6,426.5,805.3,1002.0,554,714,none
2026-08-07T10:50:25.276894,147,2,person,0.9364,1190.2,315.6,1919.0,1071.0,1554,693,none
2026-08-07T10:50:25.278141,147,6,person,0.9267,303.7,426.6,804.2,1000.6,553,713,none
2026-08-07T10:50:25.378785,148,2,person,0.9346,1189.3,313.3,1919.5,1071.0,1554,692,none
2026-08-07T10:50:25.380027,148,6,person,0.9273,304.8,426.3,804.0,999.3,554,712,none
2026-08-07T10:50:25.476185,149,2,person,0.9337,1188.9,312.0,1919.6,1070.7,1554,691,none
2026-08-07T10:50:25.477481,149,6,person,0.9272,306.4,426.4,804.0,998.8,555,712,none
2026-08-07T10:50:25.575427,150,2,person,0.9309,1186.3,312.7,1915.9,1071.1,1551,691,none
2026-08-07T10:50:25.576673,150,6,person,0.9295,305.6,426.8,801.2,998.0,553,712,none
2026-08-07T10:50:25.644674,151,2,person,0.9391,1187.2,313.1,1916.5,1071.4,1551,692,none
2026-08-07T10:50:25.645878,151,6,person,0.9282,303.1,427.9,797.2,998.7,550,713,none
2026-08-07T10:50:25.750319,152,2,person,0.9441,1189.6,318.2,1914.9,1071.2,1552,694,none
2026-08-07T10:50:25.751507,152,6,person,0.931,299.8,428.7,792.8,999.3,546,714,none
2026-08-07T10:50:25.845833,153,2,person,0.9431,1190.6,320.7,1914.5,1071.2,1552,695,none
2026-08-07T10:50:25.847088,153,6,person,0.9352,296.4,429.6,787.1,998.6,541,714,none
2026-08-07T10:50:25.941386,154,2,person,0.938,1190.1,321.6,1913.8,1071.3,1551,696,none
2026-08-07T10:50:25.942643,154,6,person,0.9358,291.9,430.0,783.2,1000.5,537,715,none
2026-08-07T10:50:26.012378,155,2,person,0.9313,1189.6,322.7,1912.8,1071.2,1551,696,none
2026-08-07T10:50:26.013596,155,6,person,0.9361,288.4,430.2,780.3,1002.6,534,716,none
2026-08-07T10:50:26.113511,156,2,person,0.9304,1188.7,322.0,1912.7,1071.1,1550,696,none
2026-08-07T10:50:26.114737,156,6,person,0.9345,284.9,430.7,777.1,1005.0,530,717,none
2026-08-07T10:50:26.213075,157,2,person,0.9158,1182.7,318.9,1908.4,1071.1,1545,695,none
2026-08-07T10:50:26.214271,157,6,person,0.9348,280.0,429.3,773.9,1007.3,526,718,none
2026-08-07T10:50:26.323868,158,2,person,0.9172,1179.4,316.9,1905.5,1071.4,1542,694,none
2026-08-07T10:50:26.325233,158,6,person,0.9344,278.1,429.5,769.4,1005.5,523,717,none
2026-08-07T10:50:26.410902,159,2,person,0.9179,1182.9,317.2,1909.0,1071.8,1545,694,none
2026-08-07T10:50:26.412110,159,6,person,0.9342,275.1,431.0,765.6,1007.5,520,719,none
2026-08-07T10:50:26.510163,160,2,person,0.9213,1184.9,318.7,1909.7,1071.9,1547,695,none
2026-08-07T10:50:26.511419,160,6,person,0.9344,272.9,431.5,763.8,1009.6,518,720,none
2026-08-07T10:50:26.577551,161,2,person,0.9217,1185.2,319.8,1909.0,1072.0,1547,695,none
2026-08-07T10:50:26.578834,161,6,person,0.9332,272.8,432.2,762.0,1009.2,517,720,none
2026-08-07T10:50:26.679593,162,2,person,0.9221,1184.9,319.5,1908.6,1072.0,1546,695,none
2026-08-07T10:50:26.680805,162,6,person,0.9318,272.8,432.6,760.7,1009.0,516,720,none
2026-08-07T10:50:26.779090,163,2,person,0.9212,1183.2,316.8,1908.6,1071.8,1545,694,none
2026-08-07T10:50:26.780439,163,6,person,0.9317,271.7,431.5,760.8,1010.6,516,721,none
2026-08-07T10:50:26.885000,164,2,person,0.9245,1183.6,316.2,1908.7,1071.5,1546,693,none
2026-08-07T10:50:26.886304,164,6,person,0.9324,270.9,430.7,760.9,1012.0,515,721,none
2026-08-07T10:50:26.978692,165,2,person,0.9253,1185.2,315.6,1911.0,1071.5,1548,693,none
2026-08-07T10:50:26.979963,165,6,person,0.9316,270.7,430.7,760.6,1013.2,515,721,none
2026-08-07T10:50:27.045855,166,2,person,0.9266,1185.4,315.7,1911.0,1071.4,1548,693,none
2026-08-07T10:50:27.047143,166,6,person,0.9316,271.1,430.9,759.9,1012.9,515,721,none
2026-08-07T10:50:27.148219,167,2,person,0.9225,1185.1,316.6,1909.7,1071.4,1547,693,none
2026-08-07T10:50:27.149433,167,6,person,0.9331,272.2,431.1,758.4,1010.5,515,720,none
2026-08-07T10:50:27.245697,168,2,person,0.9208,1183.6,317.1,1907.2,1071.4,1545,694,none
2026-08-07T10:50:27.246964,168,6,person,0.9316,271.9,430.9,758.5,1011.6,515,721,none
2026-08-07T10:50:27.343943,169,2,person,0.9224,1184.3,316.8,1908.0,1071.5,1546,694,none
2026-08-07T10:50:27.345114,169,6,person,0.931,271.7,430.9,758.6,1012.8,515,721,none
2026-08-07T10:50:27.412614,170,2,person,0.9198,1184.5,316.5,1908.3,1071.4,1546,693,none
2026-08-07T10:50:27.413857,170,6,person,0.9306,271.2,430.7,759.1,1014.7,515,722,none
2026-08-07T10:50:27.477621,171,2,person,0.9204,1184.5,315.8,1908.6,1071.4,1546,693,none
2026-08-07T10:50:27.478765,171,6,person,0.9302,271.5,430.4,759.0,1014.7,515,722,none
2026-08-07T10:50:27.543270,172,2,person,0.929,1185.9,315.8,1910.2,1071.3,1548,693,none
2026-08-07T10:50:27.544396,172,6,person,0.931,272.3,430.3,758.4,1013.6,515,721,none
2026-08-07T10:50:27.612017,173,2,person,0.9326,1186.8,315.6,1911.6,1071.4,1549,693,none
2026-08-07T10:50:27.613261,173,6,person,0.9308,273.0,430.7,758.3,1013.3,515,722,none
2026-08-07T10:50:27.710921,174,2,person,0.9179,1186.7,315.5,1911.7,1071.3,1549,693,none
2026-08-07T10:50:27.712167,174,6,person,0.9303,273.4,431.3,758.5,1014.3,515,722,none
2026-08-07T10:50:27.809106,175,2,person,0.8968,1160.7,315.6,1877.3,1071.3,1519,693,none
2026-08-07T10:50:27.810317,175,6,person,0.9286,273.4,430.7,759.4,1015.3,516,722,none
2026-08-07T10:50:27.919098,176,2,person,0.899,1150.9,316.4,1858.4,1071.5,1504,693,none
2026-08-07T10:50:27.920474,176,6,person,0.9295,274.3,430.4,759.8,1014.9,517,722,none
2026-08-07T10:50:28.008485,177,2,person,0.9191,1153.6,316.1,1855.1,1071.6,1504,693,none
2026-08-07T10:50:28.009734,177,6,person,0.9298,275.8,431.2,759.4,1013.7,517,722,none
2026-08-07T10:50:28.080376,178,2,person,0.9135,1158.3,315.8,1854.4,1071.1,1506,693,none
2026-08-07T10:50:28.081724,178,6,person,0.9281,277.6,432.0,758.8,1011.5,518,721,none
2026-08-07T10:50:28.182383,179,2,person,0.8586,1171.7,309.4,1867.0,1070.0,1519,689,none
2026-08-07T10:50:28.183617,179,6,person,0.9223,295.0,426.6,771.5,999.3,533,712,none
2026-08-07T10:50:28.280248,180,2,person,0.9105,1218.6,293.5,1920.0,1067.6,1569,680,none
2026-08-07T10:50:28.281409,180,6,person,0.9239,354.6,417.2,824.5,982.3,589,699,none
2026-08-07T10:50:28.376638,181,2,person,0.9453,1255.9,280.7,1920.0,1062.5,1587,671,none
2026-08-07T10:50:28.377912,181,6,person,0.9079,425.3,415.5,883.6,967.0,654,691,none
2026-08-07T10:50:28.465503,182,2,person,0.9443,1287.2,276.2,1920.0,1059.4,1603,667,none
2026-08-07T10:50:28.466782,182,6,person,0.9023,480.2,417.6,932.5,962.6,706,690,none
2026-08-07T10:50:28.548131,183,2,person,0.9273,1326.3,268.3,1920.0,1061.2,1623,664,none
2026-08-07T10:50:28.549359,183,6,person,0.9051,558.6,418.5,1005.2,957.8,781,688,none
2026-08-07T10:50:28.645189,184,2,person,0.9177,1375.0,264.5,1920.0,1065.0,1647,664,none
2026-08-07T10:50:28.646451,184,6,person,0.8992,643.3,425.1,1088.7,964.8,865,694,none
2026-08-07T10:50:28.748049,185,2,person,0.9202,1424.8,255.3,1920.0,1062.1,1672,658,none
2026-08-07T10:50:28.749247,185,6,person,0.8923,723.5,431.7,1157.8,958.6,940,695,none
2026-08-07T10:50:28.846836,186,2,person,0.9162,1466.2,253.5,1920.0,1058.7,1693,656,none
2026-08-07T10:50:28.848067,186,6,person,0.8998,778.2,434.4,1208.0,956.4,993,695,none
2026-08-07T10:50:28.946405,187,2,person,0.8847,1496.1,253.1,1920.0,1060.9,1708,656,none
2026-08-07T10:50:28.947684,187,6,person,0.906,807.5,432.6,1235.4,952.9,1021,692,none
2026-08-07T10:50:29.046355,188,2,person,0.8113,1527.2,254.4,1920.0,1063.4,1723,658,none
2026-08-07T10:50:29.047656,188,6,person,0.8901,844.0,435.7,1270.8,955.4,1057,695,none
2026-08-07T10:50:29.048414,188,33,person,0.5507,15.9,574.3,213.6,1032.2,114,803,none
2026-08-07T10:50:29.146234,189,2,person,0.7065,1553.2,275.0,1920.0,1067.1,1736,671,none
2026-08-07T10:50:29.147470,189,6,person,0.8943,879.7,437.9,1308.0,960.3,1093,699,none
2026-08-07T10:50:29.148168,189,33,person,0.508,28.8,559.5,235.3,1034.7,132,797,none
2026-08-07T10:50:29.245503,190,2,person,0.657,1554.1,283.7,1920.0,1070.0,1737,676,none
2026-08-07T10:50:29.246734,190,6,person,0.8928,890.6,437.0,1320.8,962.8,1105,699,none
2026-08-07T10:50:29.247451,190,33,person,0.5121,34.5,560.3,242.0,1033.4,138,796,none
2026-08-07T10:50:29.345906,191,2,person,0.7224,1560.7,283.7,1920.0,1071.8,1740,677,none
2026-08-07T10:50:29.347084,191,6,person,0.8993,891.6,435.0,1325.2,966.7,1108,700,none
2026-08-07T10:50:29.446101,192,2,person,0.692,1559.6,267.2,1920.0,1071.6,1739,669,none
2026-08-07T10:50:29.447375,192,6,person,0.8941,878.4,433.9,1304.8,956.7,1091,695,none
2026-08-07T10:50:29.550276,193,2,person,0.8736,1549.3,265.7,1920.0,1062.8,1734,664,none
2026-08-07T10:50:29.551464,193,6,person,0.8977,818.7,436.6,1239.9,954.0,1029,695,none
2026-08-07T10:50:29.646055,194,2,person,0.8996,1544.7,265.0,1920.0,1058.4,1732,661,none
2026-08-07T10:50:29.647251,194,6,person,0.8958,783.5,434.4,1204.2,951.4,993,692,none
2026-08-07T10:50:29.743133,195,2,person,0.9173,1533.1,271.6,1920.0,1062.2,1726,666,none
2026-08-07T10:50:29.744304,195,6,person,0.8759,749.5,433.7,1170.6,951.6,960,692,none
2026-08-07T10:50:29.849017,196,2,person,0.935,1510.3,288.5,1920.0,1063.1,1715,675,none
2026-08-07T10:50:29.850283,196,6,person,0.9009,700.9,440.8,1124.7,963.5,912,702,none
2026-08-07T10:50:29.945067,197,2,person,0.9387,1492.8,291.6,1907.6,1062.8,1700,677,none
2026-08-07T10:50:29.946323,197,6,person,0.9012,673.1,442.6,1092.3,959.4,882,700,none
2026-08-07T10:50:30.042666,198,2,person,0.9502,1486.7,299.2,1902.1,1063.9,1694,681,none
2026-08-07T10:50:30.043895,198,6,person,0.8976,658.5,445.8,1082.0,968.3,870,707,none
2026-08-07T10:50:30.112692,199,2,person,0.9443,1483.9,304.7,1900.7,1064.9,1692,684,none
2026-08-07T10:50:30.113864,199,6,person,0.9029,655.6,449.7,1076.2,968.3,865,709,none
2026-08-07T10:50:30.215427,200,2,person,0.9469,1482.7,310.1,1901.0,1066.7,1691,688,none
2026-08-07T10:50:30.216601,200,6,person,0.9087,653.5,453.2,1075.8,974.8,864,713,none
2026-08-07T10:50:30.314030,201,2,person,0.9475,1482.7,314.8,1901.8,1066.6,1692,690,none
2026-08-07T10:50:30.315300,201,6,person,0.907,652.8,456.9,1075.6,979.6,864,718,none
2026-08-07T10:50:30.409121,202,2,person,0.9498,1482.0,318.7,1903.0,1068.4,1692,693,none
2026-08-07T10:50:30.410444,202,6,person,0.9078,654.7,461.6,1074.7,980.8,864,721,none
2026-08-07T10:50:30.480702,203,2,person,0.9447,1480.4,317.7,1904.8,1068.6,1692,693,none
2026-08-07T10:50:30.481934,203,6,person,0.9066,654.0,460.2,1075.4,981.6,864,720,none
2026-08-07T10:50:30.582744,204,2,person,0.9432,1479.2,318.2,1906.0,1069.0,1692,693,none
2026-08-07T10:50:30.584017,204,6,person,0.9095,654.3,459.6,1075.8,981.3,865,720,none
2026-08-07T10:50:30.681212,205,2,person,0.9464,1478.3,319.7,1907.1,1070.0,1692,694,none
2026-08-07T10:50:30.682462,205,6,person,0.906,656.3,461.9,1075.3,980.2,865,721,none
2026-08-07T10:50:30.777312,206,2,person,0.9459,1477.4,320.5,1908.1,1070.4,1692,695,none
2026-08-07T10:50:30.778575,206,6,person,0.9048,657.0,463.2,1075.0,980.0,865,721,none
2026-08-07T10:50:30.850608,207,2,person,0.9454,1476.3,319.9,1909.2,1070.3,1692,695,none
2026-08-07T10:50:30.851880,207,6,person,0.9056,657.0,462.4,1075.9,980.4,866,721,none
2026-08-07T10:50:30.949155,208,2,person,0.9464,1475.1,319.6,1910.0,1070.4,1692,695,none
2026-08-07T10:50:30.950408,208,6,person,0.9051,656.5,461.9,1076.9,982.1,866,722,none
2026-08-07T10:50:31.047219,209,2,person,0.9466,1474.4,320.1,1910.8,1070.7,1692,695,none
2026-08-07T10:50:31.048381,209,6,person,0.906,657.1,461.2,1076.7,980.6,866,720,none
2026-08-07T10:50:31.143669,210,2,person,0.9461,1473.9,320.5,1911.5,1070.7,1692,695,none
2026-08-07T10:50:31.144837,210,6,person,0.905,657.1,461.9,1076.8,981.3,866,721,none
2026-08-07T10:50:31.213889,211,2,person,0.9459,1473.3,319.9,1912.5,1070.7,1692,695,none
2026-08-07T10:50:31.215019,211,6,person,0.9042,656.8,462.3,1077.2,982.6,866,722,none
2026-08-07T10:50:31.336109,212,2,person,0.9458,1472.9,320.1,1913.1,1070.6,1693,695,none
2026-08-07T10:50:31.337496,212,6,person,0.9055,657.3,462.2,1076.9,981.7,867,721,none
2026-08-07T10:50:31.412432,213,2,person,0.945,1472.2,320.2,1913.5,1070.6,1692,695,none
2026-08-07T10:50:31.413596,213,6,person,0.9054,657.4,461.9,1076.5,980.8,866,721,none
2026-08-07T10:50:31.517021,214,2,person,0.9445,1471.7,320.2,1913.9,1070.4,1692,695,none
2026-08-07T10:50:31.518294,214,6,person,0.9055,657.3,461.9,1076.3,980.7,866,721,none
2026-08-07T10:50:31.611725,215,2,person,0.9444,1471.5,320.3,1914.3,1070.0,1692,695,none
2026-08-07T10:50:31.612908,215,6,person,0.9062,657.7,462.3,1076.3,980.7,867,721,none
2026-08-07T10:50:31.679286,216,2,person,0.9493,1470.3,316.1,1915.6,1069.2,1692,692,none
2026-08-07T10:50:31.680459,216,6,person,0.9074,656.2,457.7,1077.7,980.4,866,719,none
2026-08-07T10:50:31.782342,217,2,person,0.9446,1469.8,315.6,1916.0,1069.2,1692,692,none
2026-08-07T10:50:31.783538,217,6,person,0.9047,656.5,457.5,1077.9,980.4,867,718,none
2026-08-07T10:50:31.877651,218,2,person,0.9451,1469.4,315.8,1916.1,1069.3,1692,692,none
2026-08-07T10:50:31.878884,218,6,person,0.9065,657.1,458.1,1077.1,979.4,867,718,none
2026-08-07T10:50:31.950966,219,2,person,0.9451,1469.1,315.4,1916.4,1068.9,1692,692,none
2026-08-07T10:50:31.952214,219,6,person,0.91,656.6,457.9,1077.4,980.4,866,719,none
2026-08-07T10:50:32.046864,220,2,person,0.9464,1467.0,310.2,1917.7,1069.3,1692,689,none
2026-08-07T10:50:32.048153,220,6,person,0.9021,657.4,454.3,1076.2,973.9,866,714,none
2026-08-07T10:50:32.144575,221,2,person,0.9453,1467.1,309.9,1918.1,1069.2,1692,689,none
2026-08-07T10:50:32.145781,221,6,person,0.904,657.1,453.4,1077.2,975.1,867,714,none
2026-08-07T10:50:32.241648,222,2,person,0.9466,1468.1,313.8,1917.5,1069.5,1692,691,none
2026-08-07T10:50:32.242852,222,6,person,0.906,658.1,459.3,1076.6,978.3,867,718,none
2026-08-07T10:50:32.313263,223,2,person,0.947,1468.2,315.0,1917.1,1069.3,1692,692,none
2026-08-07T10:50:32.314449,223,6,person,0.9071,657.8,460.2,1077.0,980.3,867,720,none
2026-08-07T10:50:32.416416,224,2,person,0.9466,1468.3,315.2,1917.4,1069.2,1692,692,none
2026-08-07T10:50:32.417604,224,6,person,0.9042,657.7,460.6,1077.3,981.4,867,720,none
2026-08-07T10:50:32.511621,225,2,person,0.9452,1468.3,316.0,1917.4,1069.5,1692,692,none
2026-08-07T10:50:32.512889,225,6,person,0.9056,658.1,461.3,1076.8,980.9,867,721,none
2026-08-07T10:50:32.607924,226,2,person,0.9469,1468.8,318.0,1917.2,1069.8,1692,693,none
2026-08-07T10:50:32.609195,226,6,person,0.9078,658.9,464.2,1076.5,981.8,867,723,none
2026-08-07T10:50:32.679050,227,2,person,0.9469,1469.0,321.5,1916.6,1070.8,1692,696,none
2026-08-07T10:50:32.680315,227,6,person,0.9069,660.3,466.7,1075.2,980.4,867,723,none
2026-08-07T10:50:32.780702,228,2,person,0.9477,1468.8,321.2,1916.9,1070.7,1692,695,none
2026-08-07T10:50:32.781946,228,6,person,0.9069,659.8,467.7,1075.5,981.8,867,724,none
2026-08-07T10:50:32.877049,229,2,person,0.9478,1468.9,320.6,1917.3,1070.2,1693,695,none
2026-08-07T10:50:32.878307,229,6,person,0.9051,659.2,466.9,1076.4,982.5,867,724,none
2026-08-07T10:50:32.974917,230,2,person,0.9483,1467.6,317.2,1917.9,1069.5,1692,693,none
2026-08-07T10:50:32.976187,230,6,person,0.9025,657.4,462.8,1078.3,983.2,867,722,none
2026-08-07T10:50:33.045520,231,2,person,0.9472,1468.0,319.5,1917.6,1070.3,1692,694,none
2026-08-07T10:50:33.046742,231,6,person,0.9077,657.9,464.9,1078.2,984.2,868,724,none
2026-08-07T10:50:33.148005,232,2,person,0.9479,1467.9,319.8,1917.7,1070.4,1692,695,none
2026-08-07T10:50:33.149257,232,6,person,0.9086,658.2,466.3,1077.8,984.6,867,725,none
2026-08-07T10:50:33.244806,233,2,person,0.9483,1467.8,319.7,1917.9,1070.5,1692,695,none
2026-08-07T10:50:33.245969,233,6,person,0.9057,658.1,466.8,1077.5,984.5,867,725,none
2026-08-07T10:50:33.311640,234,2,person,0.9477,1467.8,319.8,1918.0,1070.4,1692,695,none
2026-08-07T10:50:33.312954,234,6,person,0.9041,657.8,466.9,1077.6,984.8,867,725,none
2026-08-07T10:50:33.377840,235,2,person,0.9477,1467.9,320.2,1918.1,1070.3,1692,695,none
2026-08-07T10:50:33.379404,235,6,person,0.9052,657.7,466.9,1077.8,984.9,867,725,none
2026-08-07T10:50:33.478255,236,2,person,0.9458,1467.9,320.5,1918.1,1070.3,1693,695,none
2026-08-07T10:50:33.479464,236,6,person,0.9052,657.7,466.8,1077.7,984.2,867,725,none
2026-08-07T10:50:33.544159,237,2,person,0.9461,1468.1,320.9,1918.1,1070.2,1693,695,none
2026-08-07T10:50:33.545321,237,6,person,0.9052,657.6,466.7,1077.9,984.1,867,725,none
2026-08-07T10:50:33.610956,238,2,person,0.9461,1468.0,321.1,1918.1,1070.1,1693,695,none
2026-08-07T10:50:33.612210,238,6,person,0.905,657.5,466.8,1077.8,983.9,867,725,none
2026-08-07T10:50:33.711115,239,2,person,0.947,1468.1,321.7,1918.0,1070.2,1693,695,none
2026-08-07T10:50:33.712301,239,6,person,0.9062,657.3,466.8,1077.9,983.9,867,725,none
2026-08-07T10:50:33.803762,240,2,person,0.946,1468.1,322.0,1918.1,1070.1,1693,696,none
2026-08-07T10:50:33.805149,240,6,person,0.9062,657.1,466.6,1078.1,984.0,867,725,none
2026-08-07T10:50:33.880005,241,2,person,0.9452,1467.8,321.6,1918.2,1070.2,1693,695,none
2026-08-07T10:50:33.881193,241,6,person,0.9065,657.5,466.8,1077.9,983.1,867,724,none
2026-08-07T10:50:33.979553,242,2,person,0.9452,1467.6,321.3,1918.4,1070.4,1692,695,none
2026-08-07T10:50:33.980686,242,6,person,0.9069,657.7,466.8,1077.7,982.3,867,724,none
2026-08-07T10:50:34.077380,243,2,person,0.9452,1467.3,321.3,1918.3,1070.5,1692,695,none
2026-08-07T10:50:34.078645,243,6,person,0.9071,657.4,467.0,1077.7,982.5,867,724,none
2026-08-07T10:50:34.146922,244,2,person,0.9462,1467.3,321.4,1918.4,1070.4,1692,695,none
2026-08-07T10:50:34.148188,244,6,person,0.9072,657.4,466.9,1077.7,982.2,867,724,none
2026-08-07T10:50:34.211941,245,2,person,0.9466,1467.5,321.4,1918.5,1070.3,1692,695,none
2026-08-07T10:50:34.213132,245,6,person,0.9073,657.4,467.0,1077.6,982.0,867,724,none
2026-08-07T10:50:34.277251,246,2,person,0.9471,1467.6,321.2,1918.7,1070.2,1693,695,none
2026-08-07T10:50:34.278380,246,6,person,0.9073,657.2,466.9,1077.7,982.1,867,724,none
2026-08-07T10:50:34.343602,247,2,person,0.9469,1467.5,321.0,1918.8,1070.1,1693,695,none
2026-08-07T10:50:34.344862,247,6,person,0.9074,657.6,467.1,1077.5,981.4,867,724,none
2026-08-07T10:50:34.410750,248,2,person,0.947,1467.3,321.0,1918.7,1070.1,1692,695,none
2026-08-07T10:50:34.412005,248,6,person,0.9071,657.8,467.4,1077.4,981.1,867,724,none
2026-08-07T10:50:34.478495,249,2,person,0.9465,1467.1,320.6,1918.8,1070.2,1692,695,none
2026-08-07T10:50:34.479737,249,6,person,0.9082,657.7,467.4,1077.6,981.4,867,724,none
2026-08-07T10:50:34.544891,250,2,person,0.9466,1466.9,320.5,1918.8,1070.1,1692,695,none
2026-08-07T10:50:34.546058,250,6,person,0.9093,657.5,467.4,1078.2,982.2,867,724,none
2026-08-07T10:50:34.610621,251,2,person,0.9471,1466.8,320.3,1918.8,1070.2,1692,695,none
2026-08-07T10:50:34.611810,251,6,person,0.9084,657.5,467.4,1078.2,982.2,867,724,none
2026-08-07T10:50:34.675538,252,2,person,0.9476,1466.8,320.5,1918.7,1070.2,1692,695,none
2026-08-07T10:50:34.676746,252,6,person,0.9084,657.6,467.2,1078.1,981.7,867,724,none
2026-08-07T10:50:34.744810,253,2,person,0.9486,1466.8,320.4,1918.8,1070.1,1692,695,none
2026-08-07T10:50:34.745960,253,6,person,0.9082,657.4,467.1,1078.0,981.5,867,724,none
2026-08-07T10:50:34.850146,254,2,person,0.9487,1466.7,320.2,1918.9,1070.2,1692,695,none
2026-08-07T10:50:34.851348,254,6,person,0.9089,657.3,467.2,1078.0,981.8,867,724,none
2026-08-07T10:50:34.946808,255,2,person,0.9487,1466.5,320.3,1918.8,1070.3,1692,695,none
2026-08-07T10:50:34.948013,255,6,person,0.9079,658.1,466.5,1077.8,980.1,867,723,none
2026-08-07T10:50:35.041547,256,2,person,0.9482,1466.5,320.1,1918.9,1070.2,1692,695,none
2026-08-07T10:50:35.042712,256,6,person,0.9077,657.7,467.0,1078.1,981.4,867,724,none
2026-08-07T10:50:35.112592,257,2,person,0.9473,1466.4,320.1,1918.8,1070.1,1692,695,none
2026-08-07T10:50:35.113852,257,6,person,0.9073,658.0,466.4,1077.9,980.5,867,723,none
2026-08-07T10:50:35.177629,258,2,person,0.9464,1466.4,320.4,1918.7,1070.1,1692,695,none
2026-08-07T10:50:35.178881,258,6,person,0.9065,657.4,466.6,1078.3,981.8,867,724,none
2026-08-07T10:50:35.245010,259,2,person,0.9469,1466.5,320.2,1918.9,1070.1,1692,695,none
2026-08-07T10:50:35.246183,259,6,person,0.9072,657.1,466.8,1078.3,982.3,867,724,none
2026-08-07T10:50:35.311950,260,2,person,0.9471,1466.6,320.2,1918.9,1070.1,1692,695,none
2026-08-07T10:50:35.313071,260,6,person,0.907,657.7,466.0,1077.9,980.8,867,723,none
2026-08-07T10:50:35.378717,261,2,person,0.9469,1466.6,320.3,1919.0,1070.2,1692,695,none
2026-08-07T10:50:35.379837,261,6,person,0.907,657.0,466.4,1078.3,982.6,867,724,none
2026-08-07T10:50:35.445147,262,2,person,0.9468,1466.5,320.1,1919.0,1070.2,1692,695,none
2026-08-07T10:50:35.446348,262,6,person,0.9066,657.8,466.3,1077.7,981.1,867,723,none
2026-08-07T10:50:35.546673,263,2,person,0.9479,1466.5,320.4,1918.9,1070.3,1692,695,none
2026-08-07T10:50:35.547837,263,6,person,0.9064,657.6,466.8,1077.8,981.8,867,724,none
2026-08-07T10:50:35.644573,264,2,person,0.9485,1466.7,320.9,1918.9,1070.2,1692,695,none
2026-08-07T10:50:35.645790,264,6,person,0.9064,657.5,466.8,1077.9,981.9,867,724,none
2026-08-07T10:50:35.712607,265,2,person,0.9485,1466.9,321.1,1918.9,1070.1,1692,695,none
2026-08-07T10:50:35.713771,265,6,person,0.908,657.5,466.8,1077.9,982.1,867,724,none
2026-08-07T10:50:35.832256,266,2,person,0.948,1467.0,321.2,1918.9,1070.0,1692,695,none
2026-08-07T10:50:35.833707,266,6,person,0.9079,657.2,466.8,1078.2,982.9,867,724,none
2026-08-07T10:50:35.911844,267,2,person,0.9474,1466.8,321.2,1918.8,1070.1,1692,695,none
2026-08-07T10:50:35.913225,267,6,person,0.9073,658.1,466.1,1077.6,980.5,867,723,none
2026-08-07T10:50:36.015542,268,2,person,0.9474,1466.9,321.4,1918.8,1070.1,1692,695,none
2026-08-07T10:50:36.016814,268,6,person,0.9058,658.4,465.6,1077.4,979.7,867,722,none
2026-08-07T10:50:36.111141,269,2,person,0.9479,1466.9,321.4,1919.0,1070.3,1692,695,none
2026-08-07T10:50:36.112312,269,6,person,0.907,657.8,466.4,1077.7,981.4,867,723,none
2026-08-07T10:50:36.180232,270,2,person,0.9479,1466.9,321.6,1918.8,1070.2,1692,695,none
2026-08-07T10:50:36.181519,270,6,person,0.9062,657.4,466.7,1077.7,982.0,867,724,none
2026-08-07T10:50:36.280863,271,2,person,0.9478,1466.8,322.1,1918.6,1070.2,1692,696,none
2026-08-07T10:50:36.282080,271,6,person,0.9061,657.2,466.6,1077.8,982.2,867,724,none
2026-08-07T10:50:36.378303,272,2,person,0.9478,1466.7,321.6,1918.8,1070.2,1692,695,none
2026-08-07T10:50:36.379517,272,6,person,0.9063,657.1,466.7,1077.7,982.3,867,724,none
2026-08-07T10:50:36.446536,273,2,person,0.9477,1466.8,321.7,1918.9,1070.2,1692,695,none
2026-08-07T10:50:36.447667,273,6,person,0.9066,656.9,466.6,1078.1,982.7,867,724,none
2026-08-07T10:50:36.511539,274,2,person,0.9478,1466.7,321.9,1918.8,1070.3,1692,696,none
2026-08-07T10:50:36.512627,274,6,person,0.9075,657.0,466.7,1078.3,983.1,867,724,none
2026-08-07T10:50:36.577563,275,2,person,0.948,1466.9,322.3,1918.8,1070.3,1692,696,none
2026-08-07T10:50:36.578836,275,6,person,0.9066,656.9,466.7,1078.6,983.5,867,725,none
2026-08-07T10:50:36.644139,276,2,person,0.9475,1466.9,322.6,1918.8,1070.4,1692,696,none
2026-08-07T10:50:36.645305,276,6,person,0.9064,658.0,466.1,1078.1,981.1,868,723,none
2026-08-07T10:50:36.711046,277,2,person,0.9477,1466.6,322.4,1918.7,1070.4,1692,696,none
2026-08-07T10:50:36.712185,277,6,person,0.9065,658.6,465.8,1077.8,979.7,868,722,none
2026-08-07T10:50:36.832402,278,2,person,0.9478,1466.6,322.5,1918.7,1070.5,1692,696,none
2026-08-07T10:50:36.833741,278,6,person,0.9084,659.1,465.9,1077.6,978.9,868,722,none
2026-08-07T10:50:36.926537,279,2,person,0.9473,1466.7,322.6,1918.8,1070.4,1692,696,none
2026-08-07T10:50:36.927926,279,6,person,0.9055,659.1,465.8,1077.7,979.0,868,722,none
2026-08-07T10:50:37.015545,280,2,person,0.9471,1466.9,323.0,1918.7,1070.2,1692,696,none
2026-08-07T10:50:37.016971,280,6,person,0.9044,658.9,465.6,1077.7,979.1,868,722,none
2026-08-07T10:50:37.109833,281,2,person,0.9468,1466.9,322.5,1919.0,1070.2,1692,696,none
2026-08-07T10:50:37.111039,281,6,person,0.9043,657.5,465.4,1078.6,981.8,868,723,none
2026-08-07T10:50:37.182780,282,2,person,0.9469,1466.9,322.2,1919.1,1070.2,1692,696,none
2026-08-07T10:50:37.184073,282,6,person,0.9048,656.6,464.9,1079.3,983.5,867,724,none
2026-08-07T10:50:37.282668,283,2,person,0.9463,1466.7,322.1,1919.0,1070.2,1692,696,none
2026-08-07T10:50:37.283897,283,6,person,0.904,656.3,464.7,1079.2,983.7,867,724,none
2026-08-07T10:50:37.378681,284,2,person,0.947,1466.5,321.8,1919.0,1070.1,1692,695,none
2026-08-07T10:50:37.379929,284,6,person,0.9064,657.3,464.3,1078.7,981.7,867,723,none
2026-08-07T10:50:37.445010,285,2,person,0.9472,1466.6,321.7,1919.0,1069.9,1692,695,none
2026-08-07T10:50:37.446161,285,6,person,0.9064,656.4,464.5,1079.1,983.6,867,724,none
2026-08-07T10:50:37.511450,286,2,person,0.948,1466.6,321.5,1919.1,1069.9,1692,695,none
2026-08-07T10:50:37.512663,286,6,person,0.9062,657.7,464.2,1078.4,981.2,868,722,none
2026-08-07T10:50:37.606882,287,2,person,0.9474,1466.6,321.4,1919.1,1069.9,1692,695,none
2026-08-07T10:50:37.608128,287,6,person,0.9048,657.2,464.4,1078.6,982.2,867,723,none
2026-08-07T10:50:37.680406,288,2,person,0.9482,1466.5,321.4,1919.0,1069.7,1692,695,none
2026-08-07T10:50:37.681632,288,6,person,0.9047,658.2,464.2,1078.0,980.0,868,722,none
2026-08-07T10:50:37.780940,289,2,person,0.948,1466.3,321.3,1918.9,1069.8,1692,695,none
2026-08-07T10:50:37.782146,289,6,person,0.9033,657.5,464.2,1078.2,981.1,867,722,none
2026-08-07T10:50:37.877673,290,2,person,0.9474,1466.4,321.3,1918.9,1069.6,1692,695,none
2026-08-07T10:50:37.878893,290,6,person,0.9032,657.3,464.1,1078.4,981.5,867,722,none
2026-08-07T10:50:37.947352,291,2,person,0.9471,1466.5,321.7,1918.8,1069.6,1692,695,none
2026-08-07T10:50:37.948574,291,6,person,0.903,657.2,464.5,1078.5,982.1,867,723,none
2026-08-07T10:50:38.048047,292,2,person,0.9466,1466.4,322.3,1918.6,1069.8,1692,696,none
2026-08-07T10:50:38.049328,292,6,person,0.903,657.2,464.7,1078.4,982.2,867,723,none
2026-08-07T10:50:38.145668,293,2,person,0.9462,1466.5,322.9,1918.5,1069.8,1692,696,none
2026-08-07T10:50:38.146792,293,6,person,0.9038,657.1,464.9,1078.4,982.6,867,723,none
2026-08-07T10:50:38.212805,294,2,person,0.9467,1466.5,323.1,1918.5,1069.9,1692,696,none
2026-08-07T10:50:38.214066,294,6,person,0.9043,657.1,465.0,1078.4,982.8,867,723,none
2026-08-07T10:50:38.277572,295,2,person,0.9468,1466.5,323.2,1918.6,1070.1,1692,696,none
2026-08-07T10:50:38.278835,295,6,person,0.9051,657.1,465.5,1078.1,983.0,867,724,none
2026-08-07T10:50:38.344465,296,2,person,0.944,1466.4,322.9,1918.8,1070.0,1692,696,none
2026-08-07T10:50:38.345701,296,6,person,0.9053,658.3,465.2,1077.5,980.5,867,722,none
2026-08-07T10:50:38.411985,297,2,person,0.9428,1466.3,322.3,1919.0,1070.0,1692,696,none
2026-08-07T10:50:38.413155,297,6,person,0.9051,659.0,465.2,1077.0,979.0,867,722,none
2026-08-07T10:50:38.477457,298,2,person,0.9428,1466.5,321.9,1919.2,1069.8,1692,695,none
2026-08-07T10:50:38.478763,298,6,person,0.9042,659.2,465.3,1077.0,978.9,868,722,none
2026-08-07T10:50:38.544371,299,2,person,0.9438,1466.9,321.6,1919.5,1069.6,1693,695,none
2026-08-07T10:50:38.545434,299,6,person,0.9046,659.2,465.5,1077.0,979.2,868,722,none
2026-08-07T10:50:38.612930,300,2,person,0.944,1467.0,321.8,1919.4,1069.5,1693,695,none
2026-08-07T10:50:38.614175,300,6,person,0.9049,659.4,465.5,1076.9,978.9,868,722,none
2026-08-07T10:50:38.720978,301,2,person,0.9411,1467.3,322.5,1919.2,1069.3,1693,695,none
2026-08-07T10:50:38.722326,301,6,person,0.9055,658.8,466.5,1077.3,980.8,868,723,none
2026-08-07T10:50:38.815013,302,2,person,0.9436,1467.0,323.7,1918.4,1069.4,1692,696,none
2026-08-07T10:50:38.816217,302,6,person,0.9048,658.3,466.6,1077.6,981.9,867,724,none
2026-08-07T10:50:38.917769,303,2,person,0.9442,1465.6,320.8,1919.0,1069.9,1692,695,none
2026-08-07T10:50:38.919051,303,6,person,0.9047,658.1,466.2,1078.0,982.0,868,724,none
2026-08-07T10:50:39.013649,304,2,person,0.9466,1465.6,320.9,1918.9,1069.9,1692,695,none
2026-08-07T10:50:39.014829,304,6,person,0.9042,658.1,466.5,1078.1,982.5,868,724,none
2026-08-07T10:50:39.111476,305,2,person,0.9462,1465.5,320.1,1919.2,1069.8,1692,694,none
2026-08-07T10:50:39.112676,305,6,person,0.9039,658.0,466.4,1078.2,982.5,868,724,none
2026-08-07T10:50:39.182270,306,2,person,0.9473,1465.5,320.0,1919.3,1069.9,1692,694,none
2026-08-07T10:50:39.183536,306,6,person,0.9043,657.9,466.2,1078.6,982.9,868,724,none
2026-08-07T10:50:39.284357,307,2,person,0.946,1465.7,320.9,1919.1,1070.2,1692,695,none
2026-08-07T10:50:39.285560,307,6,person,0.9052,658.6,465.3,1078.3,980.9,868,723,none
2026-08-07T10:50:39.382144,308,2,person,0.9462,1466.0,321.8,1919.1,1070.6,1692,696,none
2026-08-07T10:50:39.383291,308,6,person,0.9041,658.2,465.9,1078.7,982.5,868,724,none
2026-08-07T10:50:39.476856,309,2,person,0.9405,1466.6,322.5,1919.2,1070.7,1692,696,none
2026-08-07T10:50:39.478086,309,6,person,0.9037,659.0,465.1,1078.4,980.4,868,722,none
2026-08-07T10:50:39.546496,310,2,person,0.943,1467.0,322.8,1919.3,1070.5,1693,696,none
2026-08-07T10:50:39.547685,310,6,person,0.9035,659.2,464.7,1078.2,979.6,868,722,none
2026-08-07T10:50:39.611668,311,2,person,0.9414,1467.0,323.2,1919.1,1070.6,1693,696,none
2026-08-07T10:50:39.612753,311,6,person,0.904,658.2,465.1,1078.8,981.9,868,723,none
2026-08-07T10:50:39.678631,312,2,person,0.942,1466.7,322.6,1919.2,1070.9,1692,696,none
2026-08-07T10:50:39.679827,312,6,person,0.9046,657.9,465.4,1079.2,982.9,868,724,none
2026-08-07T10:50:39.745271,313,2,person,0.9433,1466.7,323.3,1919.1,1071.3,1692,697,none
2026-08-07T10:50:39.746381,313,6,person,0.905,657.8,465.8,1079.2,983.5,868,724,none
2026-08-07T10:50:39.845127,314,2,person,0.9453,1467.0,324.3,1918.8,1071.3,1692,697,none
2026-08-07T10:50:39.846356,314,6,person,0.905,657.8,465.9,1079.4,983.7,868,724,none
2026-08-07T10:50:39.916534,315,2,person,0.9418,1466.8,324.5,1918.7,1071.4,1692,697,none
2026-08-07T10:50:39.917771,315,6,person,0.9047,658.1,466.0,1079.6,983.6,868,724,none
2026-08-07T10:50:40.012652,316,2,person,0.9417,1466.7,324.0,1918.9,1071.4,1692,697,none
2026-08-07T10:50:40.013886,316,6,person,0.9045,658.5,465.5,1080.0,983.0,869,724,none
2026-08-07T10:50:40.077949,317,2,person,0.9408,1466.9,324.3,1918.9,1071.3,1692,697,none
2026-08-07T10:50:40.079159,317,6,person,0.9057,658.7,465.3,1080.4,983.0,869,724,none
2026-08-07T10:50:40.144268,318,2,person,0.9416,1466.9,323.9,1919.0,1071.3,1692,697,none
2026-08-07T10:50:40.145468,318,6,person,0.9049,659.0,465.4,1080.4,982.6,869,724,none
2026-08-07T10:50:40.211376,319,2,person,0.9429,1466.7,323.6,1919.0,1071.2,1692,697,none
2026-08-07T10:50:40.212462,319,6,person,0.904,659.1,465.4,1080.3,982.1,869,723,none
2026-08-07T10:50:40.278485,320,2,person,0.9423,1466.5,323.3,1919.0,1071.3,1692,697,none
2026-08-07T10:50:40.279711,320,6,person,0.9036,659.0,465.4,1080.5,982.2,869,723,none
2026-08-07T10:50:40.343815,321,2,person,0.9447,1466.3,323.2,1919.0,1071.3,1692,697,none
2026-08-07T10:50:40.344979,321,6,person,0.9026,659.9,464.9,1080.0,979.9,869,722,none
2026-08-07T10:50:40.411324,322,2,person,0.9424,1466.3,323.1,1919.1,1071.6,1692,697,none
2026-08-07T10:50:40.412524,322,6,person,0.9038,660.4,464.8,1079.9,978.9,870,721,none
2026-08-07T10:50:40.478078,323,2,person,0.9435,1466.2,322.5,1919.4,1071.7,1692,697,none
2026-08-07T10:50:40.479193,323,6,person,0.903,660.2,464.5,1080.2,979.2,870,721,none
2026-08-07T10:50:40.545379,324,2,person,0.9432,1466.4,322.5,1919.3,1071.5,1692,697,none
2026-08-07T10:50:40.546572,324,6,person,0.9023,660.4,464.2,1080.2,978.5,870,721,none
2026-08-07T10:50:40.611978,325,2,person,0.9431,1466.5,321.8,1919.5,1071.2,1693,696,none
2026-08-07T10:50:40.613168,325,6,person,0.9026,660.5,464.1,1080.5,978.6,870,721,none
2026-08-07T10:50:40.714052,326,2,person,0.946,1466.7,321.7,1919.4,1070.9,1693,696,none
2026-08-07T10:50:40.715217,326,6,person,0.9039,659.3,464.2,1081.6,981.6,870,722,none
2026-08-07T10:50:40.815130,327,2,person,0.9466,1466.6,321.4,1919.2,1070.4,1692,695,none
2026-08-07T10:50:40.816405,327,6,person,0.9039,659.1,464.4,1081.8,982.3,870,723,none
2026-08-07T10:50:40.912520,328,2,person,0.9415,1466.6,321.3,1919.3,1070.4,1692,695,none
2026-08-07T10:50:40.913769,328,6,person,0.9022,659.3,464.6,1082.3,983.0,870,723,none
2026-08-07T10:50:41.009238,329,2,person,0.9432,1466.6,320.5,1919.3,1069.9,1692,695,none
2026-08-07T10:50:41.010433,329,6,person,0.903,659.2,464.5,1082.4,983.3,870,723,none
2026-08-07T10:50:41.079223,330,2,person,0.94,1466.7,319.9,1919.4,1069.6,1693,694,none
2026-08-07T10:50:41.080398,330,6,person,0.9037,659.3,464.6,1082.5,983.5,870,724,none
2026-08-07T10:50:41.145293,331,2,person,0.9376,1466.6,319.8,1919.5,1070.0,1693,694,none
2026-08-07T10:50:41.146384,331,6,person,0.9043,659.4,464.3,1082.7,983.5,871,723,none
2026-08-07T10:50:41.213028,332,2,person,0.9357,1466.8,319.8,1919.5,1070.1,1693,694,none
2026-08-07T10:50:41.214274,332,6,person,0.904,659.4,464.3,1082.7,983.6,871,723,none
2026-08-07T10:50:41.279267,333,2,person,0.9379,1466.9,319.5,1919.5,1069.7,1693,694,none
2026-08-07T10:50:41.280444,333,6,person,0.9043,659.6,464.2,1082.6,983.4,871,723,none
2026-08-07T10:50:41.379547,334,2,person,0.9326,1467.3,319.7,1919.4,1069.3,1693,694,none
2026-08-07T10:50:41.380835,334,6,person,0.904,659.3,464.0,1083.0,984.2,871,724,none
2026-08-07T10:50:41.478722,335,2,person,0.9337,1467.1,319.1,1919.5,1069.5,1693,694,none
2026-08-07T10:50:41.479908,335,6,person,0.9046,659.9,463.8,1083.1,983.9,871,723,none
2026-08-07T10:50:41.546428,336,2,person,0.9345,1466.9,318.2,1919.7,1069.5,1693,693,none
2026-08-07T10:50:41.547562,336,6,person,0.9038,660.4,463.6,1082.9,983.0,871,723,none
2026-08-07T10:50:41.611267,337,2,person,0.936,1466.7,317.7,1919.9,1070.0,1693,693,none
2026-08-07T10:50:41.612447,337,6,person,0.9044,660.2,463.5,1083.0,983.6,871,723,none
2026-08-07T10:50:41.712447,338,2,person,0.9355,1466.9,317.7,1919.8,1069.9,1693,693,none
2026-08-07T10:50:41.713655,338,6,person,0.9051,660.4,463.6,1082.9,983.4,871,723,none
2026-08-07T10:50:41.781053,339,2,person,0.9355,1466.8,317.6,1919.6,1069.9,1693,693,none
2026-08-07T10:50:41.782255,339,6,person,0.9046,660.5,463.7,1082.6,983.2,871,723,none
2026-08-07T10:50:41.882927,340,2,person,0.9394,1466.5,317.4,1919.5,1070.1,1692,693,none
2026-08-07T10:50:41.884281,340,6,person,0.9063,660.6,463.9,1082.5,983.3,871,723,none
2026-08-07T10:50:41.979140,341,2,person,0.9395,1466.3,317.6,1919.3,1070.3,1692,693,none
2026-08-07T10:50:41.980280,341,6,person,0.9067,660.7,463.9,1082.6,983.5,871,723,none
2026-08-07T10:50:42.046934,342,2,person,0.9388,1466.3,317.5,1919.1,1069.8,1692,693,none
2026-08-07T10:50:42.048063,342,6,person,0.9066,660.6,463.8,1082.9,984.0,871,723,none
2026-08-07T10:50:42.149244,343,2,person,0.9367,1466.5,317.2,1919.0,1069.3,1692,693,none
2026-08-07T10:50:42.150414,343,6,person,0.906,660.9,463.8,1082.6,983.3,871,723,none
2026-08-07T10:50:42.248253,344,2,person,0.9377,1466.3,316.9,1919.1,1069.3,1692,693,none
2026-08-07T10:50:42.249368,344,6,person,0.9054,661.1,463.8,1082.3,982.8,871,723,none
2026-08-07T10:50:42.341923,345,2,person,0.9382,1466.1,316.5,1919.0,1069.3,1692,692,none
2026-08-07T10:50:42.343249,345,6,person,0.9047,660.8,463.7,1082.6,983.5,871,723,none
2026-08-07T10:50:42.414084,346,2,person,0.9377,1466.3,316.6,1919.1,1069.2,1692,692,none
2026-08-07T10:50:42.415220,346,6,person,0.904,660.6,463.6,1083.0,984.3,871,723,none
2026-08-07T10:50:42.479929,347,2,person,0.9397,1466.1,316.7,1919.0,1069.3,1692,693,none
2026-08-07T10:50:42.481160,347,6,person,0.904,660.3,463.7,1083.1,985.3,871,724,none
2026-08-07T10:50:42.546067,348,2,person,0.9389,1466.0,316.6,1919.0,1069.6,1692,693,none
2026-08-07T10:50:42.547198,348,6,person,0.9043,660.3,463.7,1083.0,985.5,871,724,none
2026-08-07T10:50:42.612069,349,2,person,0.9382,1466.0,316.6,1919.1,1069.8,1692,693,none
2026-08-07T10:50:42.613366,349,6,person,0.9046,660.6,463.8,1082.7,984.9,871,724,none
2026-08-07T10:50:42.711650,350,2,person,0.94,1466.0,316.7,1919.1,1069.9,1692,693,none
2026-08-07T10:50:42.712794,350,6,person,0.9035,660.3,463.8,1082.7,985.3,871,724,none
2026-08-07T10:50:42.783051,351,2,person,0.9411,1466.0,316.8,1919.0,1069.8,1692,693,none
2026-08-07T10:50:42.784338,351,6,person,0.9037,660.3,464.0,1082.5,985.4,871,724,none
2026-08-07T10:50:42.879455,352,2,person,0.9375,1466.4,317.0,1918.9,1069.2,1692,693,none
2026-08-07T10:50:42.880704,352,6,person,0.9066,660.4,464.1,1082.6,985.7,871,724,none
2026-08-07T10:50:42.945106,353,2,person,0.9363,1466.6,317.3,1918.9,1069.0,1692,693,none
2026-08-07T10:50:42.946266,353,6,person,0.9065,660.4,464.2,1082.6,985.9,871,725,none
2026-08-07T10:50:43.011403,354,2,person,0.9371,1466.7,317.4,1918.9,1069.1,1692,693,none
2026-08-07T10:50:43.012649,354,6,person,0.9056,660.4,464.1,1082.4,985.6,871,724,none
2026-08-07T10:50:43.077446,355,2,person,0.9377,1466.6,317.6,1918.9,1069.3,1692,693,none
2026-08-07T10:50:43.078603,355,6,person,0.9055,661.2,464.2,1082.1,984.1,871,724,none
2026-08-07T10:50:43.145128,356,2,person,0.9369,1466.3,317.3,1918.8,1069.4,1692,693,none
2026-08-07T10:50:43.146231,356,6,person,0.9054,661.3,464.2,1082.1,983.9,871,724,none
2026-08-07T10:50:43.208862,357,2,person,0.9359,1466.3,317.2,1918.8,1069.2,1692,693,none
2026-08-07T10:50:43.210062,357,6,person,0.9043,661.3,464.1,1082.3,984.0,871,724,none
2026-08-07T10:50:43.278844,358,2,person,0.9372,1466.3,317.3,1918.8,1069.1,1692,693,none
2026-08-07T10:50:43.279943,358,6,person,0.9039,661.1,464.3,1082.6,984.9,871,724,none
2026-08-07T10:50:43.379717,359,2,person,0.9393,1466.3,317.1,1918.8,1069.0,1692,693,none
2026-08-07T10:50:43.381000,359,6,person,0.9033,661.4,464.5,1082.1,983.9,871,724,none
2026-08-07T10:50:43.446014,360,2,person,0.9402,1465.5,317.4,1918.6,1069.9,1692,693,none
2026-08-07T10:50:43.447280,360,6,person,0.9039,661.6,464.3,1082.3,983.5,871,723,none
2026-08-07T10:50:43.512616,361,2,person,0.9406,1465.2,317.5,1918.5,1070.2,1691,693,none
2026-08-07T10:50:43.513838,361,6,person,0.904,661.8,464.3,1082.4,983.0,872,723,none
2026-08-07T10:50:43.613621,362,2,person,0.9418,1464.9,317.3,1918.7,1070.6,1691,693,none
2026-08-07T10:50:43.615200,362,6,person,0.9035,661.9,464.3,1083.1,983.9,872,724,none
2026-08-07T10:50:43.682379,363,2,person,0.9419,1464.9,317.4,1918.7,1070.5,1691,693,none
2026-08-07T10:50:43.683660,363,6,person,0.9025,662.2,464.3,1083.1,983.4,872,723,none
2026-08-07T10:50:43.782225,364,2,person,0.9417,1465.1,317.6,1918.6,1070.1,1691,693,none
2026-08-07T10:50:43.783393,364,6,person,0.9025,662.4,464.3,1083.0,982.7,872,723,none
2026-08-07T10:50:43.878788,365,2,person,0.9413,1465.8,317.5,1918.8,1069.0,1692,693,none
2026-08-07T10:50:43.880007,365,6,person,0.9024,662.7,464.3,1082.9,981.9,872,723,none
2026-08-07T10:50:43.947709,366,2,person,0.9411,1466.1,317.4,1919.1,1068.9,1692,693,none
2026-08-07T10:50:43.948917,366,6,person,0.9028,662.5,464.3,1082.8,981.8,872,723,none
2026-08-07T10:50:44.048672,367,2,person,0.9423,1465.6,317.7,1918.9,1069.5,1692,693,none
2026-08-07T10:50:44.049892,367,6,person,0.9038,662.3,464.4,1083.3,982.6,872,723,none
2026-08-07T10:50:44.147439,368,2,person,0.9423,1465.2,317.8,1918.9,1070.1,1692,693,none
2026-08-07T10:50:44.148609,368,6,person,0.904,662.1,464.6,1083.4,983.1,872,723,none
2026-08-07T10:50:44.213846,369,2,person,0.9425,1465.6,317.6,1919.0,1069.5,1692,693,none
2026-08-07T10:50:44.215086,369,6,person,0.906,662.2,464.6,1083.6,983.2,872,723,none
2026-08-07T10:50:44.278891,370,2,person,0.9431,1465.0,317.9,1918.9,1070.5,1691,694,none
2026-08-07T10:50:44.280171,370,6,person,0.906,662.1,464.8,1083.5,983.5,872,724,none
2026-08-07T10:50:44.343762,371,2,person,0.9434,1464.9,318.1,1919.0,1070.9,1691,694,none
2026-08-07T10:50:44.344928,371,6,person,0.9053,662.1,464.7,1083.5,983.5,872,724,none
2026-08-07T10:50:44.412075,372,2,person,0.9431,1465.0,318.4,1918.9,1070.9,1691,694,none
2026-08-07T10:50:44.413358,372,6,person,0.9051,661.9,464.7,1083.5,983.8,872,724,none
2026-08-07T10:50:44.479663,373,2,person,0.9429,1465.7,318.2,1919.1,1069.9,1692,694,none
2026-08-07T10:50:44.480870,373,6,person,0.9051,662.3,464.8,1083.2,983.0,872,723,none
2026-08-07T10:50:44.583870,374,2,person,0.9421,1465.8,318.4,1919.0,1069.8,1692,694,none
2026-08-07T10:50:44.585025,374,6,person,0.9061,662.6,464.9,1083.1,982.6,872,723,none
2026-08-07T10:50:44.679538,375,2,person,0.9423,1465.6,319.8,1918.7,1070.6,1692,695,none
2026-08-07T10:50:44.680685,375,6,person,0.9045,662.1,464.8,1083.2,983.2,872,724,none
2026-08-07T10:50:44.746387,376,2,person,0.9409,1465.4,319.9,1918.5,1070.5,1691,695,none
2026-08-07T10:50:44.747573,376,6,person,0.9041,662.0,464.8,1083.1,983.1,872,723,none
2026-08-07T10:50:44.812145,377,2,person,0.9398,1465.4,319.3,1918.8,1070.5,1692,694,none
2026-08-07T10:50:44.813253,377,6,person,0.9044,662.0,464.7,1083.4,983.5,872,724,none
2026-08-07T10:50:44.916117,378,2,person,0.9418,1465.5,319.2,1918.8,1070.2,1692,694,none
2026-08-07T10:50:44.917300,378,6,person,0.9067,662.3,464.9,1083.7,983.9,872,724,none
2026-08-07T10:50:45.009601,379,2,person,0.9434,1466.3,319.6,1919.2,1069.8,1692,694,none
2026-08-07T10:50:45.010829,379,6,person,0.905,662.6,465.1,1083.4,983.3,873,724,none
2026-08-07T10:50:45.078690,380,2,person,0.9398,1467.0,320.4,1919.2,1069.7,1693,695,none
2026-08-07T10:50:45.079885,380,6,person,0.9035,662.4,465.1,1083.1,983.0,872,724,none
2026-08-07T10:50:45.146300,381,2,person,0.9419,1466.9,320.4,1919.2,1070.0,1693,695,none
2026-08-07T10:50:45.147437,381,6,person,0.9034,662.5,465.3,1082.9,982.7,872,723,none
2026-08-07T10:50:45.213231,382,2,person,0.9368,1465.9,320.0,1919.1,1070.9,1692,695,none
2026-08-07T10:50:45.214517,382,6,person,0.9037,662.4,465.3,1082.7,982.4,872,723,none
2026-08-07T10:50:45.281500,383,2,person,0.9401,1466.3,319.5,1919.3,1070.3,1692,694,none
2026-08-07T10:50:45.282758,383,6,person,0.9038,662.5,465.2,1083.1,982.6,872,723,none
2026-08-07T10:50:45.379875,384,2,person,0.939,1466.5,319.3,1919.3,1069.9,1692,694,none
2026-08-07T10:50:45.381131,384,6,person,0.9045,662.5,465.2,1083.6,983.4,873,724,none
2026-08-07T10:50:45.446949,385,2,person,0.938,1466.6,319.5,1919.1,1069.7,1692,694,none
2026-08-07T10:50:45.448228,385,6,person,0.9035,662.1,464.9,1083.6,983.6,872,724,none
2026-08-07T10:50:45.564972,386,2,person,0.9386,1466.9,319.9,1919.0,1069.3,1692,694,none
2026-08-07T10:50:45.566246,386,6,person,0.9041,662.3,464.8,1083.5,982.9,872,723,none
2026-08-07T10:50:45.646828,387,2,person,0.9376,1466.9,319.7,1919.1,1069.2,1692,694,none
2026-08-07T10:50:45.648072,387,6,person,0.9041,662.3,464.7,1083.7,983.2,873,723,none
2026-08-07T10:50:45.712677,388,2,person,0.9394,1466.7,319.8,1919.0,1069.4,1692,694,none
2026-08-07T10:50:45.713934,388,6,person,0.9047,662.5,464.7,1083.7,982.9,873,723,none
2026-08-07T10:50:45.817827,389,2,person,0.9405,1466.5,319.6,1919.0,1069.5,1692,694,none
2026-08-07T10:50:45.819088,389,6,person,0.9049,662.5,464.9,1083.2,982.4,872,723,none
2026-08-07T10:50:45.913762,390,2,person,0.94,1465.8,319.9,1918.6,1070.1,1692,695,none
2026-08-07T10:50:45.915065,390,6,person,0.9047,662.4,464.9,1083.1,982.1,872,723,none
2026-08-07T10:50:46.008721,391,2,person,0.9405,1465.5,319.8,1918.4,1069.9,1691,694,none
2026-08-07T10:50:46.009982,391,6,person,0.9035,662.2,464.7,1083.1,982.2,872,723,none
2026-08-07T10:50:46.081553,392,2,person,0.9387,1465.4,320.0,1918.4,1069.9,1691,694,none
2026-08-07T10:50:46.082814,392,6,person,0.904,662.4,464.7,1083.0,981.6,872,723,none
2026-08-07T10:50:46.145612,393,2,person,0.9389,1465.3,319.9,1918.5,1070.1,1691,695,none
2026-08-07T10:50:46.146805,393,6,person,0.9057,662.6,464.7,1083.5,981.9,873,723,none
2026-08-07T10:50:46.212622,394,2,person,0.9397,1465.1,319.9,1918.7,1070.4,1691,695,none
2026-08-07T10:50:46.213843,394,6,person,0.9053,662.4,464.8,1083.6,982.3,873,723,none
2026-08-07T10:50:46.278622,395,2,person,0.9405,1465.1,319.8,1918.9,1070.6,1691,695,none
2026-08-07T10:50:46.279805,395,6,person,0.9052,662.4,464.9,1083.7,982.7,873,723,none
2026-08-07T10:50:46.344033,396,2,person,0.9397,1465.0,320.0,1918.9,1070.8,1691,695,none
2026-08-07T10:50:46.345121,396,6,person,0.9053,662.2,465.1,1083.9,983.5,873,724,none
2026-08-07T10:50:46.412866,397,2,person,0.9368,1465.9,320.3,1919.0,1069.8,1692,695,none
2026-08-07T10:50:46.414058,397,6,person,0.9044,661.7,465.2,1084.1,984.7,872,724,none
2026-08-07T10:50:46.514617,398,2,person,0.9381,1466.2,320.4,1919.0,1069.6,1692,694,none
2026-08-07T10:50:46.515888,398,6,person,0.9038,661.9,465.0,1083.8,983.9,872,724,none
2026-08-07T10:50:46.609394,399,2,person,0.9376,1466.4,320.7,1918.9,1069.2,1692,694,none
2026-08-07T10:50:46.610578,399,6,person,0.905,662.1,465.1,1083.9,983.9,872,724,none
2026-08-07T10:50:46.680328,400,2,person,0.9371,1466.3,321.2,1918.6,1069.1,1692,695,none
2026-08-07T10:50:46.681490,400,6,person,0.9051,662.3,465.2,1084.0,984.1,873,724,none
2026-08-07T10:50:46.746503,401,2,person,0.9381,1466.1,320.9,1918.7,1069.2,1692,695,none
2026-08-07T10:50:46.747671,401,6,person,0.9043,662.2,465.2,1084.1,984.6,873,724,none
2026-08-07T10:50:46.828484,402,2,person,0.9372,1465.7,320.7,1918.6,1069.5,1692,695,none
2026-08-07T10:50:46.829852,402,6,person,0.9047,662.2,464.9,1084.0,984.4,873,724,none
2026-08-07T10:50:46.915529,403,2,person,0.9372,1465.5,320.7,1918.7,1069.7,1692,695,none
2026-08-07T10:50:46.916818,403,6,person,0.9047,662.0,464.7,1084.2,984.7,873,724,none
2026-08-07T10:50:47.012371,404,2,person,0.9364,1465.4,321.0,1918.5,1069.6,1691,695,none
2026-08-07T10:50:47.013641,404,6,person,0.9049,661.9,464.6,1084.3,985.0,873,724,none
2026-08-07T10:50:47.084298,405,2,person,0.9361,1465.5,321.2,1918.4,1069.5,1691,695,none
2026-08-07T10:50:47.085536,405,6,person,0.9045,661.9,464.7,1084.3,985.3,873,725,none
2026-08-07T10:50:47.199541,406,2,person,0.9361,1465.6,321.3,1918.5,1069.2,1692,695,none
2026-08-07T10:50:47.200953,406,6,person,0.9045,662.3,464.7,1083.9,984.1,873,724,none
2026-08-07T10:50:47.281811,407,2,person,0.9396,1464.9,321.5,1918.5,1070.5,1691,695,none
2026-08-07T10:50:47.283106,407,6,person,0.9035,662.3,464.9,1083.7,984.0,873,724,none
2026-08-07T10:50:47.380704,408,2,person,0.9382,1465.3,320.9,1918.9,1069.7,1692,695,none
2026-08-07T10:50:47.381909,408,6,person,0.904,662.3,464.8,1083.6,983.9,872,724,none
2026-08-07T10:50:47.447193,409,2,person,0.9374,1465.6,320.1,1919.4,1069.6,1692,694,none
2026-08-07T10:50:47.448385,409,6,person,0.9034,662.2,464.8,1083.6,983.9,872,724,none
2026-08-07T10:50:47.548951,410,2,person,0.9381,1464.6,319.5,1919.7,1071.4,1692,695,none
2026-08-07T10:50:47.550228,410,6,person,0.9034,662.1,465.1,1083.6,984.3,872,724,none
2026-08-07T10:50:47.648628,411,2,person,0.939,1464.5,319.3,1919.8,1071.9,1692,695,none
2026-08-07T10:50:47.649797,411,6,person,0.9044,662.2,465.1,1083.6,984.2,872,724,none
2026-08-07T10:50:47.744719,412,2,person,0.9376,1464.2,318.9,1919.9,1072.2,1692,695,none
2026-08-07T10:50:47.745917,412,6,person,0.9047,662.0,465.1,1084.0,985.3,873,725,none
2026-08-07T10:50:47.813930,413,2,person,0.9364,1464.1,318.6,1919.8,1072.0,1691,695,none
2026-08-07T10:50:47.815144,413,6,person,0.9053,662.0,465.4,1084.0,985.6,872,725,none
2026-08-07T10:50:47.916234,414,2,person,0.9363,1465.2,318.5,1919.8,1070.4,1692,694,none
2026-08-07T10:50:47.917558,414,6,person,0.906,662.4,465.3,1083.5,984.3,872,724,none
2026-08-07T10:50:48.012081,415,2,person,0.9353,1464.7,318.7,1919.6,1071.2,1692,694,none
2026-08-07T10:50:48.013315,415,6,person,0.9053,662.4,465.5,1083.3,984.3,872,724,none
2026-08-07T10:50:48.084717,416,2,person,0.9386,1464.7,319.3,1919.3,1071.4,1691,695,none
2026-08-07T10:50:48.085939,416,6,person,0.9058,662.1,465.4,1083.4,984.6,872,725,none
2026-08-07T10:50:48.182724,417,2,person,0.9367,1464.6,319.1,1919.4,1071.6,1691,695,none
2026-08-07T10:50:48.183928,417,6,person,0.9074,662.4,465.4,1083.3,984.2,872,724,none
2026-08-07T10:50:48.282737,418,2,person,0.9372,1464.4,318.9,1919.5,1072.0,1691,695,none
2026-08-07T10:50:48.283958,418,6,person,0.907,662.3,465.4,1083.4,984.6,872,725,none
2026-08-07T10:50:48.377265,419,2,person,0.9368,1464.5,319.0,1919.4,1071.8,1691,695,none
2026-08-07T10:50:48.378457,419,6,person,0.9068,662.2,465.5,1083.4,984.7,872,725,none
2026-08-07T10:50:48.447473,420,2,person,0.9368,1464.5,319.1,1919.4,1072.0,1691,695,none
2026-08-07T10:50:48.448767,420,6,person,0.9073,661.8,465.4,1083.6,985.4,872,725,none
2026-08-07T10:50:48.513735,421,2,person,0.9366,1464.5,319.3,1919.2,1071.9,1691,695,none
2026-08-07T10:50:48.514923,421,6,person,0.9069,661.7,465.3,1083.7,985.7,872,725,none
2026-08-07T10:50:48.616465,422,2,person,0.9344,1464.4,319.2,1919.2,1072.1,1691,695,none
2026-08-07T10:50:48.617646,422,6,person,0.9061,661.9,465.4,1083.3,984.9,872,725,none
2026-08-07T10:50:48.714596,423,2,person,0.9355,1464.6,319.5,1919.2,1072.1,1691,695,none
2026-08-07T10:50:48.715863,423,6,person,0.9061,662.2,465.5,1082.9,984.0,872,724,none
2026-08-07T10:50:48.813987,424,2,person,0.9364,1464.5,319.2,1919.2,1071.8,1691,695,none
2026-08-07T10:50:48.815273,424,6,person,0.9063,662.0,465.6,1083.3,984.7,872,725,none
2026-08-07T10:50:48.915525,425,2,person,0.9373,1465.5,319.1,1919.1,1070.0,1692,694,none
2026-08-07T10:50:48.916814,425,6,person,0.9063,662.2,465.6,1083.2,984.3,872,724,none
2026-08-07T10:50:49.009363,426,2,person,0.9387,1465.9,319.1,1919.3,1069.7,1692,694,none
2026-08-07T10:50:49.010552,426,6,person,0.9061,662.3,465.4,1082.9,983.7,872,724,none
2026-08-07T10:50:49.082034,427,2,person,0.9381,1464.8,319.0,1919.0,1070.9,1691,694,none
2026-08-07T10:50:49.083327,427,6,person,0.9054,662.4,465.6,1083.0,983.7,872,724,none
2026-08-07T10:50:49.146319,428,2,person,0.937,1464.5,319.1,1919.0,1071.5,1691,695,none
2026-08-07T10:50:49.147477,428,6,person,0.9053,662.6,465.7,1083.0,983.4,872,724,none
2026-08-07T10:50:49.214525,429,2,person,0.9362,1465.8,319.4,1919.3,1070.2,1692,694,none
2026-08-07T10:50:49.215841,429,6,person,0.9068,663.1,465.9,1082.7,982.4,872,724,none
2026-08-07T10:50:49.281644,430,2,person,0.9355,1464.9,319.4,1919.1,1071.3,1691,695,none
2026-08-07T10:50:49.282811,430,6,person,0.9069,663.1,465.9,1082.5,981.9,872,723,none
2026-08-07T10:50:49.380346,431,2,person,0.9383,1464.6,319.4,1918.9,1071.4,1691,695,none
2026-08-07T10:50:49.381556,431,6,person,0.9061,662.6,465.9,1083.2,983.4,872,724,none
2026-08-07T10:50:49.447497,432,2,person,0.9398,1464.4,319.5,1918.9,1071.7,1691,695,none
2026-08-07T10:50:49.448764,432,6,person,0.9058,662.1,465.8,1083.5,984.5,872,725,none
2026-08-07T10:50:49.512395,433,2,person,0.9387,1464.3,319.5,1918.9,1071.7,1691,695,none
2026-08-07T10:50:49.513554,433,6,person,0.9055,662.2,466.0,1083.6,984.7,872,725,none
2026-08-07T10:50:49.615878,434,2,person,0.9393,1464.4,319.4,1918.9,1071.3,1691,695,none
2026-08-07T10:50:49.617196,434,6,person,0.9055,662.2,466.1,1083.5,984.7,872,725,none
2026-08-07T10:50:49.712448,435,2,person,0.9398,1464.4,319.4,1918.9,1071.2,1691,695,none
2026-08-07T10:50:49.713645,435,6,person,0.906,662.1,466.0,1083.4,984.7,872,725,none
2026-08-07T10:50:49.781737,436,2,person,0.9396,1464.6,319.7,1918.9,1071.3,1691,695,none
2026-08-07T10:50:49.782899,436,6,person,0.9057,662.0,465.9,1083.6,984.9,872,725,none
2026-08-07T10:50:49.850156,437,2,person,0.9377,1464.6,319.9,1919.0,1071.5,1691,695,none
2026-08-07T10:50:49.851482,437,6,person,0.9058,662.3,466.1,1083.5,984.8,872,725,none
2026-08-07T10:50:49.949225,438,2,person,0.9373,1464.7,319.9,1919.1,1071.4,1691,695,none
2026-08-07T10:50:49.950575,438,6,person,0.9067,661.7,466.1,1083.5,985.6,872,725,none
2026-08-07T10:50:50.043992,439,2,person,0.9369,1464.6,320.0,1919.1,1071.6,1691,695,none
2026-08-07T10:50:50.045134,439,6,person,0.9073,661.8,465.8,1083.2,984.8,872,725,none
2026-08-07T10:50:50.114847,440,2,person,0.9354,1464.5,319.9,1919.3,1072.1,1691,696,none
2026-08-07T10:50:50.116104,440,6,person,0.9071,662.0,465.8,1083.0,984.3,872,725,none
2026-08-07T10:50:50.180800,441,2,person,0.9364,1464.3,319.5,1919.4,1072.2,1691,695,none
2026-08-07T10:50:50.181958,441,6,person,0.9075,661.9,465.9,1083.0,984.4,872,725,none
2026-08-07T10:50:50.248247,442,2,person,0.9373,1464.2,319.3,1919.3,1072.1,1691,695,none
2026-08-07T10:50:50.249483,442,6,person,0.9066,661.9,466.0,1082.9,984.2,872,725,none
2026-08-07T10:50:50.314172,443,2,person,0.9372,1464.2,319.4,1919.3,1072.0,1691,695,none
2026-08-07T10:50:50.315285,443,6,person,0.9068,661.9,466.0,1082.8,984.0,872,724,none
2026-08-07T10:50:50.413989,444,2,person,0.9376,1464.4,319.7,1919.1,1071.7,1691,695,none
2026-08-07T10:50:50.415252,444,6,person,0.9059,662.2,466.0,1082.5,983.0,872,724,none
2026-08-07T10:50:50.481046,445,2,person,0.9395,1465.4,320.1,1919.1,1070.3,1692,695,none
2026-08-07T10:50:50.482258,445,6,person,0.9062,662.3,466.1,1082.3,982.3,872,724,none
2026-08-07T10:50:50.583101,446,2,person,0.9388,1466.0,320.3,1919.0,1069.5,1692,694,none
2026-08-07T10:50:50.584294,446,6,person,0.9056,661.9,465.6,1082.7,982.8,872,724,none
2026-08-07T10:50:50.681003,447,2,person,0.9368,1466.3,320.5,1919.1,1069.3,1692,694,none
2026-08-07T10:50:50.682225,447,6,person,0.9061,661.3,465.5,1082.9,983.5,872,724,none
2026-08-07T10:50:50.766186,448,2,person,0.9357,1466.4,320.4,1919.1,1069.3,1692,694,none
2026-08-07T10:50:50.767523,448,6,person,0.9072,661.2,465.7,1083.1,983.9,872,724,none
2026-08-07T10:50:50.852817,449,2,person,0.9292,1466.4,320.4,1919.2,1069.4,1692,694,none
2026-08-07T10:50:50.854161,449,6,person,0.9074,661.3,465.7,1083.5,984.4,872,725,none
2026-08-07T10:50:50.948855,450,2,person,0.9315,1466.2,320.2,1919.2,1069.7,1692,694,none
2026-08-07T10:50:50.949990,450,6,person,0.9071,661.2,465.6,1083.4,984.3,872,724,none
2026-08-07T10:50:51.044036,451,2,person,0.934,1464.9,319.8,1919.2,1071.3,1692,695,none
2026-08-07T10:50:51.045272,451,6,person,0.9062,661.4,465.6,1083.4,984.1,872,724,none
2026-08-07T10:50:51.113836,452,2,person,0.935,1464.5,320.0,1919.0,1071.6,1691,695,none
2026-08-07T10:50:51.114989,452,6,person,0.9069,661.7,465.8,1083.3,983.9,872,724,none
2026-08-07T10:50:51.181192,453,2,person,0.9365,1464.5,320.3,1918.8,1071.5,1691,695,none
2026-08-07T10:50:51.182316,453,6,person,0.907,661.6,465.8,1083.4,984.0,872,724,none
2026-08-07T10:50:51.247237,454,2,person,0.9348,1464.5,320.7,1918.8,1071.6,1691,696,none
2026-08-07T10:50:51.248506,454,6,person,0.9065,661.4,465.9,1083.5,984.5,872,725,none
2026-08-07T10:50:51.315182,455,2,person,0.9368,1464.4,320.7,1918.8,1071.8,1691,696,none
2026-08-07T10:50:51.316507,455,6,person,0.9059,661.1,465.8,1083.6,985.0,872,725,none
2026-08-07T10:50:51.413883,456,2,person,0.9322,1465.1,320.8,1919.0,1071.0,1692,695,none
2026-08-07T10:50:51.415088,456,6,person,0.9061,661.7,466.0,1083.5,984.5,872,725,none
2026-08-07T10:50:51.481045,457,2,person,0.9323,1464.6,320.9,1919.0,1071.7,1691,696,none
2026-08-07T10:50:51.482178,457,6,person,0.9066,661.9,466.1,1083.5,984.3,872,725,none
2026-08-07T10:50:51.583436,458,2,person,0.9308,1465.5,321.4,1919.0,1070.8,1692,696,none
2026-08-07T10:50:51.584664,458,6,person,0.9063,661.5,466.2,1083.6,985.0,872,725,none
2026-08-07T10:50:51.712368,459,2,person,0.9339,1465.9,321.6,1919.0,1070.4,1692,696,none
2026-08-07T10:50:51.713759,459,6,person,0.9069,661.7,466.1,1083.6,984.7,872,725,none
2026-08-07T10:50:51.816018,460,2,person,0.9339,1466.1,321.5,1919.0,1070.0,1692,695,none
2026-08-07T10:50:51.817229,460,6,person,0.9066,661.7,466.3,1083.3,984.7,872,725,none
2026-08-07T10:50:51.914278,461,2,person,0.9338,1466.1,321.6,1918.9,1069.8,1692,695,none
2026-08-07T10:50:51.915576,461,6,person,0.9059,661.6,466.2,1083.2,984.5,872,725,none
2026-08-07T10:50:51.986330,462,2,person,0.935,1466.3,321.8,1918.8,1069.5,1692,695,none
2026-08-07T10:50:51.987595,462,6,person,0.9068,661.6,466.2,1083.4,984.8,872,725,none
2026-08-07T10:50:52.085004,463,2,person,0.9358,1465.5,321.9,1918.7,1070.4,1692,696,none
2026-08-07T10:50:52.086168,463,6,person,0.9076,661.8,466.0,1083.8,985.1,872,725,none
2026-08-07T10:50:52.180992,464,2,person,0.9332,1465.2,321.8,1918.5,1070.3,1691,696,none
2026-08-07T10:50:52.182268,464,6,person,0.9048,660.9,464.0,1084.7,985.8,872,724,none
2026-08-07T10:50:52.250088,465,2,person,0.9349,1466.0,322.2,1918.6,1069.4,1692,695,none
2026-08-07T10:50:52.251278,465,6,person,0.9041,662.2,462.7,1085.3,983.8,873,723,none
2026-08-07T10:50:52.350034,466,2,person,0.9306,1465.3,321.9,1918.6,1070.2,1691,696,none
2026-08-07T10:50:52.351313,466,6,person,0.9045,661.2,458.9,1088.4,985.9,874,722,none
2026-08-07T10:50:52.449147,467,2,person,0.9302,1465.7,321.8,1919.0,1070.0,1692,695,none
2026-08-07T10:50:52.450426,467,6,person,0.9032,661.4,454.3,1093.6,988.8,877,721,none
2026-08-07T10:50:52.544575,468,2,person,0.9324,1465.8,321.9,1918.9,1069.8,1692,695,none
2026-08-07T10:50:52.545804,468,6,person,0.9074,664.6,450.0,1099.7,989.6,882,719,none
2026-08-07T10:50:52.614341,469,2,person,0.9347,1466.1,322.3,1919.0,1069.7,1692,696,none
2026-08-07T10:50:52.615527,469,6,person,0.9093,667.1,446.3,1105.3,991.4,886,718,none
2026-08-07T10:50:52.716715,470,2,person,0.9381,1465.2,322.0,1918.9,1070.7,1692,696,none
2026-08-07T10:50:52.717850,470,6,person,0.9111,670.4,440.0,1112.9,992.4,891,716,none
2026-08-07T10:50:52.815913,471,2,person,0.9365,1464.7,321.6,1919.1,1071.5,1691,696,none
2026-08-07T10:50:52.817219,471,6,person,0.9145,673.9,435.5,1118.6,991.6,896,713,none
2026-08-07T10:50:52.925721,472,2,person,0.9359,1464.5,321.2,1919.1,1071.4,1691,696,none
2026-08-07T10:50:52.927115,472,6,person,0.9181,677.1,431.8,1123.5,990.1,900,710,none
2026-08-07T10:50:53.013327,473,2,person,0.9372,1464.3,320.7,1919.3,1071.7,1691,696,none
2026-08-07T10:50:53.014609,473,6,person,0.9161,677.5,427.7,1125.8,988.9,901,708,none
2026-08-07T10:50:53.083324,474,2,person,0.9369,1464.5,320.6,1919.1,1071.0,1691,695,none
2026-08-07T10:50:53.084632,474,6,person,0.9164,676.8,424.9,1127.6,990.3,902,707,none
2026-08-07T10:50:53.183955,475,2,person,0.9368,1464.6,320.7,1919.2,1071.1,1691,695,none
2026-08-07T10:50:53.185167,475,6,person,0.9152,675.4,422.5,1125.5,989.1,900,705,none
2026-08-07T10:50:53.279773,476,2,person,0.9387,1464.7,320.8,1919.1,1070.9,1691,695,none
2026-08-07T10:50:53.280959,476,6,person,0.9131,673.7,419.5,1123.1,988.2,898,703,none
2026-08-07T10:50:53.345989,477,2,person,0.9387,1464.6,321.1,1919.0,1070.8,1691,695,none
2026-08-07T10:50:53.347189,477,6,person,0.9113,668.4,418.1,1118.9,990.9,893,704,none
2026-08-07T10:50:53.413044,478,2,person,0.9395,1464.6,321.0,1919.0,1070.7,1691,695,none
2026-08-07T10:50:53.414184,478,6,person,0.9112,664.6,416.2,1114.0,990.2,889,703,none
2026-08-07T10:50:53.479149,479,2,person,0.9392,1465.6,321.4,1919.1,1069.8,1692,695,none
2026-08-07T10:50:53.480339,479,6,person,0.9079,658.5,414.1,1107.8,990.0,883,702,none
2026-08-07T10:50:53.548253,480,2,person,0.939,1465.9,321.6,1919.2,1069.7,1692,695,none
2026-08-07T10:50:53.549493,480,6,person,0.9061,653.4,413.6,1103.5,993.0,878,703,none
2026-08-07T10:50:53.614688,481,2,person,0.9378,1466.0,321.7,1919.1,1069.6,1692,695,none
2026-08-07T10:50:53.615896,481,6,person,0.9082,649.9,413.0,1099.7,994.1,874,703,none
2026-08-07T10:50:53.717720,482,2,person,0.9376,1465.7,321.7,1919.0,1069.8,1692,695,none
2026-08-07T10:50:53.718906,482,6,person,0.9144,647.0,412.9,1096.0,994.6,871,703,none
2026-08-07T10:50:53.813435,483,2,person,0.9384,1464.7,321.3,1918.9,1070.8,1691,696,none
2026-08-07T10:50:53.814522,483,6,person,0.9104,642.2,413.1,1091.8,997.9,867,705,none
2026-08-07T10:50:53.911376,484,2,person,0.9358,1465.5,321.6,1918.9,1070.0,1692,695,none
2026-08-07T10:50:53.912530,484,6,person,0.9105,638.6,413.6,1087.3,999.9,862,706,none
2026-08-07T10:50:53.981893,485,2,person,0.9358,1465.7,322.0,1918.8,1069.7,1692,695,none
2026-08-07T10:50:53.983221,485,6,person,0.913,637.9,413.4,1085.3,1000.4,861,706,none
2026-08-07T10:50:54.047364,486,2,person,0.9379,1464.8,321.4,1918.9,1070.7,1691,696,none
2026-08-07T10:50:54.048635,486,6,person,0.9113,638.1,413.4,1084.2,1000.6,861,707,none
2026-08-07T10:50:54.115031,487,2,person,0.9366,1464.4,321.4,1918.8,1071.1,1691,696,none
2026-08-07T10:50:54.116270,487,6,person,0.9094,639.4,413.4,1084.3,1000.9,861,707,none
2026-08-07T10:50:54.181181,488,2,person,0.9359,1464.4,321.4,1918.9,1071.2,1691,696,none
2026-08-07T10:50:54.182298,488,6,person,0.9101,641.7,413.6,1085.3,1000.9,863,707,none
2026-08-07T10:50:54.277680,489,2,person,0.9383,1464.2,320.9,1918.9,1070.8,1691,695,none
2026-08-07T10:50:54.278836,489,6,person,0.9093,645.2,414.3,1087.7,1000.8,866,707,none
2026-08-07T10:50:54.347923,490,2,person,0.9387,1463.9,320.6,1919.1,1071.5,1691,696,none
2026-08-07T10:50:54.349014,490,6,person,0.9116,647.5,415.0,1088.9,1000.7,868,707,none
2026-08-07T10:50:54.412797,491,2,person,0.9391,1464.0,320.6,1919.3,1071.7,1691,696,none
2026-08-07T10:50:54.413846,491,6,person,0.9131,649.8,415.8,1090.3,1000.9,870,708,none
2026-08-07T10:50:54.480658,492,2,person,0.9379,1464.0,320.4,1919.4,1071.8,1691,696,none
2026-08-07T10:50:54.481810,492,6,person,0.9116,652.8,415.7,1093.6,1001.4,873,708,none
2026-08-07T10:50:54.547496,493,2,person,0.9362,1464.2,320.6,1919.4,1071.7,1691,696,none
2026-08-07T10:50:54.548782,493,6,person,0.9121,652.9,415.3,1094.0,1001.9,873,708,none
2026-08-07T10:50:54.649458,494,2,person,0.935,1464.1,320.6,1919.4,1071.9,1691,696,none
2026-08-07T10:50:54.650693,494,6,person,0.9081,653.5,414.8,1095.0,1002.7,874,708,none
2026-08-07T10:50:54.745939,495,2,person,0.9367,1464.4,320.9,1919.3,1071.5,1691,696,none
2026-08-07T10:50:54.747126,495,6,person,0.9147,653.1,414.4,1093.7,1001.9,873,708,none
2026-08-07T10:50:54.814574,496,2,person,0.9364,1464.4,321.2,1919.1,1071.5,1691,696,none
2026-08-07T10:50:54.815760,496,6,person,0.9139,653.7,414.0,1093.6,1001.6,873,707,none
2026-08-07T10:50:54.919755,497,2,person,0.9346,1464.5,321.5,1919.1,1071.5,1691,696,none
2026-08-07T10:50:54.920983,497,6,person,0.9115,654.2,414.2,1093.6,1001.5,873,707,none
2026-08-07T10:50:55.015673,498,2,person,0.9368,1464.6,321.3,1919.1,1071.3,1691,696,none
2026-08-07T10:50:55.016868,498,6,person,0.9125,654.8,413.6,1094.0,1001.5,874,707,none
2026-08-07T10:50:55.110237,499,2,person,0.9354,1464.6,321.3,1919.0,1071.0,1691,696,none
2026-08-07T10:50:55.111493,499,6,person,0.9134,655.4,413.6,1094.1,1001.4,874,707,none
2026-08-07T10:50:55.181708,500,2,person,0.9347,1464.7,321.2,1919.0,1070.7,1691,695,none
2026-08-07T10:50:55.182956,500,6,person,0.9136,656.0,414.2,1093.9,1001.5,874,707,none
2026-08-07T10:50:55.283887,501,2,person,0.9391,1465.7,321.4,1919.2,1069.7,1692,695,none
2026-08-07T10:50:55.285130,501,6,person,0.9129,656.3,414.2,1093.8,1001.5,875,707,none
2026-08-07T10:50:55.383320,502,2,person,0.9378,1466.3,321.8,1919.3,1069.6,1692,695,none
2026-08-07T10:50:55.384586,502,6,person,0.9127,656.4,414.2,1093.7,1001.6,875,707,none
2026-08-07T10:50:55.449770,503,2,person,0.9401,1466.5,322.0,1919.4,1069.6,1692,695,none
2026-08-07T10:50:55.450974,503,6,person,0.9123,656.5,414.1,1093.6,1001.7,875,707,none
2026-08-07T10:50:55.514641,504,2,person,0.9337,1466.7,322.3,1919.2,1069.3,1692,695,none
2026-08-07T10:50:55.515758,504,6,person,0.912,656.4,414.2,1093.3,1001.9,874,708,none
2026-08-07T10:50:55.580657,505,2,person,0.9372,1465.6,321.8,1919.1,1070.5,1692,696,none
2026-08-07T10:50:55.581835,505,6,person,0.9116,656.4,414.4,1092.9,1001.9,874,708,none
2026-08-07T10:50:55.647835,506,2,person,0.9349,1465.2,321.7,1919.0,1070.8,1692,696,none
2026-08-07T10:50:55.649160,506,6,person,0.9105,656.3,414.2,1092.7,1001.9,874,708,none
2026-08-07T10:50:55.715658,507,2,person,0.9355,1465.0,321.4,1919.0,1070.6,1692,696,none
2026-08-07T10:50:55.716905,507,6,person,0.9117,656.3,413.7,1092.6,1001.9,874,707,none
2026-08-07T10:50:55.819336,508,2,person,0.9362,1465.1,321.2,1918.9,1070.1,1692,695,none
2026-08-07T10:50:55.820545,508,6,person,0.9114,656.4,413.5,1092.6,1001.9,874,707,none
2026-08-07T10:50:55.916267,509,2,person,0.9368,1465.1,321.2,1919.2,1070.7,1692,695,none
2026-08-07T10:50:55.917601,509,6,person,0.9109,656.3,413.3,1092.3,1001.6,874,707,none
2026-08-07T10:50:56.013239,510,2,person,0.9378,1464.9,321.3,1919.2,1071.0,1692,696,none
2026-08-07T10:50:56.014550,510,6,person,0.9106,656.2,413.1,1092.1,1001.5,874,707,none
2026-08-07T10:50:56.083810,511,2,person,0.9381,1465.0,321.5,1919.0,1070.8,1692,696,none
2026-08-07T10:50:56.085031,511,6,person,0.9113,656.2,412.9,1092.1,1001.5,874,707,none
2026-08-07T10:50:56.184849,512,2,person,0.9405,1464.6,321.3,1919.0,1071.1,1691,696,none
2026-08-07T10:50:56.186067,512,6,person,0.9116,656.1,412.6,1092.0,1001.5,874,707,none
2026-08-07T10:50:56.283279,513,2,person,0.9411,1464.2,321.0,1918.9,1071.3,1691,696,none
2026-08-07T10:50:56.284579,513,6,person,0.912,656.1,412.7,1091.9,1001.6,873,707,none
2026-08-07T10:50:56.379854,514,2,person,0.9419,1464.0,320.9,1919.1,1071.8,1691,696,none
2026-08-07T10:50:56.383596,514,6,person,0.9112,656.0,412.6,1091.8,1001.7,873,707,none
2026-08-07T10:50:56.449963,515,2,person,0.9421,1463.9,321.1,1918.9,1071.5,1691,696,none
2026-08-07T10:50:56.451104,515,6,person,0.9118,656.1,412.9,1091.7,1001.6,873,707,none
2026-08-07T10:50:56.545801,516,2,person,0.9388,1464.1,321.1,1918.7,1070.8,1691,695,none
2026-08-07T10:50:56.547026,516,6,person,0.9122,656.4,413.4,1091.5,1001.6,873,707,none
2026-08-07T10:50:56.614841,517,2,person,0.9371,1464.9,321.5,1918.7,1069.8,1691,695,none
2026-08-07T10:50:56.616013,517,6,person,0.9125,656.6,413.9,1091.3,1001.5,873,707,none
2026-08-07T10:50:56.718249,518,2,person,0.9358,1464.3,321.4,1918.8,1070.6,1691,696,none
2026-08-07T10:50:56.719576,518,6,person,0.9122,656.6,414.4,1091.1,1001.5,873,707,none
2026-08-07T10:50:56.830839,519,2,person,0.9363,1465.2,321.9,1918.9,1069.8,1692,695,none
2026-08-07T10:50:56.832205,519,6,person,0.9117,656.7,414.6,1091.2,1001.6,873,708,none
2026-08-07T10:50:56.914697,520,2,person,0.9347,1464.8,322.0,1919.0,1070.7,1691,696,none
2026-08-07T10:50:56.915922,520,6,person,0.9115,656.5,414.4,1091.3,1001.7,873,708,none
2026-08-07T10:50:56.982915,521,2,person,0.9354,1464.6,322.1,1919.1,1071.2,1691,696,none
2026-08-07T10:50:56.984175,521,6,person,0.9122,656.6,414.4,1091.5,1001.8,874,708,none
2026-08-07T10:50:57.048170,522,2,person,0.9363,1464.8,321.9,1918.9,1070.5,1691,696,none
2026-08-07T10:50:57.049491,522,6,person,0.9115,656.6,414.5,1091.5,1001.8,874,708,none
2026-08-07T10:50:57.150196,523,2,person,0.9356,1464.8,321.9,1918.9,1070.2,1691,696,none
2026-08-07T10:50:57.151412,523,6,person,0.9107,656.5,414.1,1091.7,1001.8,874,707,none
2026-08-07T10:50:57.249083,524,2,person,0.9341,1465.7,322.3,1919.1,1069.4,1692,695,none
2026-08-07T10:50:57.250452,524,6,person,0.9102,656.5,413.8,1091.8,1001.7,874,707,none
2026-08-07T10:50:57.348985,525,2,person,0.9341,1465.8,322.2,1919.1,1069.4,1692,695,none
2026-08-07T10:50:57.350295,525,6,person,0.9118,656.5,413.7,1092.0,1001.8,874,707,none
2026-08-07T10:50:57.416681,526,2,person,0.9347,1465.1,321.8,1919.1,1070.2,1692,696,none
2026-08-07T10:50:57.417899,526,6,person,0.9117,656.5,413.7,1091.9,1001.8,874,707,none
2026-08-07T10:50:57.481718,527,2,person,0.9362,1464.7,321.5,1919.2,1070.6,1691,696,none
2026-08-07T10:50:57.482988,527,6,person,0.9118,656.5,413.4,1092.0,1001.7,874,707,none
2026-08-07T10:50:57.583761,528,2,person,0.934,1464.6,321.5,1919.3,1070.9,1691,696,none
2026-08-07T10:50:57.585090,528,6,person,0.9107,656.4,413.1,1092.2,1001.9,874,707,none
2026-08-07T10:50:57.692355,529,2,person,0.9327,1464.8,321.6,1919.2,1070.5,1691,696,none
2026-08-07T10:50:57.693727,529,6,person,0.9127,656.5,413.0,1092.4,1001.9,874,707,none
2026-08-07T10:50:57.780753,530,2,person,0.9333,1465.9,322.1,1919.3,1069.4,1692,695,none
2026-08-07T10:50:57.782014,530,6,person,0.9132,656.6,413.0,1092.4,1001.9,874,707,none
2026-08-07T10:50:57.856716,531,2,person,0.9358,1465.4,321.8,1919.3,1070.0,1692,695,none
2026-08-07T10:50:57.858307,531,6,person,0.9122,656.8,413.1,1092.4,1002.0,874,707,none
2026-08-07T10:50:57.951967,532,2,person,0.936,1465.3,321.7,1919.2,1070.0,1692,695,none
2026-08-07T10:50:57.953330,532,6,person,0.9131,657.0,413.2,1092.3,1001.8,874,707,none
2026-08-07T10:50:58.044199,533,2,person,0.9367,1466.1,322.3,1919.3,1069.5,1692,695,none
2026-08-07T10:50:58.045427,533,6,person,0.9132,657.1,413.0,1092.4,1001.8,874,707,none
2026-08-07T10:50:58.118268,534,2,person,0.9362,1466.6,322.6,1919.3,1069.2,1692,695,none
2026-08-07T10:50:58.119538,534,6,person,0.9119,657.0,412.9,1092.4,1001.9,874,707,none
2026-08-07T10:50:58.218395,535,2,person,0.9377,1466.5,322.4,1919.2,1069.1,1692,695,none
2026-08-07T10:50:58.219578,535,6,person,0.9116,657.1,413.0,1092.3,1001.9,874,707,none
2026-08-07T10:50:58.315928,536,2,person,0.9369,1465.6,321.6,1919.1,1069.5,1692,695,none
2026-08-07T10:50:58.317146,536,6,person,0.9108,657.1,412.6,1092.5,1001.9,874,707,none
2026-08-07T10:50:58.383211,537,2,person,0.9355,1465.2,321.4,1919.1,1069.8,1692,695,none
2026-08-07T10:50:58.384490,537,6,person,0.9118,657.3,412.4,1092.7,1001.9,874,707,none
2026-08-07T10:50:58.448468,538,2,person,0.9362,1465.1,321.4,1919.1,1070.0,1692,695,none
2026-08-07T10:50:58.449669,538,6,person,0.9112,657.5,412.4,1092.8,1002.0,875,707,none
2026-08-07T10:50:58.514297,539,2,person,0.9365,1465.3,321.5,1919.0,1069.7,1692,695,none
2026-08-07T10:50:58.515451,539,6,person,0.9102,657.5,412.4,1092.7,1002.0,875,707,none
2026-08-07T10:50:58.582665,540,2,person,0.9375,1465.2,321.4,1919.1,1069.8,1692,695,none
2026-08-07T10:50:58.583838,540,6,person,0.9106,657.5,412.3,1092.8,1002.1,875,707,none
2026-08-07T10:50:58.683561,541,2,person,0.9365,1466.3,322.2,1919.0,1068.7,1692,695,none
2026-08-07T10:50:58.684874,541,6,person,0.91,657.5,412.3,1092.7,1002.1,875,707,none
2026-08-07T10:50:58.780904,542,2,person,0.9375,1466.4,322.4,1918.9,1068.4,1692,695,none
2026-08-07T10:50:58.782109,542,6,person,0.9099,657.5,412.2,1092.6,1002.0,875,707,none
2026-08-07T10:50:58.853680,543,2,person,0.9378,1466.3,322.6,1918.8,1068.7,1692,695,none
2026-08-07T10:50:58.855133,543,6,person,0.9104,657.6,412.1,1092.6,1001.9,875,707,none
2026-08-07T10:50:58.951004,544,2,person,0.9389,1465.2,321.7,1918.8,1069.5,1692,695,none
2026-08-07T10:50:58.952294,544,6,person,0.9108,657.6,412.1,1092.5,1001.8,875,706,none
2026-08-07T10:50:59.050706,545,2,person,0.9385,1464.8,321.5,1918.8,1069.8,1691,695,none
2026-08-07T10:50:59.051996,545,6,person,0.9115,657.6,412.1,1092.3,1001.7,874,706,none
2026-08-07T10:50:59.148696,546,2,person,0.9392,1464.7,321.4,1918.8,1069.8,1691,695,none
2026-08-07T10:50:59.150000,546,6,person,0.9105,657.5,412.4,1092.0,1001.7,874,707,none
2026-08-07T10:50:59.217298,547,2,person,0.9396,1464.6,321.4,1918.7,1069.5,1691,695,none
2026-08-07T10:50:59.218541,547,6,person,0.9111,657.3,412.3,1091.8,1001.6,874,706,none
2026-08-07T10:50:59.282156,548,2,person,0.94,1464.6,321.2,1918.7,1069.2,1691,695,none
2026-08-07T10:50:59.283248,548,6,person,0.9098,657.2,412.5,1091.6,1001.7,874,707,none
2026-08-07T10:50:59.382567,549,2,person,0.9372,1464.8,321.6,1918.6,1069.0,1691,695,none
2026-08-07T10:50:59.383845,549,6,person,0.9102,657.4,412.9,1091.5,1001.6,874,707,none
2026-08-07T10:50:59.452751,550,2,person,0.9368,1464.9,321.9,1918.8,1069.5,1691,695,none
2026-08-07T10:50:59.453949,550,6,person,0.9104,657.6,413.0,1091.6,1001.5,874,707,none
2026-08-07T10:50:59.552343,551,2,person,0.9383,1465.0,322.1,1918.9,1069.4,1691,695,none
2026-08-07T10:50:59.553589,551,6,person,0.9115,657.7,412.8,1092.0,1001.5,874,707,none
2026-08-07T10:50:59.650508,552,2,person,0.9375,1465.0,322.4,1918.9,1069.5,1691,695,none
2026-08-07T10:50:59.651818,552,6,person,0.9102,658.0,412.8,1092.4,1001.7,875,707,none
2026-08-07T10:50:59.747099,553,2,person,0.9382,1465.1,322.5,1918.8,1069.1,1691,695,none
2026-08-07T10:50:59.748319,553,6,person,0.9102,658.1,412.9,1092.6,1001.9,875,707,none
2026-08-07T10:50:59.816785,554,2,person,0.9394,1465.2,322.3,1918.9,1069.1,1692,695,none
2026-08-07T10:50:59.817979,554,6,person,0.9103,658.3,412.9,1092.9,1002.1,875,707,none
2026-08-07T10:50:59.918770,555,2,person,0.9366,1466.0,322.8,1919.1,1068.5,1692,695,none
2026-08-07T10:50:59.920061,555,6,person,0.9108,658.4,413.0,1093.0,1002.2,875,707,none
2026-08-07T10:51:00.017209,556,2,person,0.9334,1466.3,323.0,1919.2,1068.6,1692,695,none
2026-08-07T10:51:00.018478,556,6,person,0.9111,658.3,412.9,1093.1,1002.2,875,707,none
2026-08-07T10:51:00.113036,557,2,person,0.9324,1466.3,323.0,1919.3,1068.7,1692,695,none
2026-08-07T10:51:00.114295,557,6,person,0.9111,658.3,413.0,1093.0,1002.2,875,707,none
2026-08-07T10:51:00.183996,558,2,person,0.9326,1466.4,323.0,1919.2,1068.5,1692,695,none
2026-08-07T10:51:00.185216,558,6,person,0.9112,658.2,412.8,1093.0,1002.1,875,707,none
2026-08-07T10:51:00.285621,559,2,person,0.9336,1466.5,322.9,1919.4,1068.8,1692,695,none
2026-08-07T10:51:00.286800,559,6,person,0.9109,658.1,412.8,1092.9,1002.0,875,707,none
2026-08-07T10:51:00.383794,560,2,person,0.9349,1466.6,322.8,1919.5,1068.8,1693,695,none
2026-08-07T10:51:00.385084,560,6,person,0.9101,657.9,412.8,1092.8,1002.1,875,707,none
2026-08-07T10:51:00.480181,561,2,person,0.9352,1466.7,322.7,1919.7,1069.2,1693,695,none
2026-08-07T10:51:00.481394,561,6,person,0.9109,657.8,412.7,1092.9,1002.2,875,707,none
2026-08-07T10:51:00.549971,562,2,person,0.9356,1466.7,322.6,1919.7,1069.5,1693,696,none
2026-08-07T10:51:00.551171,562,6,person,0.9109,657.8,412.7,1093.0,1002.2,875,707,none
2026-08-07T10:51:00.615558,563,2,person,0.933,1466.7,322.6,1919.7,1069.7,1693,696,none
2026-08-07T10:51:00.616734,563,6,person,0.9107,657.9,412.9,1092.9,1002.2,875,707,none
2026-08-07T10:51:00.716761,564,2,person,0.9331,1465.4,322.4,1919.1,1070.4,1692,696,none
2026-08-07T10:51:00.717997,564,6,person,0.9111,657.9,412.9,1092.8,1002.1,875,707,none
2026-08-07T10:51:00.782759,565,2,person,0.9332,1464.9,322.1,1919.0,1070.8,1691,696,none
2026-08-07T10:51:00.784009,565,6,person,0.9121,657.9,412.7,1093.0,1002.1,875,707,none
2026-08-07T10:51:00.882659,566,2,person,0.9325,1464.7,321.9,1919.1,1071.1,1691,696,none
2026-08-07T10:51:00.883902,566,6,person,0.9119,657.8,412.3,1093.1,1002.1,875,707,none
2026-08-07T10:51:00.949731,567,2,person,0.9319,1466.2,322.5,1919.4,1070.0,1692,696,none
2026-08-07T10:51:00.950994,567,6,person,0.9121,657.8,412.3,1093.0,1002.0,875,707,none
2026-08-07T10:51:01.072876,568,2,person,0.9348,1466.5,322.4,1919.5,1069.7,1692,696,none
2026-08-07T10:51:01.074304,568,6,person,0.9106,657.9,412.3,1093.0,1002.0,875,707,none
2026-08-07T10:51:01.150324,569,2,person,0.9348,1466.4,322.3,1919.4,1069.7,1692,695,none
2026-08-07T10:51:01.151525,569,6,person,0.9109,658.1,412.2,1093.1,1001.9,875,707,none
2026-08-07T10:51:01.251459,570,2,person,0.9397,1465.5,322.1,1919.2,1070.6,1692,696,none
2026-08-07T10:51:01.252617,570,6,person,0.9097,658.1,412.3,1093.1,1002.0,875,707,none
2026-08-07T10:51:01.350648,571,2,person,0.9385,1464.8,321.5,1919.2,1071.3,1692,696,none
2026-08-07T10:51:01.351971,571,6,person,0.9098,658.1,412.4,1093.1,1002.0,875,707,none
2026-08-07T10:51:01.448069,572,2,person,0.9394,1464.6,321.3,1919.3,1071.6,1691,696,none
2026-08-07T10:51:01.449337,572,6,person,0.9089,658.3,412.5,1093.1,1001.9,875,707,none
2026-08-07T10:51:01.517110,573,2,person,0.9401,1464.4,320.3,1919.6,1071.8,1692,696,none
2026-08-07T10:51:01.518341,573,6,person,0.9085,658.3,412.3,1093.1,1001.9,875,707,none
2026-08-07T10:51:01.582025,574,2,person,0.9408,1464.2,319.1,1919.9,1071.7,1692,695,none
2026-08-07T10:51:01.583257,574,6,person,0.908,658.4,412.4,1093.1,1001.8,875,707,none
2026-08-07T10:51:01.650672,575,2,person,0.9377,1463.8,317.6,1920.0,1072.4,1691,695,none
2026-08-07T10:51:01.651875,575,6,person,0.9082,658.6,412.6,1093.1,1001.8,875,707,none
2026-08-07T10:51:01.752316,576,2,person,0.9399,1464.3,316.2,1920.0,1071.4,1692,693,none
2026-08-07T10:51:01.753554,576,6,person,0.9087,658.8,412.9,1093.0,1001.8,875,707,none
2026-08-07T10:51:01.873813,577,2,person,0.941,1464.1,315.4,1920.0,1071.3,1692,693,none
2026-08-07T10:51:01.875190,577,6,person,0.9086,658.7,412.9,1093.0,1002.0,875,707,none
2026-08-07T10:51:01.947711,578,2,person,0.9474,1464.8,315.1,1920.0,1071.0,1692,693,none
2026-08-07T10:51:01.948978,578,6,person,0.909,658.6,412.6,1093.1,1001.9,875,707,none
2026-08-07T10:51:02.016216,579,2,person,0.9389,1464.5,314.6,1920.0,1071.8,1692,693,none
2026-08-07T10:51:02.017423,579,6,person,0.9073,658.5,412.4,1093.1,1002.0,875,707,none
2026-08-07T10:51:02.082410,580,2,person,0.9486,1463.4,312.9,1920.0,1072.9,1691,692,none
2026-08-07T10:51:02.083672,580,6,person,0.9074,658.5,412.6,1093.0,1002.2,875,707,none
2026-08-07T10:51:02.148130,581,2,person,0.9467,1463.0,312.7,1920.0,1072.9,1691,692,none
2026-08-07T10:51:02.149290,581,6,person,0.9077,658.5,412.6,1093.0,1002.2,875,707,none
2026-08-07T10:51:02.216480,582,2,person,0.9481,1462.8,311.1,1920.0,1072.5,1691,691,none
2026-08-07T10:51:02.217676,582,6,person,0.909,658.6,412.7,1092.9,1002.1,875,707,none
2026-08-07T10:51:02.282366,583,2,person,0.9482,1462.9,310.5,1920.0,1072.1,1691,691,none
2026-08-07T10:51:02.283652,583,6,person,0.9094,658.7,412.8,1092.8,1001.9,875,707,none
2026-08-07T10:51:02.349291,584,2,person,0.9491,1463.1,310.7,1920.0,1071.9,1691,691,none
2026-08-07T10:51:02.350565,584,6,person,0.9098,658.8,412.9,1092.9,1002.0,875,707,none
2026-08-07T10:51:02.451211,585,2,person,0.9504,1463.1,310.3,1920.0,1072.5,1691,691,none
2026-08-07T10:51:02.452512,585,6,person,0.9091,658.9,412.9,1093.0,1001.9,875,707,none
2026-08-07T10:51:02.551533,586,2,person,0.9525,1463.3,310.6,1920.0,1072.5,1691,691,none
2026-08-07T10:51:02.552782,586,6,person,0.9095,659.0,412.8,1093.0,1001.8,875,707,none
2026-08-07T10:51:02.646402,587,2,person,0.9477,1463.1,311.2,1919.8,1072.7,1691,691,none
2026-08-07T10:51:02.647647,587,6,person,0.9094,659.0,412.6,1093.0,1001.7,876,707,none
2026-08-07T10:51:02.719000,588,2,person,0.9452,1463.5,313.0,1919.1,1072.4,1691,692,none
2026-08-07T10:51:02.720272,588,6,person,0.9092,658.9,412.4,1093.1,1001.7,876,707,none
2026-08-07T10:51:02.820099,589,2,person,0.9452,1464.1,315.1,1918.4,1072.1,1691,693,none
2026-08-07T10:51:02.821331,589,6,person,0.9089,658.9,412.4,1093.1,1001.9,876,707,none
2026-08-07T10:51:02.917219,590,2,person,0.9447,1464.4,315.5,1918.6,1072.1,1691,693,none
2026-08-07T10:51:02.918464,590,6,person,0.9095,659.0,412.5,1093.1,1001.9,876,707,none
2026-08-07T10:51:03.012971,591,2,person,0.9385,1464.9,314.9,1919.3,1072.1,1692,693,none
2026-08-07T10:51:03.014240,591,6,person,0.9095,659.0,412.6,1093.1,1001.9,876,707,none
2026-08-07T10:51:03.085960,592,2,person,0.9408,1465.2,314.1,1919.8,1072.0,1692,693,none
2026-08-07T10:51:03.087235,592,6,person,0.9094,659.1,412.8,1093.1,1002.0,876,707,none
2026-08-07T10:51:03.191416,593,2,person,0.9383,1465.0,312.8,1920.0,1072.8,1692,692,none
2026-08-07T10:51:03.192904,593,6,person,0.9093,659.2,412.6,1093.1,1001.9,876,707,none
2026-08-07T10:51:03.284990,594,2,person,0.9388,1465.3,311.1,1920.0,1072.6,1692,691,none
2026-08-07T10:51:03.286295,594,6,person,0.9096,659.1,412.3,1093.1,1001.9,876,707,none
2026-08-07T10:51:03.379919,595,2,person,0.9414,1465.4,310.5,1920.0,1072.5,1692,691,none
2026-08-07T10:51:03.381124,595,6,person,0.9093,659.0,412.2,1092.8,1001.8,875,707,none
2026-08-07T10:51:03.451160,596,2,person,0.9468,1465.2,310.9,1920.0,1073.1,1692,692,none
2026-08-07T10:51:03.452413,596,6,person,0.9087,659.2,412.5,1092.6,1001.5,875,707,none
2026-08-07T10:51:03.556271,597,2,person,0.9521,1465.1,310.9,1920.0,1073.3,1692,692,none
2026-08-07T10:51:03.557604,597,6,person,0.911,660.3,412.6,1092.9,1000.1,876,706,none
2026-08-07T10:51:03.648312,598,2,person,0.9463,1464.5,311.7,1919.8,1074.2,1692,692,none
2026-08-07T10:51:03.649558,598,6,person,0.9098,661.5,412.4,1093.0,997.4,877,704,none
2026-08-07T10:51:03.729133,599,2,person,0.9441,1464.5,312.9,1919.2,1074.3,1691,693,none
2026-08-07T10:51:03.730595,599,6,person,0.9093,662.2,412.2,1093.0,995.2,877,703,none
2026-08-07T10:51:03.824604,600,2,person,0.9467,1464.6,313.7,1918.9,1074.2,1691,693,none
2026-08-07T10:51:03.825948,600,6,person,0.9112,662.3,409.9,1093.0,990.8,877,700,none
2026-08-07T10:51:03.915639,601,2,person,0.9388,1464.5,313.6,1918.7,1073.8,1691,693,none
2026-08-07T10:51:03.916909,601,6,person,0.9143,663.8,409.1,1093.9,987.4,878,698,none
2026-08-07T10:51:04.013687,602,2,person,0.9259,1464.8,314.8,1918.4,1073.6,1691,694,none
2026-08-07T10:51:04.014884,602,6,person,0.9114,666.4,410.8,1095.1,985.5,880,698,none
2026-08-07T10:51:04.086206,603,2,person,0.9314,1464.3,316.5,1917.2,1073.3,1690,694,none
2026-08-07T10:51:04.087485,603,6,person,0.912,669.5,413.1,1095.8,983.5,882,698,none
2026-08-07T10:51:04.185891,604,2,person,0.9426,1464.8,315.6,1918.1,1072.7,1691,694,none
2026-08-07T10:51:04.187096,604,6,person,0.9066,670.7,416.0,1097.6,987.7,884,701,none
2026-08-07T10:51:04.284374,605,2,person,0.9392,1465.0,314.8,1918.5,1072.2,1691,693,none
2026-08-07T10:51:04.285527,605,6,person,0.9018,672.1,419.8,1097.2,990.1,884,704,none
2026-08-07T10:51:04.379539,606,2,person,0.9069,1459.7,316.3,1913.7,1071.8,1686,694,none
2026-08-07T10:51:04.380695,606,6,person,0.9036,673.7,425.7,1092.6,988.2,883,706,none
2026-08-07T10:51:04.450407,607,2,person,0.8905,1456.0,317.7,1911.2,1072.2,1683,694,none
2026-08-07T10:51:04.451631,607,6,person,0.9007,675.6,430.2,1088.7,984.6,882,707,none
2026-08-07T10:51:04.572737,608,2,person,0.8619,1447.9,319.4,1904.7,1070.0,1676,694,none
2026-08-07T10:51:04.573933,608,6,person,0.9053,676.4,435.2,1085.3,983.8,880,709,none
2026-08-07T10:51:04.650873,609,2,person,0.8845,1447.8,320.6,1905.9,1069.0,1676,694,none
2026-08-07T10:51:04.652128,609,6,person,0.9068,676.9,440.6,1086.8,989.1,881,714,none
2026-08-07T10:51:04.752437,610,2,person,0.8655,1418.2,321.7,1885.0,1068.4,1651,695,none
2026-08-07T10:51:04.753610,610,6,person,0.8865,685.5,444.3,1093.4,984.0,889,714,none
2026-08-07T10:51:04.852780,611,2,person,0.829,1396.7,322.4,1873.8,1068.2,1635,695,none
2026-08-07T10:51:04.854161,611,6,person,0.8965,693.8,445.0,1110.2,987.3,902,716,none
2026-08-07T10:51:04.947975,612,2,person,0.8041,1382.4,322.1,1870.2,1068.2,1626,695,none
2026-08-07T10:51:04.949227,612,6,person,0.8991,709.0,443.9,1131.8,984.7,920,714,none
2026-08-07T10:51:05.048561,613,2,person,0.8568,1360.3,321.6,1861.4,1068.0,1610,694,none
2026-08-07T10:51:05.049894,613,6,person,0.8926,716.4,442.3,1155.9,999.9,936,721,none
2026-08-07T10:51:05.149566,614,2,person,0.8416,1337.4,322.2,1852.5,1067.1,1594,694,none
2026-08-07T10:51:05.150862,614,6,person,0.8992,722.2,438.2,1167.5,999.2,944,718,none
2026-08-07T10:51:05.249949,615,2,person,0.8563,1320.9,321.4,1851.3,1067.8,1586,694,none
2026-08-07T10:51:05.251209,615,6,person,0.8891,728.5,433.7,1180.5,1001.4,954,717,none
2026-08-07T10:51:05.348678,616,2,person,0.8542,1312.1,320.0,1856.3,1068.1,1584,694,none
2026-08-07T10:51:05.349844,616,6,person,0.8704,733.4,430.6,1193.1,1006.7,963,718,none
2026-08-07T10:51:05.447361,617,2,person,0.8834,1283.7,319.9,1845.5,1069.0,1564,694,none
2026-08-07T10:51:05.448598,617,6,person,0.8781,735.3,426.8,1203.0,1012.9,969,719,none
2026-08-07T10:51:05.516700,618,2,person,0.8977,1262.9,319.2,1841.9,1069.0,1552,694,none
2026-08-07T10:51:05.517911,618,6,person,0.8847,736.8,424.5,1204.3,1010.5,970,717,none
2026-08-07T10:51:05.619409,619,2,person,0.887,1254.2,318.4,1848.1,1069.2,1551,693,none
2026-08-07T10:51:05.620581,619,6,person,0.8886,737.7,423.1,1203.0,1007.1,970,715,none
2026-08-07T10:51:05.711948,620,2,person,0.8724,1245.1,317.8,1853.1,1069.7,1549,693,none
2026-08-07T10:51:05.713191,620,6,person,0.8821,737.1,422.5,1197.9,1002.0,967,712,none
2026-08-07T10:51:05.782781,621,2,person,0.8766,1234.0,317.7,1855.5,1070.0,1544,693,none
2026-08-07T10:51:05.784030,621,6,person,0.8827,735.9,422.4,1192.8,998.1,964,710,none
2026-08-07T10:51:05.884878,622,2,person,0.8656,1221.2,317.3,1856.3,1070.1,1538,693,none
2026-08-07T10:51:05.886143,622,6,person,0.8407,729.3,422.1,1187.6,1003.0,958,712,none
2026-08-07T10:51:05.985098,623,2,person,0.8789,1208.8,317.3,1857.0,1070.1,1532,693,none
2026-08-07T10:51:05.986319,623,6,person,0.8453,723.9,421.3,1180.2,1001.4,952,711,none
2026-08-07T10:51:06.082759,624,2,person,0.8267,1217.6,317.0,1873.7,1070.4,1545,693,none
2026-08-07T10:51:06.084099,624,6,person,0.7981,711.9,421.9,1166.4,998.9,939,710,none
2026-08-07T10:51:06.182927,625,2,person,0.8732,1254.7,317.6,1909.2,1071.9,1581,694,none
2026-08-07T10:51:06.184206,625,6,person,0.8431,692.1,422.8,1149.0,1001.5,920,712,none
2026-08-07T10:51:06.282886,626,2,person,0.8507,1303.3,317.1,1920.0,1071.6,1611,694,none
2026-08-07T10:51:06.284244,626,6,person,0.8911,680.8,424.1,1146.6,1007.3,913,715,none
2026-08-07T10:51:06.382866,627,2,person,0.9345,1357.8,317.1,1920.0,1071.6,1638,694,none
2026-08-07T10:51:06.384162,627,6,person,0.8971,667.2,425.1,1139.6,1009.3,903,717,none
2026-08-07T10:51:06.483571,628,2,person,0.9029,1382.2,317.2,1920.0,1071.5,1651,694,none
2026-08-07T10:51:06.484893,628,6,person,0.877,655.8,426.1,1125.6,999.3,890,712,none
2026-08-07T10:51:06.583403,629,2,person,0.9395,1397.0,318.6,1920.0,1070.9,1658,694,none
2026-08-07T10:51:06.584644,629,6,person,0.8986,645.0,425.7,1124.0,1003.9,884,714,none
2026-08-07T10:51:06.682746,630,2,person,0.9375,1405.8,318.9,1920.0,1070.5,1662,694,none
2026-08-07T10:51:06.684059,630,6,person,0.8902,635.2,425.1,1116.6,1000.9,875,713,none
2026-08-07T10:51:06.783030,631,2,person,0.9381,1412.3,319.6,1920.0,1070.4,1666,695,none
2026-08-07T10:51:06.784306,631,6,person,0.898,626.5,425.5,1112.1,1001.9,869,713,none
2026-08-07T10:51:06.882551,632,2,person,0.9394,1417.7,320.9,1920.0,1070.4,1668,695,none
2026-08-07T10:51:06.883864,632,6,person,0.9018,621.1,425.8,1112.4,1004.2,866,714,none
2026-08-07T10:51:06.982114,633,2,person,0.9388,1422.6,322.2,1920.0,1070.1,1671,696,none
2026-08-07T10:51:06.983418,633,6,person,0.8963,617.2,425.9,1112.4,1005.0,864,715,none
2026-08-07T10:51:07.083317,634,2,person,0.936,1426.4,322.2,1920.0,1070.3,1673,696,none
2026-08-07T10:51:07.084582,634,6,person,0.9051,614.8,425.8,1114.9,1006.9,864,716,none
2026-08-07T10:51:07.181419,635,2,person,0.9337,1430.1,323.4,1920.0,1070.6,1675,697,none
2026-08-07T10:51:07.182709,635,6,person,0.9033,611.8,424.3,1117.7,1008.7,864,716,none
2026-08-07T10:51:07.249512,636,2,person,0.9315,1433.7,324.8,1920.0,1070.9,1676,697,none
2026-08-07T10:51:07.250711,636,6,person,0.9022,609.9,423.9,1121.0,1010.8,865,717,none
2026-08-07T10:51:07.315272,637,2,person,0.9331,1437.2,326.9,1920.0,1071.0,1678,698,none
2026-08-07T10:51:07.316445,637,6,person,0.9063,608.8,423.6,1124.7,1011.9,866,717,none
2026-08-07T10:51:07.418062,638,2,person,0.9341,1440.4,329.2,1920.0,1071.3,1680,700,none
2026-08-07T10:51:07.419207,638,6,person,0.9112,606.4,423.6,1127.9,1014.6,867,719,none
2026-08-07T10:51:07.519947,639,2,person,0.9331,1443.0,330.5,1920.0,1071.5,1681,701,none
2026-08-07T10:51:07.521260,639,6,person,0.9136,603.9,424.0,1129.6,1016.6,866,720,none
2026-08-07T10:51:07.616086,640,2,person,0.9335,1444.6,330.3,1920.0,1071.6,1682,700,none
2026-08-07T10:51:07.617383,640,6,person,0.9107,602.4,424.4,1131.0,1017.2,866,720,none
2026-08-07T10:51:07.696662,641,2,person,0.9324,1446.3,330.7,1920.0,1071.7,1683,701,none
2026-08-07T10:51:07.698159,641,6,person,0.9073,601.0,424.6,1132.2,1017.4,866,720,none
2026-08-07T10:51:07.788537,642,2,person,0.9276,1448.1,332.1,1920.0,1071.6,1684,701,none
2026-08-07T10:51:07.789845,642,6,person,0.9067,600.6,424.7,1134.9,1018.1,867,721,none
2026-08-07T10:51:07.885355,643,2,person,0.9266,1449.9,333.5,1920.0,1071.7,1684,702,none
2026-08-07T10:51:07.886625,643,6,person,0.8992,598.3,424.7,1134.4,1018.1,866,721,none
2026-08-07T10:51:07.982133,644,2,person,0.9323,1451.4,333.9,1920.0,1071.5,1685,702,none
2026-08-07T10:51:07.983330,644,6,person,0.896,596.2,425.0,1133.6,1018.6,864,721,none
2026-08-07T10:51:08.052195,645,2,person,0.937,1452.5,333.9,1920.0,1071.6,1686,702,none
2026-08-07T10:51:08.053485,645,6,person,0.8957,596.0,425.5,1134.9,1019.0,865,722,none
2026-08-07T10:51:08.156418,646,2,person,0.9399,1453.6,334.2,1920.0,1071.6,1686,702,none
2026-08-07T10:51:08.157629,646,6,person,0.894,594.9,426.1,1134.4,1019.0,864,722,none
2026-08-07T10:51:08.251589,647,2,person,0.9389,1454.7,334.4,1920.0,1071.2,1687,702,none
2026-08-07T10:51:08.252883,647,6,person,0.9067,595.6,426.7,1136.2,1019.2,865,722,none
2026-08-07T10:51:08.347936,648,2,person,0.9388,1455.5,333.9,1920.0,1071.1,1687,702,none
2026-08-07T10:51:08.349206,648,6,person,0.8979,594.2,426.6,1135.2,1018.6,864,722,none
2026-08-07T10:51:08.418247,649,2,person,0.9367,1456.3,333.8,1920.0,1071.0,1688,702,none
2026-08-07T10:51:08.419433,649,6,person,0.8983,593.3,426.7,1134.3,1018.1,863,722,none
2026-08-07T10:51:08.520868,650,2,person,0.9342,1457.1,334.1,1920.0,1070.9,1688,702,none
2026-08-07T10:51:08.522103,650,6,person,0.9026,593.5,426.9,1134.5,1017.4,864,722,none
2026-08-07T10:51:08.618454,651,2,person,0.9336,1457.6,334.1,1920.0,1071.0,1688,702,none
2026-08-07T10:51:08.619794,651,6,person,0.8975,592.0,426.9,1132.8,1016.9,862,721,none
2026-08-07T10:51:08.713809,652,2,person,0.9308,1458.1,334.1,1920.0,1071.0,1689,702,none
2026-08-07T10:51:08.714998,652,6,person,0.8981,591.5,426.9,1132.4,1016.9,861,721,none
2026-08-07T10:51:08.785375,653,2,person,0.9328,1458.4,333.7,1920.0,1071.2,1689,702,none
2026-08-07T10:51:08.786620,653,6,person,0.8945,590.9,427.1,1131.9,1017.1,861,722,none
2026-08-07T10:51:08.883387,654,2,person,0.9346,1459.0,333.6,1920.0,1071.3,1689,702,none
2026-08-07T10:51:08.884642,654,6,person,0.8994,590.5,426.7,1131.7,1017.0,861,721,none
2026-08-07T10:51:08.949579,655,2,person,0.9336,1459.3,333.7,1920.0,1071.2,1689,702,none
2026-08-07T10:51:08.950848,655,6,person,0.8975,590.3,426.6,1131.3,1016.7,860,721,none
2026-08-07T10:51:09.015687,656,2,person,0.9324,1459.6,333.8,1920.0,1071.2,1689,702,none
2026-08-07T10:51:09.016975,656,6,person,0.894,589.4,426.4,1130.2,1016.5,859,721,none
2026-08-07T10:51:09.081322,657,2,person,0.9333,1460.0,333.7,1920.0,1071.2,1689,702,none
2026-08-07T10:51:09.082547,657,6,person,0.8915,587.8,425.8,1128.4,1016.7,858,721,none
2026-08-07T10:51:09.149492,658,2,person,0.9323,1460.4,333.7,1920.0,1071.1,1690,702,none
2026-08-07T10:51:09.150718,658,6,person,0.8928,588.7,425.5,1129.6,1016.9,859,721,none
2026-08-07T10:51:09.251502,659,2,person,0.9339,1460.7,333.8,1920.0,1071.0,1690,702,none
2026-08-07T10:51:09.252692,659,6,person,0.8892,588.2,425.0,1128.9,1016.7,858,720,none
2026-08-07T10:51:09.349875,660,2,person,0.9331,1460.9,333.7,1920.0,1070.9,1690,702,none
2026-08-07T10:51:09.351183,660,6,person,0.8878,588.0,424.3,1128.9,1017.0,858,720,none
2026-08-07T10:51:09.417291,661,2,person,0.933,1461.2,333.5,1920.0,1070.6,1690,702,none
2026-08-07T10:51:09.418490,661,6,person,0.8863,588.0,424.0,1129.0,1017.2,858,720,none
2026-08-07T10:51:09.519809,662,2,person,0.9333,1461.3,333.3,1920.0,1070.8,1690,702,none
2026-08-07T10:51:09.521128,662,6,person,0.889,588.8,423.9,1129.6,1017.1,859,720,none
2026-08-07T10:51:09.618147,663,2,person,0.9342,1461.4,333.3,1920.0,1071.2,1690,702,none
2026-08-07T10:51:09.619346,663,6,person,0.8909,589.1,423.6,1129.8,1016.9,859,720,none
2026-08-07T10:51:09.714503,664,2,person,0.9344,1461.5,332.9,1920.0,1071.3,1690,702,none
2026-08-07T10:51:09.715762,664,6,person,0.8949,589.7,423.8,1130.0,1016.5,859,720,none
2026-08-07T10:51:09.785458,665,2,person,0.9348,1461.7,333.0,1920.0,1071.2,1690,702,none
2026-08-07T10:51:09.786756,665,6,person,0.8913,589.6,424.0,1129.8,1016.7,859,720,none
2026-08-07T10:51:09.883653,666,2,person,0.931,1462.2,333.3,1920.0,1071.1,1691,702,none
2026-08-07T10:51:09.884935,666,6,person,0.8944,591.2,423.9,1132.2,1016.9,861,720,none
2026-08-07T10:51:09.984559,667,2,person,0.9312,1462.2,333.3,1920.0,1071.3,1691,702,none
2026-08-07T10:51:09.985806,667,6,person,0.8941,591.6,423.9,1133.3,1017.3,862,720,none
2026-08-07T10:51:10.081966,668,2,person,0.9306,1462.2,333.0,1920.0,1071.2,1691,702,none
2026-08-07T10:51:10.083142,668,6,person,0.8952,591.2,424.3,1132.6,1017.2,861,720,none
2026-08-07T10:51:10.151972,669,2,person,0.9355,1462.4,332.8,1920.0,1071.1,1691,701,none
2026-08-07T10:51:10.153108,669,6,person,0.8909,590.7,424.1,1132.6,1017.4,861,720,none
2026-08-07T10:51:10.253695,670,2,person,0.9345,1462.5,333.4,1920.0,1071.5,1691,702,none
2026-08-07T10:51:10.255019,670,6,person,0.8917,591.3,424.9,1132.8,1017.6,862,721,none
2026-08-07T10:51:10.354328,671,2,person,0.9346,1462.5,333.7,1919.8,1071.6,1691,702,none
2026-08-07T10:51:10.355586,671,6,person,0.8869,590.8,425.1,1132.3,1017.6,861,721,none
2026-08-07T10:51:10.448123,672,2,person,0.9357,1462.3,333.9,1919.4,1071.5,1690,702,none
2026-08-07T10:51:10.449355,672,6,person,0.8866,590.0,425.2,1131.1,1017.4,860,721,none
2026-08-07T10:51:10.518510,673,2,person,0.9355,1462.1,333.7,1919.3,1071.5,1690,702,none
2026-08-07T10:51:10.519718,673,6,person,0.8857,590.5,425.7,1131.3,1017.6,860,721,none
2026-08-07T10:51:10.619389,674,2,person,0.9371,1461.8,333.5,1919.1,1071.5,1690,702,none
2026-08-07T10:51:10.620716,674,6,person,0.8845,590.0,425.7,1130.6,1017.5,860,721,none
2026-08-07T10:51:10.718468,675,2,person,0.9368,1461.8,333.4,1919.0,1071.3,1690,702,none
2026-08-07T10:51:10.719742,675,6,person,0.8821,590.3,426.2,1130.6,1017.5,860,721,none
2026-08-07T10:51:10.821995,676,2,person,0.9357,1461.8,333.6,1919.0,1071.4,1690,702,none
2026-08-07T10:51:10.823224,676,6,person,0.879,589.5,425.6,1130.2,1017.7,859,721,none
2026-08-07T10:51:10.915381,677,2,person,0.933,1462.0,333.8,1919.1,1071.5,1690,702,none
2026-08-07T10:51:10.916792,677,6,person,0.8777,588.9,425.1,1130.0,1017.9,859,721,none
2026-08-07T10:51:10.999831,678,2,person,0.9331,1462.1,333.9,1919.1,1071.3,1690,702,none
2026-08-07T10:51:11.001262,678,6,person,0.8794,588.1,424.8,1128.9,1017.8,858,721,none
2026-08-07T10:51:11.089816,679,2,person,0.9327,1462.1,333.6,1919.1,1071.2,1690,702,none
2026-08-07T10:51:11.091068,679,6,person,0.8699,586.1,424.7,1125.7,1017.3,855,720,none
2026-08-07T10:51:11.182818,680,2,person,0.9315,1462.3,333.3,1919.2,1071.0,1690,702,none
2026-08-07T10:51:11.184033,680,6,person,0.8678,584.3,424.4,1122.4,1016.8,853,720,none
2026-08-07T10:51:11.265087,681,2,person,0.9318,1462.3,333.4,1919.2,1071.0,1690,702,none
2026-08-07T10:51:11.266466,681,6,person,0.8684,584.1,424.3,1120.4,1016.2,852,720,none
2026-08-07T10:51:11.349857,682,2,person,0.9316,1462.4,333.6,1919.2,1071.1,1690,702,none
2026-08-07T10:51:11.351137,682,6,person,0.8701,580.7,424.3,1113.9,1015.3,847,719,none
2026-08-07T10:51:11.417529,683,2,person,0.9325,1462.6,333.7,1919.2,1071.1,1690,702,none
2026-08-07T10:51:11.418728,683,6,person,0.8691,578.5,424.3,1108.2,1014.2,843,719,none
2026-08-07T10:51:11.519147,684,2,person,0.9344,1462.6,334.0,1919.1,1071.2,1690,702,none
2026-08-07T10:51:11.520395,684,6,person,0.8693,578.5,424.6,1105.2,1013.7,841,719,none
2026-08-07T10:51:11.618238,685,2,person,0.9337,1462.8,333.9,1919.2,1071.0,1690,702,none
2026-08-07T10:51:11.619383,685,6,person,0.8665,580.0,425.0,1104.7,1013.9,842,719,none
2026-08-07T10:51:11.714980,686,2,person,0.9336,1463.0,334.2,1919.3,1071.1,1691,702,none
2026-08-07T10:51:11.716215,686,6,person,0.8634,580.6,425.0,1103.5,1014.0,842,719,none
2026-08-07T10:51:11.784507,687,2,person,0.9341,1463.1,334.4,1919.2,1071.2,1691,702,none
2026-08-07T10:51:11.785696,687,6,person,0.8622,582.2,425.1,1104.1,1014.4,843,719,none
2026-08-07T10:51:11.884286,688,2,person,0.9305,1463.3,334.7,1919.1,1071.0,1691,702,none
2026-08-07T10:51:11.885632,688,6,person,0.8632,586.2,425.4,1107.7,1014.4,846,719,none
2026-08-07T10:51:11.984625,689,2,person,0.931,1463.3,334.8,1918.9,1070.9,1691,702,none
2026-08-07T10:51:11.985894,689,6,person,0.8759,591.0,425.5,1114.4,1015.6,852,720,none
2026-08-07T10:51:12.084447,690,2,person,0.9321,1463.0,334.9,1918.8,1071.0,1690,702,none
2026-08-07T10:51:12.085649,690,6,person,0.8791,593.5,425.7,1117.9,1015.6,855,720,none
2026-08-07T10:51:12.151499,691,2,person,0.9314,1463.2,334.9,1918.9,1070.9,1691,702,none
2026-08-07T10:51:12.152775,691,6,person,0.8861,595.9,425.7,1122.3,1016.0,859,720,none
2026-08-07T10:51:12.253392,692,2,person,0.9314,1463.1,334.9,1918.9,1071.0,1690,702,none
2026-08-07T10:51:12.254567,692,6,person,0.8886,595.9,425.7,1123.3,1015.6,859,720,none
2026-08-07T10:51:12.352189,693,2,person,0.931,1463.1,335.0,1918.8,1071.0,1690,702,none
2026-08-07T10:51:12.353399,693,6,person,0.9028,598.5,425.4,1128.8,1016.1,863,720,none
2026-08-07T10:51:12.446835,694,2,person,0.9331,1463.2,334.8,1919.0,1070.9,1691,702,none
2026-08-07T10:51:12.448005,694,6,person,0.9049,599.3,425.3,1132.0,1016.4,865,720,none
2026-08-07T10:51:12.520672,695,2,person,0.9336,1463.3,334.6,1919.1,1070.9,1691,702,none
2026-08-07T10:51:12.521875,695,6,person,0.9026,598.8,425.5,1133.5,1016.6,866,721,none
2026-08-07T10:51:12.619415,696,2,person,0.9328,1463.4,334.7,1919.1,1070.9,1691,702,none
2026-08-07T10:51:12.620734,696,6,person,0.8997,598.3,425.8,1134.2,1016.3,866,721,none
2026-08-07T10:51:12.718651,697,2,person,0.9312,1463.3,335.2,1918.9,1071.0,1691,703,none
2026-08-07T10:51:12.719852,697,6,person,0.8991,597.7,425.9,1135.1,1016.2,866,721,none
2026-08-07T10:51:12.814342,698,2,person,0.9303,1463.5,335.3,1918.9,1070.8,1691,703,none
2026-08-07T10:51:12.815655,698,6,person,0.8916,595.4,425.8,1133.7,1016.1,864,720,none
2026-08-07T10:51:12.883901,699,2,person,0.9302,1463.4,335.3,1918.8,1070.8,1691,703,none
2026-08-07T10:51:12.885159,699,6,person,0.9003,595.7,425.6,1135.9,1016.4,865,721,none
2026-08-07T10:51:12.949993,700,2,person,0.9325,1463.6,335.2,1918.9,1070.7,1691,702,none
2026-08-07T10:51:12.951297,700,6,person,0.8954,593.8,425.5,1134.5,1016.2,864,720,none
2026-08-07T10:51:13.016625,701,2,person,0.9327,1463.7,335.4,1918.9,1070.7,1691,703,none
2026-08-07T10:51:13.017899,701,6,person,0.8911,590.1,425.3,1130.4,1016.0,860,720,none
2026-08-07T10:51:13.083505,702,2,person,0.9336,1463.4,335.6,1918.7,1070.9,1691,703,none
2026-08-07T10:51:13.084655,702,6,person,0.8806,584.5,425.2,1121.5,1014.4,852,719,none
2026-08-07T10:51:13.185458,703,2,person,0.933,1463.1,336.1,1918.4,1071.0,1690,703,none
2026-08-07T10:51:13.186680,703,6,person,0.8915,589.9,425.0,1125.7,1012.4,857,718,none
2026-08-07T10:51:13.283934,704,2,person,0.9313,1462.7,335.8,1918.4,1071.3,1690,703,none
2026-08-07T10:51:13.285104,704,6,person,0.898,593.3,424.6,1130.2,1012.5,861,718,none
2026-08-07T10:51:13.351172,705,2,person,0.9364,1462.5,335.7,1918.5,1071.4,1690,703,none
2026-08-07T10:51:13.352363,705,6,person,0.898,593.2,424.1,1129.5,1011.1,861,717,none
2026-08-07T10:51:13.416323,706,2,person,0.9366,1462.4,335.7,1918.6,1071.5,1690,703,none
2026-08-07T10:51:13.417470,706,6,person,0.8951,593.5,423.6,1129.9,1010.5,861,717,none
2026-08-07T10:51:13.518839,707,2,person,0.936,1462.2,335.4,1918.6,1071.6,1690,703,none
2026-08-07T10:51:13.519982,707,6,person,0.8936,595.2,423.0,1134.0,1011.6,864,717,none
2026-08-07T10:51:13.616665,708,2,person,0.9348,1462.2,335.2,1918.8,1071.6,1690,703,none
2026-08-07T10:51:13.618007,708,6,person,0.8843,593.9,423.1,1133.0,1011.9,863,717,none
2026-08-07T10:51:13.685822,709,2,person,0.9351,1462.3,335.2,1919.0,1071.7,1690,703,none
2026-08-07T10:51:13.687089,709,6,person,0.8793,592.7,422.9,1132.1,1012.2,862,717,none
2026-08-07T10:51:13.787227,710,2,person,0.9333,1462.4,335.4,1919.0,1071.7,1690,703,none
2026-08-07T10:51:13.788421,710,6,person,0.8815,593.3,422.8,1133.8,1013.0,863,717,none
2026-08-07T10:51:13.883897,711,2,person,0.935,1462.5,335.8,1918.8,1071.6,1690,703,none
2026-08-07T10:51:13.885156,711,6,person,0.8872,593.8,422.8,1135.3,1013.8,864,718,none
2026-08-07T10:51:13.951144,712,2,person,0.9327,1462.4,336.4,1918.4,1071.5,1690,703,none
2026-08-07T10:51:13.952420,712,6,person,0.8851,593.6,422.8,1135.3,1013.8,864,718,none
2026-08-07T10:51:14.016498,713,2,person,0.9339,1462.3,336.4,1918.4,1071.5,1690,703,none
2026-08-07T10:51:14.017785,713,6,person,0.8876,593.5,422.9,1135.4,1013.6,864,718,none
2026-08-07T10:51:14.082938,714,2,person,0.9333,1462.2,336.5,1918.4,1071.4,1690,703,none
2026-08-07T10:51:14.084194,714,6,person,0.8861,592.5,422.7,1134.1,1013.2,863,717,none
2026-08-07T10:51:14.150478,715,2,person,0.9326,1462.2,336.4,1918.5,1071.2,1690,703,none
2026-08-07T10:51:14.151780,715,6,person,0.8851,591.4,422.6,1132.3,1012.6,861,717,none
2026-08-07T10:51:14.246724,716,2,person,0.9334,1462.3,336.0,1918.7,1071.1,1690,703,none
2026-08-07T10:51:14.247982,716,6,person,0.8881,592.3,422.6,1133.5,1012.8,862,717,none
2026-08-07T10:51:14.318185,717,2,person,0.935,1462.5,335.9,1918.9,1071.0,1690,703,none
2026-08-07T10:51:14.319451,717,6,person,0.8918,593.3,422.9,1135.3,1013.5,864,718,none
2026-08-07T10:51:14.421249,718,2,person,0.9339,1462.6,335.9,1919.1,1071.1,1690,703,none
2026-08-07T10:51:14.422545,718,6,person,0.8908,593.5,422.7,1136.3,1013.7,864,718,none
2026-08-07T10:51:14.518633,719,2,person,0.9341,1462.8,336.0,1919.1,1071.1,1690,703,none
2026-08-07T10:51:14.519917,719,6,person,0.8896,594.0,422.7,1137.7,1014.0,865,718,none
2026-08-07T10:51:14.584115,720,2,person,0.9368,1462.8,335.9,1919.2,1071.1,1691,703,none
2026-08-07T10:51:14.585367,720,6,person,0.8879,593.7,422.8,1137.6,1014.2,865,718,none
2026-08-07T10:51:14.649400,721,2,person,0.9356,1463.0,335.9,1919.2,1070.9,1691,703,none
2026-08-07T10:51:14.650645,721,6,person,0.8883,594.5,423.0,1139.5,1014.8,867,718,none
2026-08-07T10:51:14.752477,722,2,person,0.9366,1462.9,335.7,1919.3,1071.1,1691,703,none
2026-08-07T10:51:14.753669,722,6,person,0.8901,594.5,423.1,1139.3,1014.3,866,718,none
2026-08-07T10:51:14.851103,723,2,person,0.9363,1462.9,335.6,1919.3,1071.1,1691,703,none
2026-08-07T10:51:14.852530,723,6,person,0.8888,594.5,423.2,1139.4,1014.0,866,718,none
2026-08-07T10:51:14.919810,724,2,person,0.936,1462.9,335.6,1919.3,1071.2,1691,703,none
2026-08-07T10:51:14.921118,724,6,person,0.8876,594.5,423.4,1139.4,1013.5,866,718,none
2026-08-07T10:51:15.019845,725,2,person,0.9338,1462.9,335.7,1919.2,1071.2,1691,703,none
2026-08-07T10:51:15.021053,725,6,person,0.8854,594.4,423.7,1139.2,1013.3,866,718,none
2026-08-07T10:51:15.118854,726,2,person,0.9319,1463.0,336.2,1919.1,1071.3,1691,703,none
2026-08-07T10:51:15.120123,726,6,person,0.8829,594.0,424.1,1138.7,1013.1,866,718,none
2026-08-07T10:51:15.215867,727,2,person,0.9318,1463.1,336.3,1919.0,1071.2,1691,703,none
2026-08-07T10:51:15.217093,727,6,person,0.8805,593.2,424.4,1137.5,1013.0,865,718,none
2026-08-07T10:51:15.285704,728,2,person,0.9326,1463.2,336.2,1919.1,1071.1,1691,703,none
2026-08-07T10:51:15.286925,728,6,person,0.8832,593.4,424.5,1137.5,1012.6,865,718,none
2026-08-07T10:51:15.387190,729,2,person,0.9328,1463.3,336.3,1919.1,1071.1,1691,703,none
2026-08-07T10:51:15.388355,729,6,person,0.8856,592.8,424.3,1137.0,1012.3,864,718,none
2026-08-07T10:51:15.485339,730,2,person,0.9332,1463.4,336.4,1919.1,1070.9,1691,703,none
2026-08-07T10:51:15.486628,730,6,person,0.8851,592.2,424.3,1136.2,1012.1,864,718,none
2026-08-07T10:51:15.579823,731,2,person,0.9326,1463.4,336.5,1919.0,1070.9,1691,703,none
2026-08-07T10:51:15.581072,731,6,person,0.8817,592.7,424.4,1137.1,1012.4,864,718,none
2026-08-07T10:51:15.652941,732,2,person,0.9317,1463.5,336.6,1918.9,1070.8,1691,703,none
2026-08-07T10:51:15.654084,732,6,person,0.8791,592.4,424.1,1137.0,1012.3,864,718,none
2026-08-07T10:51:15.756743,733,2,person,0.9337,1463.5,336.7,1918.9,1070.8,1691,703,none
2026-08-07T10:51:15.757929,733,6,person,0.8754,592.5,424.0,1137.1,1012.0,864,717,none
2026-08-07T10:51:15.849950,734,2,person,0.9328,1463.5,336.6,1919.0,1070.8,1691,703,none
2026-08-07T10:51:15.851353,734,6,person,0.8771,592.0,423.9,1136.5,1011.7,864,717,none
2026-08-07T10:51:15.917669,735,2,person,0.9342,1463.6,336.8,1918.9,1070.6,1691,703,none
2026-08-07T10:51:15.918920,735,6,person,0.8793,591.9,423.8,1136.3,1011.6,864,717,none
2026-08-07T10:51:15.983475,736,2,person,0.9313,1463.6,336.8,1918.9,1070.6,1691,703,none
2026-08-07T10:51:15.984642,736,6,person,0.8783,592.0,423.7,1136.5,1011.6,864,717,none
2026-08-07T10:51:16.085895,737,2,person,0.9314,1463.5,337.0,1918.8,1070.7,1691,703,none
2026-08-07T10:51:16.087139,737,6,person,0.8765,592.1,424.0,1136.3,1011.6,864,717,none
2026-08-07T10:51:16.183417,738,2,person,0.9311,1463.5,336.9,1918.7,1070.4,1691,703,none
2026-08-07T10:51:16.184697,738,6,person,0.8781,592.8,424.4,1136.9,1011.6,864,718,none
2026-08-07T10:51:16.251657,739,2,person,0.9332,1463.4,336.3,1919.3,1071.0,1691,703,none
2026-08-07T10:51:16.252918,739,6,person,0.8794,592.9,424.9,1136.9,1011.8,864,718,none
2026-08-07T10:51:16.317363,740,2,person,0.9347,1463.2,336.6,1918.9,1070.8,1691,703,none
2026-08-07T10:51:16.318679,740,6,person,0.8803,592.8,425.4,1136.7,1011.7,864,718,none
2026-08-07T10:51:16.419271,741,2,person,0.9348,1463.2,336.7,1918.9,1070.8,1691,703,none
2026-08-07T10:51:16.420498,741,6,person,0.88,591.7,425.6,1134.9,1011.3,863,718,none
2026-08-07T10:51:16.517431,742,2,person,0.9323,1463.1,336.7,1918.8,1070.7,1690,703,none
2026-08-07T10:51:16.518573,742,6,person,0.8808,592.0,425.6,1135.3,1011.3,863,718,none
2026-08-07T10:51:16.585576,743,2,person,0.9308,1462.9,336.8,1918.6,1070.7,1690,703,none
2026-08-07T10:51:16.586667,743,6,person,0.8842,592.8,425.6,1136.7,1011.5,864,718,none
2026-08-07T10:51:16.687302,744,2,person,0.9318,1462.7,336.6,1918.6,1070.7,1690,703,none
2026-08-07T10:51:16.688513,744,6,person,0.884,593.7,425.8,1138.0,1011.4,865,718,none
2026-08-07T10:51:16.785820,745,2,person,0.9323,1462.7,336.7,1918.6,1070.6,1690,703,none
2026-08-07T10:51:16.787052,745,6,person,0.8812,594.8,426.0,1139.8,1011.3,867,718,none
2026-08-07T10:51:16.884785,746,2,person,0.933,1462.6,336.8,1918.5,1070.6,1690,703,none
2026-08-07T10:51:16.886065,746,6,person,0.881,594.9,426.1,1141.0,1011.9,867,719,none
2026-08-07T10:51:16.953146,747,2,person,0.9333,1462.4,336.7,1918.5,1070.7,1690,703,none
2026-08-07T10:51:16.954504,747,6,person,0.8842,594.7,426.3,1141.6,1012.0,868,719,none
2026-08-07T10:51:17.054803,748,2,person,0.9353,1462.5,336.9,1918.6,1070.7,1690,703,none
2026-08-07T10:51:17.056100,748,6,person,0.8931,595.2,426.2,1142.9,1011.8,869,719,none
2026-08-07T10:51:17.148256,749,2,person,0.9325,1462.7,336.8,1918.8,1070.7,1690,703,none
2026-08-07T10:51:17.149643,749,6,person,0.8928,595.1,426.1,1143.5,1011.4,869,718,none
2026-08-07T10:51:17.221885,750,2,person,0.9321,1462.7,336.9,1918.8,1070.7,1690,703,none
2026-08-07T10:51:17.223210,750,6,person,0.8928,594.6,426.1,1143.8,1011.6,869,718,none
2026-08-07T10:51:17.320231,751,2,person,0.9303,1462.7,337.1,1918.8,1070.6,1690,703,none
2026-08-07T10:51:17.321519,751,6,person,0.8879,593.9,425.9,1144.1,1011.8,869,718,none
2026-08-07T10:51:17.419237,752,2,person,0.9311,1462.8,337.3,1918.8,1070.7,1690,704,none
2026-08-07T10:51:17.420483,752,6,person,0.8885,592.9,425.8,1143.2,1011.5,868,718,none
2026-08-07T10:51:17.515935,753,2,person,0.9311,1463.0,337.4,1918.8,1070.6,1690,704,none
2026-08-07T10:51:17.517197,753,6,person,0.8837,592.1,425.9,1142.0,1011.0,867,718,none
2026-08-07T10:51:17.595919,754,2,person,0.9322,1463.0,337.3,1919.0,1070.7,1690,704,none
2026-08-07T10:51:17.597415,754,6,person,0.8818,591.1,425.8,1140.6,1010.7,865,718,none
2026-08-07T10:51:17.692187,755,2,person,0.9344,1462.4,334.5,1919.8,1070.7,1691,702,none
2026-08-07T10:51:17.693676,755,6,person,0.886,590.2,424.2,1140.7,1010.6,865,717,none
2026-08-07T10:51:17.782731,756,2,person,0.9351,1461.1,328.6,1920.0,1070.5,1690,699,none
2026-08-07T10:51:17.784070,756,6,person,0.8864,590.4,423.7,1141.2,1010.5,865,717,none
2026-08-07T10:51:17.932151,757,2,person,0.9367,1459.1,321.4,1920.0,1070.4,1689,695,none
2026-08-07T10:51:17.933886,757,6,person,0.882,590.5,423.6,1140.9,1010.2,865,716,none
2026-08-07T10:51:18.019429,758,2,person,0.937,1458.6,316.7,1920.0,1070.6,1689,693,none
2026-08-07T10:51:18.020717,758,6,person,0.8874,591.8,424.0,1142.4,1010.5,867,717,none
2026-08-07T10:51:18.117306,759,2,person,0.9434,1458.3,315.4,1920.0,1071.8,1689,693,none
2026-08-07T10:51:18.118509,759,6,person,0.8863,591.4,424.3,1141.3,1010.1,866,717,none
2026-08-07T10:51:18.185992,760,2,person,0.9411,1458.7,314.7,1920.0,1071.3,1689,693,none
2026-08-07T10:51:18.187284,760,6,person,0.8864,591.1,424.5,1141.0,1010.1,866,717,none
2026-08-07T10:51:18.288961,761,2,person,0.9431,1458.0,312.2,1920.0,1071.4,1689,691,none
2026-08-07T10:51:18.290155,761,6,person,0.8867,591.4,424.7,1141.1,1010.1,866,717,none
2026-08-07T10:51:18.382790,762,2,person,0.9451,1457.9,310.8,1920.0,1071.1,1688,690,none
2026-08-07T10:51:18.384072,762,6,person,0.8842,591.2,424.7,1141.2,1010.3,866,717,none
2026-08-07T10:51:18.453963,763,2,person,0.9472,1458.2,310.3,1920.0,1071.0,1689,690,none
2026-08-07T10:51:18.455238,763,6,person,0.8854,591.6,424.8,1141.8,1010.4,866,717,none
2026-08-07T10:51:18.555074,764,2,person,0.9442,1458.7,309.4,1920.0,1070.8,1689,690,none
2026-08-07T10:51:18.556319,764,6,person,0.888,591.7,425.2,1142.1,1010.9,866,718,none
2026-08-07T10:51:18.653013,765,2,person,0.9448,1458.1,307.0,1920.0,1071.2,1689,689,none
2026-08-07T10:51:18.654234,765,6,person,0.885,591.4,425.0,1142.1,1010.9,866,717,none
2026-08-07T10:51:18.752801,766,2,person,0.9441,1457.8,305.0,1920.0,1071.4,1688,688,none
2026-08-07T10:51:18.754137,766,6,person,0.8866,591.8,424.6,1143.2,1011.1,867,717,none
2026-08-07T10:51:18.852075,767,2,person,0.9426,1458.7,304.4,1920.0,1070.9,1689,687,none
2026-08-07T10:51:18.853377,767,6,person,0.8836,591.5,424.4,1143.1,1011.1,867,717,none
2026-08-07T10:51:18.951107,768,2,person,0.9455,1458.6,304.1,1920.0,1071.1,1689,687,none
2026-08-07T10:51:18.952423,768,6,person,0.8833,591.4,424.3,1143.1,1011.0,867,717,none
2026-08-07T10:51:19.049232,769,2,person,0.9429,1459.0,305.1,1920.0,1070.9,1689,688,none
2026-08-07T10:51:19.050578,769,6,person,0.8761,590.6,424.4,1142.0,1011.0,866,717,none
2026-08-07T10:51:19.119873,770,2,person,0.9403,1459.5,306.1,1920.0,1070.7,1689,688,none
2026-08-07T10:51:19.121241,770,6,person,0.8779,590.8,424.4,1142.3,1011.2,866,717,none
2026-08-07T10:51:19.221433,771,2,person,0.9401,1460.0,307.2,1920.0,1070.6,1690,688,none
2026-08-07T10:51:19.222691,771,6,person,0.8805,591.5,424.5,1143.0,1011.2,867,717,none
2026-08-07T10:51:19.320819,772,2,person,0.9454,1460.4,307.7,1920.0,1070.6,1690,689,none
2026-08-07T10:51:19.322173,772,6,person,0.881,591.5,424.4,1143.2,1011.3,867,717,none
2026-08-07T10:51:19.415984,773,2,person,0.9472,1460.3,307.1,1920.0,1070.7,1690,688,none
2026-08-07T10:51:19.417283,773,6,person,0.8819,591.5,424.4,1143.2,1011.3,867,717,none
2026-08-07T10:51:19.486182,774,2,person,0.9468,1460.4,306.8,1920.0,1070.9,1690,688,none
2026-08-07T10:51:19.487416,774,6,person,0.8839,591.8,424.4,1143.6,1011.2,867,717,none
2026-08-07T10:51:19.588429,775,2,person,0.9456,1461.1,307.2,1920.0,1070.8,1690,689,none
2026-08-07T10:51:19.589646,775,6,person,0.8859,591.6,424.0,1143.7,1011.2,867,717,none
2026-08-07T10:51:19.686595,776,2,person,0.9489,1461.4,307.4,1920.0,1071.1,1690,689,none
2026-08-07T10:51:19.687789,776,6,person,0.8831,591.0,423.8,1143.3,1011.3,867,717,none
2026-08-07T10:51:19.781271,777,2,person,0.9486,1460.7,306.1,1920.0,1071.9,1690,688,none
2026-08-07T10:51:19.782426,777,6,person,0.8776,590.0,423.6,1142.0,1011.2,866,717,none
2026-08-07T10:51:19.872579,778,2,person,0.95,1460.4,305.3,1920.0,1072.6,1690,688,none
2026-08-07T10:51:19.874008,778,6,person,0.8829,590.1,423.4,1142.0,1011.2,866,717,none
2026-08-07T10:51:19.950400,779,2,person,0.9522,1460.6,306.0,1920.0,1073.0,1690,689,none
2026-08-07T10:51:19.951712,779,6,person,0.8858,589.8,423.2,1141.5,1011.1,865,717,none
2026-08-07T10:51:20.017564,780,2,person,0.952,1461.0,306.4,1920.0,1073.2,1690,689,none
2026-08-07T10:51:20.018949,780,6,person,0.884,589.5,423.1,1141.3,1011.4,865,717,none
2026-08-07T10:51:20.084562,781,2,person,0.9503,1461.3,306.3,1920.0,1072.9,1690,689,none
2026-08-07T10:51:20.085818,781,6,person,0.8858,590.2,423.1,1141.8,1011.3,865,717,none
2026-08-07T10:51:20.186066,782,2,person,0.9492,1462.1,307.5,1920.0,1072.0,1691,689,none
2026-08-07T10:51:20.187292,782,6,person,0.8846,590.2,423.2,1141.8,1011.5,866,717,none
2026-08-07T10:51:20.284267,783,2,person,0.9485,1462.6,308.2,1919.8,1071.8,1691,690,none
2026-08-07T10:51:20.285469,783,6,person,0.8841,589.9,423.5,1140.9,1011.4,865,717,none
2026-08-07T10:51:20.352231,784,2,person,0.948,1462.3,308.0,1920.0,1072.7,1691,690,none
2026-08-07T10:51:20.353519,784,6,person,0.8848,590.1,423.4,1141.2,1011.6,865,717,none
2026-08-07T10:51:20.455771,785,2,person,0.9506,1462.1,307.7,1919.8,1072.6,1690,690,none
2026-08-07T10:51:20.456995,785,6,person,0.8838,590.2,423.6,1140.8,1011.4,865,717,none
2026-08-07T10:51:20.552764,786,2,person,0.9489,1462.2,307.4,1919.8,1072.7,1691,690,none
2026-08-07T10:51:20.554081,786,6,person,0.8838,590.0,423.4,1140.9,1011.8,865,717,none
2026-08-07T10:51:20.648905,787,2,person,0.9459,1462.5,307.5,1919.7,1072.1,1691,689,none
2026-08-07T10:51:20.650152,787,6,person,0.8783,590.0,423.5,1140.8,1012.1,865,717,none
2026-08-07T10:51:20.720396,788,2,person,0.9472,1462.2,307.5,1919.6,1072.6,1690,690,none
2026-08-07T10:51:20.721613,788,6,person,0.8729,589.5,423.7,1139.9,1012.3,864,718,none
2026-08-07T10:51:20.854662,789,2,person,0.9487,1462.8,308.7,1919.2,1072.0,1690,690,none
2026-08-07T10:51:20.856014,789,6,person,0.8667,587.9,424.2,1136.4,1011.8,862,718,none
2026-08-07T10:51:20.952457,790,2,person,0.9491,1462.9,309.0,1918.9,1071.7,1690,690,none
2026-08-07T10:51:20.953627,790,6,person,0.8634,586.4,424.2,1134.1,1012.0,860,718,none
2026-08-07T10:51:21.051447,791,2,person,0.9494,1463.2,309.7,1918.7,1071.4,1690,690,none
2026-08-07T10:51:21.052785,791,6,person,0.8624,586.9,424.2,1133.8,1012.3,860,718,none
2026-08-07T10:51:21.119220,792,2,person,0.9483,1463.6,310.0,1918.8,1071.3,1691,690,none
2026-08-07T10:51:21.120379,792,6,person,0.8562,585.6,424.3,1131.4,1012.6,858,718,none
2026-08-07T10:51:21.221151,793,2,person,0.9454,1463.3,310.1,1918.8,1071.6,1691,690,none
2026-08-07T10:51:21.222405,793,6,person,0.8607,585.2,424.4,1129.4,1012.5,857,718,none
2026-08-07T10:51:21.319348,794,2,person,0.9457,1463.3,310.3,1918.7,1071.6,1691,690,none
2026-08-07T10:51:21.320521,794,6,person,0.8606,586.8,424.0,1131.7,1013.5,859,718,none
2026-08-07T10:51:21.417665,795,2,person,0.9453,1463.3,310.7,1918.5,1071.5,1690,691,none
2026-08-07T10:51:21.418851,795,6,person,0.86,588.7,423.6,1134.0,1014.0,861,718,none
2026-08-07T10:51:21.488340,796,2,person,0.9452,1463.8,312.4,1918.1,1071.3,1690,691,none
2026-08-07T10:51:21.489555,796,6,person,0.8558,588.9,423.1,1134.6,1014.5,861,718,none
2026-08-07T10:51:21.588520,797,2,person,0.947,1464.6,315.4,1917.6,1071.4,1691,693,none
2026-08-07T10:51:21.589783,797,6,person,0.8572,589.8,422.9,1135.2,1014.3,862,718,none
2026-08-07T10:51:21.686679,798,2,person,0.9485,1465.8,318.6,1917.1,1071.1,1691,694,none
2026-08-07T10:51:21.687975,798,6,person,0.8619,589.1,422.7,1133.5,1013.7,861,718,none
2026-08-07T10:51:21.782720,799,2,person,0.9505,1464.6,316.4,1917.5,1071.2,1691,693,none
2026-08-07T10:51:21.783895,799,6,person,0.8603,588.2,422.8,1131.2,1012.9,859,717,none
2026-08-07T10:51:21.856273,800,2,person,0.9514,1463.8,314.8,1918.0,1071.5,1690,693,none
2026-08-07T10:51:21.857397,800,6,person,0.861,589.2,422.9,1131.4,1012.7,860,717,none
2026-08-07T10:51:21.954893,801,2,person,0.9495,1463.2,313.2,1918.5,1071.7,1690,692,none
2026-08-07T10:51:21.956097,801,6,person,0.8556,588.9,422.9,1130.6,1012.7,859,717,none
2026-08-07T10:51:22.053361,802,2,person,0.9523,1462.5,311.2,1919.4,1072.5,1690,691,none
2026-08-07T10:51:22.054633,802,6,person,0.86,587.9,422.7,1129.8,1013.5,858,718,none
2026-08-07T10:51:22.149348,803,2,person,0.9373,1462.8,312.7,1918.5,1071.7,1690,692,none
2026-08-07T10:51:22.150589,803,6,person,0.8745,588.8,422.6,1130.1,1013.2,859,717,none
2026-08-07T10:51:22.219897,804,2,person,0.9372,1462.6,311.0,1919.3,1072.0,1690,691,none
2026-08-07T10:51:22.221170,804,6,person,0.8713,588.5,422.5,1128.9,1012.8,858,717,none
2026-08-07T10:51:22.321616,805,2,person,0.943,1462.9,310.1,1919.5,1071.1,1691,690,none
2026-08-07T10:51:22.322804,805,6,person,0.8667,588.2,422.7,1128.8,1014.0,858,718,none
2026-08-07T10:51:22.419797,806,2,person,0.9417,1462.3,310.4,1919.3,1072.2,1690,691,none
2026-08-07T10:51:22.420971,806,6,person,0.8636,587.8,422.6,1128.3,1014.5,858,718,none
2026-08-07T10:51:22.515420,807,2,person,0.9407,1462.7,311.5,1919.6,1073.2,1691,692,none
2026-08-07T10:51:22.516747,807,6,person,0.8682,587.7,422.5,1127.9,1015.1,857,718,none
2026-08-07T10:51:22.586674,808,2,person,0.9395,1462.5,311.3,1919.3,1072.7,1690,691,none
2026-08-07T10:51:22.587893,808,6,person,0.8706,588.5,422.3,1128.4,1015.1,858,718,none
2026-08-07T10:51:22.688296,809,2,person,0.94,1463.1,312.2,1919.2,1072.5,1691,692,none
2026-08-07T10:51:22.689525,809,6,person,0.8644,590.6,422.2,1130.1,1014.4,860,718,none
2026-08-07T10:51:22.785048,810,2,person,0.9448,1463.3,312.7,1919.2,1072.4,1691,692,none
2026-08-07T10:51:22.786346,810,6,person,0.8665,592.2,422.4,1131.3,1013.9,861,718,none
2026-08-07T10:51:22.883239,811,2,person,0.9376,1463.3,312.9,1919.4,1072.9,1691,692,none
2026-08-07T10:51:22.884549,811,6,person,0.8647,592.7,422.6,1131.9,1013.7,862,718,none
2026-08-07T10:51:22.953470,812,2,person,0.939,1463.4,312.3,1919.6,1072.8,1691,692,none
2026-08-07T10:51:22.954742,812,6,person,0.8571,592.8,422.6,1132.4,1013.7,862,718,none
2026-08-07T10:51:23.054459,813,2,person,0.9439,1463.1,312.4,1919.4,1073.1,1691,692,none
2026-08-07T10:51:23.055772,813,6,person,0.8547,592.7,422.7,1131.9,1013.2,862,717,none
2026-08-07T10:51:23.153165,814,2,person,0.9418,1463.8,314.4,1918.8,1072.7,1691,693,none
2026-08-07T10:51:23.154436,814,6,person,0.8785,593.6,422.8,1133.8,1013.6,863,718,none
2026-08-07T10:51:23.249433,815,2,person,0.9356,1464.0,315.3,1918.5,1072.6,1691,693,none
2026-08-07T10:51:23.250700,815,6,person,0.8694,592.8,422.7,1132.9,1013.1,862,717,none
2026-08-07T10:51:23.322108,816,2,person,0.9371,1463.9,315.1,1918.6,1072.7,1691,693,none
2026-08-07T10:51:23.323343,816,6,person,0.863,591.4,422.7,1130.9,1012.6,861,717,none
2026-08-07T10:51:23.423162,817,2,person,0.9376,1463.5,314.5,1918.7,1072.5,1691,693,none
2026-08-07T10:51:23.424459,817,6,person,0.861,590.8,423.0,1129.5,1012.2,860,717,none
2026-08-07T10:51:23.520770,818,2,person,0.9408,1463.8,314.8,1918.8,1072.5,1691,693,none
2026-08-07T10:51:23.521990,818,6,person,0.8728,592.0,423.0,1131.1,1012.2,861,717,none
2026-08-07T10:51:23.615735,819,2,person,0.947,1464.2,314.6,1919.3,1072.5,1691,693,none
2026-08-07T10:51:23.617048,819,6,person,0.8641,591.8,423.0,1131.5,1012.7,861,717,none
2026-08-07T10:51:23.687139,820,2,person,0.946,1463.5,312.8,1919.8,1073.1,1691,692,none
2026-08-07T10:51:23.688410,820,6,person,0.8606,591.4,423.0,1132.1,1013.6,861,718,none
2026-08-07T10:51:23.788116,821,2,person,0.9398,1462.7,311.0,1919.9,1073.1,1691,692,none
2026-08-07T10:51:23.789375,821,6,person,0.8634,590.8,422.9,1132.2,1014.4,861,718,none
2026-08-07T10:51:23.883160,822,2,person,0.95,1462.1,309.0,1920.0,1073.1,1691,691,none
2026-08-07T10:51:23.884436,822,6,person,0.8735,592.0,423.0,1133.5,1014.3,862,718,none
2026-08-07T10:51:23.953846,823,2,person,0.9457,1461.2,308.5,1919.9,1073.6,1690,691,none
2026-08-07T10:51:23.955103,823,6,person,0.8787,593.0,422.9,1135.1,1014.3,864,718,none
2026-08-07T10:51:24.055009,824,2,person,0.9436,1460.3,308.2,1919.4,1073.7,1689,690,none
2026-08-07T10:51:24.056331,824,6,person,0.8731,592.4,423.0,1134.7,1014.4,863,718,none
2026-08-07T10:51:24.154285,825,2,person,0.9434,1460.7,308.8,1918.9,1072.6,1689,690,none
2026-08-07T10:51:24.155553,825,6,person,0.8707,591.6,423.1,1133.9,1014.4,862,718,none
2026-08-07T10:51:24.249349,826,2,person,0.944,1460.9,308.0,1919.3,1072.2,1690,690,none
2026-08-07T10:51:24.250763,826,6,person,0.8699,591.0,423.1,1133.5,1014.7,862,718,none
2026-08-07T10:51:24.344121,827,2,person,0.94,1460.6,307.1,1919.3,1072.1,1689,689,none
2026-08-07T10:51:24.345493,827,6,person,0.8756,591.8,423.3,1134.8,1015.0,863,719,none
2026-08-07T10:51:24.422171,828,2,person,0.9475,1459.8,306.1,1919.3,1072.4,1689,689,none
2026-08-07T10:51:24.423446,828,6,person,0.8769,592.0,423.5,1135.2,1015.2,863,719,none
2026-08-07T10:51:24.521087,829,2,person,0.9521,1460.0,306.1,1919.1,1071.7,1689,688,none
2026-08-07T10:51:24.522314,829,6,person,0.8777,592.1,423.1,1135.9,1015.2,864,719,none
2026-08-07T10:51:24.616346,830,2,person,0.9525,1459.7,306.1,1918.8,1071.5,1689,688,none
2026-08-07T10:51:24.617685,830,6,person,0.8757,592.2,422.9,1136.4,1015.2,864,719,none
2026-08-07T10:51:24.686968,831,2,person,0.9412,1458.9,305.3,1918.7,1071.7,1688,688,none
2026-08-07T10:51:24.688255,831,6,person,0.8749,591.1,422.7,1134.8,1014.5,862,718,none
2026-08-07T10:51:24.789825,832,2,person,0.9347,1458.8,305.9,1918.2,1071.1,1688,688,none
2026-08-07T10:51:24.791077,832,6,person,0.8708,590.4,422.8,1133.6,1014.4,862,718,none
2026-08-07T10:51:24.884143,833,2,person,0.9331,1452.7,306.2,1913.5,1070.8,1683,688,none
2026-08-07T10:51:24.885444,833,6,person,0.8723,589.1,423.3,1130.4,1013.4,859,718,none
2026-08-07T10:51:24.953590,834,2,person,0.9378,1450.1,305.2,1912.8,1070.6,1681,687,none
2026-08-07T10:51:24.954798,834,6,person,0.8735,588.9,423.5,1129.7,1013.4,859,718,none
2026-08-07T10:51:25.055593,835,2,person,0.9299,1452.3,305.2,1915.4,1070.5,1683,687,none
2026-08-07T10:51:25.056863,835,6,person,0.8739,591.0,423.6,1132.4,1013.8,861,718,none
2026-08-07T10:51:25.153465,836,2,person,0.9379,1453.4,305.4,1916.6,1070.2,1684,687,none
2026-08-07T10:51:25.154747,836,6,person,0.8678,589.4,423.8,1129.2,1012.9,859,718,none
2026-08-07T10:51:25.250786,837,2,person,0.9325,1454.3,305.4,1917.6,1070.3,1685,687,none
2026-08-07T10:51:25.252019,837,6,person,0.8702,589.7,423.6,1129.3,1012.7,859,718,none
2026-08-07T10:51:25.319096,838,2,person,0.9441,1454.8,305.7,1918.2,1070.3,1686,688,none
2026-08-07T10:51:25.320269,838,6,person,0.8715,590.1,423.5,1129.9,1012.8,859,718,none
2026-08-07T10:51:25.384879,839,2,person,0.9407,1455.3,305.6,1918.9,1070.7,1687,688,none
2026-08-07T10:51:25.385996,839,6,person,0.8687,588.8,423.4,1127.7,1012.3,858,717,none
2026-08-07T10:51:25.487078,840,2,person,0.9398,1455.2,305.8,1918.7,1070.7,1686,688,none
2026-08-07T10:51:25.488158,840,6,person,0.8739,590.0,423.2,1129.3,1012.5,859,717,none
2026-08-07T10:51:25.585519,841,2,person,0.9358,1455.2,305.6,1919.1,1071.1,1687,688,none
2026-08-07T10:51:25.586639,841,6,person,0.8775,591.7,423.1,1131.5,1012.7,861,717,none
2026-08-07T10:51:25.682395,842,2,person,0.9369,1455.5,305.2,1919.6,1071.5,1687,688,none
2026-08-07T10:51:25.683683,842,6,person,0.8825,594.1,423.3,1135.7,1013.8,864,718,none
2026-08-07T10:51:25.754624,843,2,person,0.935,1455.5,305.0,1919.9,1071.7,1687,688,none
2026-08-07T10:51:25.755904,843,6,person,0.8839,594.5,423.5,1136.8,1013.9,865,718,none
2026-08-07T10:51:25.853528,844,2,person,0.9452,1455.9,305.4,1919.9,1071.7,1687,688,none
2026-08-07T10:51:25.855014,844,6,person,0.8842,594.2,423.5,1137.3,1013.9,865,718,none
2026-08-07T10:51:25.950599,845,2,person,0.9468,1456.4,305.1,1920.0,1071.8,1688,688,none
2026-08-07T10:51:25.951851,845,6,person,0.8833,594.1,423.1,1138.4,1014.2,866,718,none
2026-08-07T10:51:26.048680,846,2,person,0.9497,1456.7,306.1,1919.7,1071.4,1688,688,none
2026-08-07T10:51:26.049921,846,6,person,0.8848,593.6,422.7,1139.4,1014.8,866,718,none
2026-08-07T10:51:26.118422,847,2,person,0.953,1457.1,306.7,1919.8,1071.6,1688,689,none
2026-08-07T10:51:26.119684,847,6,person,0.8881,593.6,422.4,1140.6,1015.2,867,718,none
2026-08-07T10:51:26.183905,848,2,person,0.9495,1457.4,306.3,1920.0,1071.5,1688,688,none
2026-08-07T10:51:26.185174,848,6,person,0.8882,593.7,422.5,1141.4,1015.4,867,718,none
2026-08-07T10:51:26.251592,849,2,person,0.9488,1457.0,305.0,1920.0,1071.6,1688,688,none
2026-08-07T10:51:26.252837,849,6,person,0.8862,593.1,422.6,1141.2,1015.5,867,719,none
2026-08-07T10:51:26.318021,850,2,person,0.9543,1457.4,305.2,1920.0,1071.4,1688,688,none
2026-08-07T10:51:26.319159,850,6,person,0.8863,592.9,422.8,1141.4,1015.6,867,719,none
2026-08-07T10:51:26.383983,851,2,person,0.9539,1457.8,306.1,1919.9,1071.5,1688,688,none
2026-08-07T10:51:26.385120,851,6,person,0.8884,592.8,422.9,1141.3,1015.2,867,719,none
2026-08-07T10:51:26.452483,852,2,person,0.9479,1457.6,305.3,1920.0,1071.6,1688,688,none
2026-08-07T10:51:26.453732,852,6,person,0.8848,592.2,422.9,1140.7,1014.8,866,718,none
2026-08-07T10:51:26.557111,853,2,person,0.935,1457.3,304.3,1919.8,1071.0,1688,687,none
2026-08-07T10:51:26.558382,853,6,person,0.8814,591.4,422.8,1140.0,1014.7,865,718,none
2026-08-07T10:51:26.650942,854,2,person,0.9293,1439.6,303.8,1907.0,1071.4,1673,687,none
2026-08-07T10:51:26.652223,854,6,person,0.8821,590.9,422.7,1140.2,1015.2,865,718,none
2026-08-07T10:51:26.719481,855,2,person,0.935,1435.5,302.2,1906.5,1071.3,1670,686,none
2026-08-07T10:51:26.720770,855,6,person,0.8782,589.9,422.8,1138.9,1015.3,864,719,none
2026-08-07T10:51:26.835924,856,2,person,0.9391,1446.1,305.3,1915.1,1071.6,1680,688,none
2026-08-07T10:51:26.837357,856,6,person,0.8767,589.7,423.0,1138.1,1015.0,863,718,none
2026-08-07T10:51:26.920290,857,2,person,0.9501,1451.1,307.4,1919.0,1072.7,1685,690,none
2026-08-07T10:51:26.921571,857,6,person,0.8764,590.1,423.1,1138.1,1014.7,864,718,none
2026-08-07T10:51:27.018591,858,2,person,0.9457,1454.5,312.7,1919.3,1073.0,1686,692,none
2026-08-07T10:51:27.019857,858,6,person,0.8804,590.5,423.2,1138.5,1014.7,864,718,none
2026-08-07T10:51:27.118535,859,2,person,0.9389,1457.1,318.6,1918.0,1071.9,1687,695,none
2026-08-07T10:51:27.119806,859,6,person,0.8877,591.5,423.1,1140.3,1015.1,865,719,none
2026-08-07T10:51:27.219031,860,2,person,0.9373,1459.4,324.9,1916.5,1071.0,1687,697,none
2026-08-07T10:51:27.220317,860,6,person,0.8816,591.7,423.0,1140.7,1015.1,866,719,none
2026-08-07T10:51:27.285872,861,2,person,0.9349,1460.6,330.3,1915.4,1071.1,1687,700,none
2026-08-07T10:51:27.287186,861,6,person,0.8878,592.8,423.1,1141.9,1014.5,867,718,none
2026-08-07T10:51:27.389279,862,2,person,0.9274,1461.2,334.2,1914.8,1071.3,1688,702,none
2026-08-07T10:51:27.390510,862,6,person,0.8789,591.8,423.1,1140.6,1014.2,866,718,none
2026-08-07T10:51:27.487116,863,2,person,0.9287,1462.0,337.6,1914.4,1071.2,1688,704,none
2026-08-07T10:51:27.488353,863,6,person,0.8679,590.0,423.3,1138.2,1014.1,864,718,none
2026-08-07T10:51:27.598290,864,2,person,0.9315,1463.2,341.4,1914.3,1071.2,1688,706,none
2026-08-07T10:51:27.599636,864,6,person,0.8812,589.3,423.4,1137.7,1014.6,863,718,none
2026-08-07T10:51:27.684127,865,2,person,0.9435,1463.8,341.2,1915.3,1070.7,1689,705,none
2026-08-07T10:51:27.685407,865,6,person,0.8842,588.5,423.3,1135.9,1014.0,862,718,none
2026-08-07T10:51:27.784946,866,2,person,0.9441,1462.6,335.2,1917.7,1070.4,1690,702,none
2026-08-07T10:51:27.786189,866,6,person,0.8808,588.0,423.3,1135.1,1014.4,861,718,none
2026-08-07T10:51:27.892258,867,2,person,0.9468,1460.4,327.2,1920.0,1070.5,1690,698,none
2026-08-07T10:51:27.893621,867,6,person,0.8798,587.5,423.2,1134.3,1014.7,860,718,none
2026-08-07T10:51:27.985558,868,2,person,0.9512,1458.7,320.0,1920.0,1070.9,1689,695,none
2026-08-07T10:51:27.986845,868,6,person,0.8771,587.4,423.4,1133.3,1014.6,860,718,none
2026-08-07T10:51:28.083344,869,2,person,0.9506,1457.5,313.4,1920.0,1071.3,1688,692,none
2026-08-07T10:51:28.084563,869,6,person,0.8816,587.9,423.1,1133.4,1014.4,860,718,none
2026-08-07T10:51:28.154788,870,2,person,0.9467,1456.2,308.5,1920.0,1071.2,1688,689,none
2026-08-07T10:51:28.156081,870,6,person,0.8784,588.1,423.1,1132.9,1014.2,860,718,none
2026-08-07T10:51:28.255557,871,2,person,0.9502,1454.7,304.8,1920.0,1071.6,1687,688,none
2026-08-07T10:51:28.256777,871,6,person,0.8826,588.0,422.9,1132.5,1014.2,860,718,none
2026-08-07T10:51:28.352044,872,2,person,0.9495,1454.0,302.8,1920.0,1071.0,1686,686,none
2026-08-07T10:51:28.353344,872,6,person,0.8825,588.5,423.0,1132.4,1014.1,860,718,none
2026-08-07T10:51:28.450437,873,2,person,0.9511,1453.7,303.7,1920.0,1070.7,1686,687,none
2026-08-07T10:51:28.451702,873,6,person,0.8779,588.1,423.1,1131.2,1013.8,859,718,none
2026-08-07T10:51:28.549168,874,2,person,0.9513,1454.2,305.4,1920.0,1070.2,1687,687,none
2026-08-07T10:51:28.550415,874,6,person,0.8773,587.0,422.7,1129.4,1013.6,858,718,none
2026-08-07T10:51:28.619865,875,2,person,0.9481,1454.5,306.6,1920.0,1070.1,1687,688,none
2026-08-07T10:51:28.621187,875,6,person,0.8742,586.5,422.6,1128.1,1013.7,857,718,none
2026-08-07T10:51:28.723271,876,2,person,0.9494,1453.8,306.6,1920.0,1070.9,1686,688,none
2026-08-07T10:51:28.724554,876,6,person,0.8723,586.0,422.5,1127.5,1014.5,856,718,none
2026-08-07T10:51:28.820683,877,2,person,0.9505,1453.8,306.5,1920.0,1070.9,1686,688,none
2026-08-07T10:51:28.821942,877,6,person,0.864,586.2,422.3,1127.6,1015.2,856,718,none
2026-08-07T10:51:28.917442,878,2,person,0.9542,1454.8,307.1,1920.0,1070.5,1687,688,none
2026-08-07T10:51:28.918739,878,6,person,0.8625,585.7,422.0,1126.5,1015.3,856,718,none
2026-08-07T10:51:28.986031,879,2,person,0.9524,1454.8,307.0,1920.0,1070.4,1687,688,none
2026-08-07T10:51:28.987306,879,6,person,0.8619,587.1,421.8,1127.5,1015.3,857,718,none
2026-08-07T10:51:29.089598,880,2,person,0.9503,1454.8,307.4,1919.8,1070.0,1687,688,none
2026-08-07T10:51:29.090810,880,6,person,0.8636,589.4,421.7,1129.6,1014.7,859,718,none
2026-08-07T10:51:29.187888,881,2,person,0.9552,1454.8,307.7,1919.8,1070.4,1687,689,none
2026-08-07T10:51:29.189171,881,6,person,0.8753,592.1,423.6,1131.2,1014.8,861,719,none
2026-08-07T10:51:29.308359,882,2,person,0.9491,1454.7,307.3,1920.0,1071.4,1687,689,none
2026-08-07T10:51:29.309744,882,6,person,0.872,590.9,424.7,1129.0,1014.6,859,719,none
2026-08-07T10:51:29.382673,883,2,person,0.9508,1455.9,308.1,1920.0,1070.7,1687,689,none
2026-08-07T10:51:29.383942,883,6,person,0.8777,591.9,425.5,1130.0,1015.0,860,720,none
2026-08-07T10:51:29.452954,884,2,person,0.9488,1455.7,308.0,1920.0,1070.7,1687,689,none
2026-08-07T10:51:29.454199,884,6,person,0.8733,591.9,425.8,1130.3,1015.2,861,720,none
2026-08-07T10:51:29.555925,885,2,person,0.9416,1456.3,309.0,1919.6,1069.9,1687,689,none
2026-08-07T10:51:29.557185,885,6,person,0.8655,590.0,426.0,1127.7,1014.9,858,720,none
2026-08-07T10:51:29.654590,886,2,person,0.9421,1456.4,309.6,1919.1,1069.4,1687,689,none
2026-08-07T10:51:29.655920,886,6,person,0.8694,590.5,426.3,1127.5,1014.4,859,720,none
2026-08-07T10:51:29.750862,887,2,person,0.9403,1456.8,310.9,1918.8,1069.4,1687,690,none
2026-08-07T10:51:29.752065,887,6,person,0.8684,590.8,426.6,1127.9,1014.6,859,720,none
2026-08-07T10:51:29.820749,888,2,person,0.9465,1456.4,310.7,1918.9,1069.6,1687,690,none
2026-08-07T10:51:29.822035,888,6,person,0.8712,591.3,426.6,1129.1,1015.1,860,720,none
2026-08-07T10:51:29.927134,889,2,person,0.9453,1455.7,308.4,1919.2,1069.1,1687,688,none
2026-08-07T10:51:29.928404,889,6,person,0.8696,591.2,426.8,1128.8,1014.9,860,720,none
2026-08-07T10:51:30.020197,890,2,person,0.9404,1455.0,306.8,1919.2,1068.6,1687,687,none
2026-08-07T10:51:30.021468,890,6,person,0.8674,590.5,426.9,1127.6,1014.4,859,720,none
2026-08-07T10:51:30.116354,891,2,person,0.9334,1454.8,305.9,1919.3,1068.3,1687,687,none
2026-08-07T10:51:30.117660,891,6,person,0.8662,590.4,426.7,1127.5,1014.2,858,720,none
2026-08-07T10:51:30.188080,892,2,person,0.9343,1454.7,305.9,1919.0,1067.8,1686,686,none
2026-08-07T10:51:30.189280,892,6,person,0.8672,590.6,426.5,1128.3,1014.5,859,720,none
2026-08-07T10:51:30.289718,893,2,person,0.9403,1454.2,305.2,1919.2,1068.3,1686,686,none
2026-08-07T10:51:30.291042,893,6,person,0.8668,591.1,426.6,1128.8,1014.4,859,720,none
2026-08-07T10:51:30.387954,894,2,person,0.9401,1453.9,305.2,1919.2,1068.7,1686,686,none
2026-08-07T10:51:30.389186,894,6,person,0.8667,591.1,426.8,1128.5,1014.1,859,720,none
2026-08-07T10:51:30.483822,895,2,person,0.9428,1454.1,305.6,1919.3,1069.0,1686,687,none
2026-08-07T10:51:30.485105,895,6,person,0.8723,591.6,426.5,1129.8,1014.2,860,720,none
2026-08-07T10:51:30.552935,896,2,person,0.9449,1453.9,305.7,1919.5,1069.9,1686,687,none
2026-08-07T10:51:30.554168,896,6,person,0.8721,591.8,426.3,1130.7,1014.6,861,720,none
2026-08-07T10:51:30.618845,897,2,person,0.9472,1454.1,305.8,1919.9,1070.8,1687,688,none
2026-08-07T10:51:30.620001,897,6,person,0.8712,591.4,426.2,1130.8,1014.8,861,720,none
2026-08-07T10:51:30.721190,898,2,person,0.9468,1454.8,306.0,1920.0,1071.3,1687,688,none
2026-08-07T10:51:30.722415,898,6,person,0.8701,591.7,426.0,1131.6,1014.7,861,720,none
2026-08-07T10:51:30.832160,899,2,person,0.9468,1455.3,305.8,1920.0,1071.5,1687,688,none
2026-08-07T10:51:30.833497,899,6,person,0.8715,591.5,425.9,1131.4,1014.4,861,720,none
2026-08-07T10:51:30.916775,900,2,person,0.946,1455.5,305.3,1920.0,1071.4,1687,688,none
2026-08-07T10:51:30.918056,900,6,person,0.8698,591.3,425.8,1131.3,1014.2,861,719,none
2026-08-07T10:51:30.987095,901,2,person,0.948,1455.9,305.3,1920.0,1071.2,1687,688,none
2026-08-07T10:51:30.988315,901,6,person,0.8674,589.6,425.6,1129.2,1013.8,859,719,none
2026-08-07T10:51:31.090018,902,2,person,0.9429,1456.1,306.1,1920.0,1070.4,1688,688,none
2026-08-07T10:51:31.091263,902,6,person,0.8643,588.9,425.3,1128.7,1014.1,858,719,none
2026-08-07T10:51:31.188100,903,2,person,0.9392,1456.2,306.3,1919.6,1069.9,1687,688,none
2026-08-07T10:51:31.189310,903,6,person,0.8646,588.6,425.1,1128.0,1013.9,858,719,none
2026-08-07T10:51:31.282923,904,2,person,0.9363,1455.9,306.6,1919.3,1070.1,1687,688,none
2026-08-07T10:51:31.284218,904,6,person,0.8621,588.2,425.3,1127.0,1013.7,857,719,none
2026-08-07T10:51:31.354538,905,2,person,0.9374,1456.2,306.9,1919.4,1070.2,1687,688,none
2026-08-07T10:51:31.355788,905,6,person,0.8617,588.4,425.4,1126.6,1013.5,857,719,none
2026-08-07T10:51:31.456235,906,2,person,0.9437,1456.0,306.7,1919.6,1070.7,1687,688,none
2026-08-07T10:51:31.457537,906,6,person,0.8606,588.8,425.6,1126.7,1013.5,857,719,none
2026-08-07T10:51:31.554683,907,2,person,0.9438,1456.5,306.8,1919.8,1070.7,1688,688,none
2026-08-07T10:51:31.555881,907,6,person,0.8668,589.9,425.4,1128.6,1014.0,859,719,none
2026-08-07T10:51:31.649777,908,2,person,0.9493,1458.0,308.3,1919.8,1069.9,1688,689,none
2026-08-07T10:51:31.651086,908,6,person,0.8663,589.9,425.3,1128.7,1013.9,859,719,none
2026-08-07T10:51:31.721487,909,2,person,0.9494,1460.2,310.7,1919.8,1068.9,1690,689,none
2026-08-07T10:51:31.722683,909,6,person,0.8678,590.3,425.3,1129.3,1013.9,859,719,none
2026-08-07T10:51:31.823927,910,2,person,0.9533,1462.3,313.6,1920.0,1069.0,1691,691,none
2026-08-07T10:51:31.825214,910,6,person,0.8688,590.0,425.2,1129.0,1013.9,859,719,none
2026-08-07T10:51:31.921190,911,2,person,0.9495,1462.2,313.4,1920.0,1070.6,1691,692,none
2026-08-07T10:51:31.922495,911,6,person,0.8722,590.8,425.2,1130.3,1014.0,860,719,none
2026-08-07T10:51:32.016271,912,2,person,0.9502,1461.3,310.1,1920.0,1071.9,1690,690,none
2026-08-07T10:51:32.017570,912,6,person,0.8801,591.9,424.9,1132.3,1014.0,862,719,none
2026-08-07T10:51:32.090324,913,2,person,0.9488,1461.0,308.0,1920.0,1072.3,1690,690,none
2026-08-07T10:51:32.091534,913,6,person,0.88,592.4,424.7,1133.7,1014.2,863,719,none
2026-08-07T10:51:32.188800,914,2,person,0.9467,1460.6,306.3,1920.0,1072.6,1690,689,none
2026-08-07T10:51:32.190046,914,6,person,0.8783,591.8,424.8,1133.1,1013.8,862,719,none
2026-08-07T10:51:32.285987,915,2,person,0.9451,1460.8,306.7,1920.0,1072.1,1690,689,none
2026-08-07T10:51:32.287233,915,6,person,0.8743,591.7,425.0,1132.9,1013.3,862,719,none
2026-08-07T10:51:32.382487,916,2,person,0.9453,1460.9,307.6,1920.0,1072.0,1690,689,none
2026-08-07T10:51:32.383736,916,6,person,0.8779,592.2,425.0,1134.4,1013.8,863,719,none
2026-08-07T10:51:32.452722,917,2,person,0.947,1461.0,307.8,1920.0,1071.6,1690,689,none
2026-08-07T10:51:32.453905,917,6,person,0.8761,591.8,424.8,1134.7,1013.9,863,719,none
2026-08-07T10:51:32.518794,918,2,person,0.9474,1460.9,307.6,1920.0,1071.7,1690,689,none
2026-08-07T10:51:32.519928,918,6,person,0.8797,591.6,424.7,1134.6,1013.6,863,719,none
2026-08-07T10:51:32.585574,919,2,person,0.9471,1460.7,307.8,1919.8,1071.8,1690,689,none
2026-08-07T10:51:32.586680,919,6,person,0.8818,591.7,424.9,1134.9,1013.5,863,719,none
2026-08-07T10:51:32.652721,920,2,person,0.9473,1460.7,308.3,1919.5,1071.9,1690,690,none
2026-08-07T10:51:32.653975,920,6,person,0.8812,591.2,424.8,1134.7,1013.5,862,719,none
2026-08-07T10:51:32.753795,921,2,person,0.9483,1460.6,308.0,1919.5,1071.8,1690,689,none
2026-08-07T10:51:32.755107,921,6,person,0.8823,590.9,424.9,1134.6,1013.4,862,719,none
2026-08-07T10:51:32.854978,922,2,person,0.9486,1460.5,307.6,1919.6,1072.0,1690,689,none
2026-08-07T10:51:32.856274,922,6,person,0.8814,591.0,425.0,1135.1,1013.8,863,719,none
2026-08-07T10:51:32.950766,923,2,person,0.9484,1460.3,307.6,1919.4,1071.9,1689,689,none
2026-08-07T10:51:32.952063,923,6,person,0.8857,591.1,425.2,1135.5,1014.0,863,719,none
2026-08-07T10:51:33.020496,924,2,person,0.9471,1460.2,307.6,1919.2,1071.7,1689,689,none
2026-08-07T10:51:33.021782,924,6,person,0.8807,590.9,425.3,1135.5,1014.4,863,719,none
2026-08-07T10:51:33.122850,925,2,person,0.9449,1460.1,307.7,1919.0,1071.6,1689,689,none
2026-08-07T10:51:33.124057,925,6,person,0.879,590.4,425.4,1135.3,1014.6,862,720,none
2026-08-07T10:51:33.221495,926,2,person,0.9477,1460.2,307.6,1919.0,1071.4,1689,689,none
2026-08-07T10:51:33.222754,926,6,person,0.8779,590.2,425.1,1135.2,1014.5,862,719,none
2026-08-07T10:51:33.316721,927,2,person,0.9472,1460.1,307.6,1919.0,1071.4,1689,689,none
2026-08-07T10:51:33.317921,927,6,person,0.8798,590.4,425.1,1135.8,1014.8,863,719,none
2026-08-07T10:51:33.388881,928,2,person,0.9466,1460.2,307.7,1919.0,1071.4,1689,689,none
2026-08-07T10:51:33.390055,928,6,person,0.8752,589.8,425.0,1135.4,1015.2,862,720,none
2026-08-07T10:51:33.490733,929,2,person,0.9465,1460.1,307.8,1919.0,1071.6,1689,689,none
2026-08-07T10:51:33.492057,929,6,person,0.8707,589.4,425.2,1134.2,1014.8,861,719,none
2026-08-07T10:51:33.590175,930,2,person,0.9473,1460.2,308.1,1919.0,1071.7,1689,689,none
2026-08-07T10:51:33.591522,930,6,person,0.8758,589.8,424.9,1135.1,1015.0,862,719,none
2026-08-07T10:51:33.684221,931,2,person,0.9559,1460.3,307.8,1919.2,1071.6,1689,689,none
2026-08-07T10:51:33.685526,931,6,person,0.8706,589.4,424.9,1134.6,1015.1,862,719,none
2026-08-07T10:51:33.753320,932,2,person,0.9499,1460.7,308.0,1919.0,1070.8,1689,689,none
2026-08-07T10:51:33.754555,932,6,person,0.8733,589.5,424.7,1134.9,1015.2,862,719,none
2026-08-07T10:51:33.857641,933,2,person,0.9445,1461.0,307.7,1919.3,1070.7,1690,689,none
2026-08-07T10:51:33.858968,933,6,person,0.8676,589.4,424.9,1134.9,1015.8,862,720,none
2026-08-07T10:51:33.954717,934,2,person,0.948,1461.1,307.7,1919.7,1071.4,1690,689,none
2026-08-07T10:51:33.955890,934,6,person,0.8692,588.2,425.1,1132.6,1015.4,860,720,none
2026-08-07T10:51:34.051570,935,2,person,0.9485,1460.7,307.5,1919.7,1072.1,1690,689,none
2026-08-07T10:51:34.052701,935,6,person,0.8707,588.1,425.2,1131.9,1015.2,860,720,none
2026-08-07T10:51:34.138848,936,2,person,0.9491,1460.8,307.5,1919.8,1072.5,1690,690,none
2026-08-07T10:51:34.140120,936,6,person,0.8652,587.9,425.2,1131.5,1015.6,859,720,none
2026-08-07T10:51:34.223205,937,2,person,0.9515,1461.0,308.2,1919.6,1072.5,1690,690,none
2026-08-07T10:51:34.224472,937,6,person,0.8679,589.6,425.1,1132.7,1014.9,861,719,none
2026-08-07T10:51:34.321425,938,2,person,0.9532,1461.4,308.8,1919.2,1071.8,1690,690,none
2026-08-07T10:51:34.322729,938,6,person,0.8689,590.6,425.0,1132.9,1013.7,861,719,none
2026-08-07T10:51:34.415328,939,2,person,0.9496,1461.3,308.3,1919.2,1071.4,1690,689,none
2026-08-07T10:51:34.416628,939,6,person,0.8709,590.9,424.8,1133.6,1013.8,862,719,none
2026-08-07T10:51:34.488710,940,2,person,0.9533,1461.1,307.4,1919.4,1071.4,1690,689,none
2026-08-07T10:51:34.489945,940,6,person,0.8664,590.5,424.8,1133.2,1013.6,861,719,none
2026-08-07T10:51:34.590986,941,2,person,0.9541,1460.7,307.9,1919.0,1071.8,1689,689,none
2026-08-07T10:51:34.592282,941,6,person,0.8617,590.4,424.9,1132.8,1013.4,861,719,none
2026-08-07T10:51:34.688553,942,2,person,0.9525,1460.8,309.5,1918.2,1071.6,1689,690,none
2026-08-07T10:51:34.689825,942,6,person,0.8631,590.0,424.8,1132.5,1013.5,861,719,none
2026-08-07T10:51:34.784357,943,2,person,0.9529,1460.2,308.4,1918.2,1070.9,1689,689,none
2026-08-07T10:51:34.785554,943,6,person,0.8676,589.4,424.6,1131.8,1013.4,860,719,none
2026-08-07T10:51:34.857073,944,2,person,0.9491,1460.1,307.5,1918.4,1070.5,1689,688,none
2026-08-07T10:51:34.858330,944,6,person,0.8717,589.2,424.5,1131.3,1013.2,860,718,none
2026-08-07T10:51:34.957188,945,2,person,0.9418,1460.0,307.9,1918.1,1070.1,1689,689,none
2026-08-07T10:51:34.958443,945,6,person,0.8793,590.0,424.3,1133.0,1013.8,861,719,none
2026-08-07T10:51:35.054644,946,2,person,0.9465,1460.0,308.1,1918.3,1070.3,1689,689,none
2026-08-07T10:51:35.055918,946,6,person,0.8823,589.9,424.0,1133.4,1014.0,861,718,none
2026-08-07T10:51:35.151307,947,2,person,0.9482,1459.5,307.9,1917.8,1069.8,1688,688,none
2026-08-07T10:51:35.152526,947,6,person,0.8822,590.4,423.9,1133.8,1013.5,862,718,none
2026-08-07T10:51:35.221281,948,2,person,0.947,1459.0,307.7,1917.9,1070.1,1688,688,none
2026-08-07T10:51:35.222476,948,6,person,0.884,590.9,423.9,1134.7,1013.5,862,718,none
2026-08-07T10:51:35.323095,949,2,person,0.9431,1459.0,308.7,1917.7,1070.4,1688,689,none
2026-08-07T10:51:35.324340,949,6,person,0.8877,591.4,424.0,1135.5,1013.2,863,718,none
2026-08-07T10:51:35.421159,950,2,person,0.946,1458.6,307.5,1918.2,1070.3,1688,688,none
2026-08-07T10:51:35.422349,950,6,person,0.8883,591.5,424.1,1135.9,1013.2,863,718,none
2026-08-07T10:51:35.517823,951,2,person,0.9451,1458.8,307.1,1918.6,1070.2,1688,688,none
2026-08-07T10:51:35.518989,951,6,person,0.8851,591.5,424.3,1136.4,1013.3,863,718,none
2026-08-07T10:51:35.588373,952,2,person,0.9458,1459.1,307.1,1918.8,1069.9,1688,688,none
2026-08-07T10:51:35.589548,952,6,person,0.8824,591.2,424.4,1136.6,1013.5,863,718,none
2026-08-07T10:51:35.690371,953,2,person,0.9486,1459.1,306.7,1919.2,1070.4,1689,688,none
2026-08-07T10:51:35.691615,953,6,person,0.8827,591.0,424.5,1137.0,1013.7,863,719,none
2026-08-07T10:51:35.810625,954,2,person,0.9503,1459.2,307.3,1919.3,1070.8,1689,689,none
2026-08-07T10:51:35.812122,954,6,person,0.879,590.5,424.4,1136.2,1013.1,863,718,none
2026-08-07T10:51:35.896948,955,2,person,0.9501,1459.2,307.5,1919.1,1070.8,1689,689,none
2026-08-07T10:51:35.898693,955,6,person,0.8816,590.3,424.1,1136.9,1013.4,863,718,none
2026-08-07T10:51:35.986395,956,2,person,0.9456,1458.8,307.1,1918.9,1070.5,1688,688,none
2026-08-07T10:51:35.987709,956,6,person,0.8756,589.6,424.1,1135.8,1013.3,862,718,none
2026-08-07T10:51:36.083246,957,2,person,0.9462,1458.7,306.5,1919.0,1070.3,1688,688,none
2026-08-07T10:51:36.084549,957,6,person,0.8745,589.4,424.2,1135.5,1013.2,862,718,none
2026-08-07T10:51:36.154830,958,2,person,0.9469,1458.8,306.3,1919.2,1070.3,1688,688,none
2026-08-07T10:51:36.156106,958,6,person,0.8755,589.7,424.3,1135.7,1013.1,862,718,none
2026-08-07T10:51:36.255790,959,2,person,0.9482,1458.6,306.5,1919.3,1070.9,1688,688,none
2026-08-07T10:51:36.257024,959,6,person,0.8738,589.6,424.2,1135.7,1013.0,862,718,none
2026-08-07T10:51:36.354662,960,2,person,0.9466,1458.7,306.9,1919.1,1070.9,1688,688,none
2026-08-07T10:51:36.355910,960,6,person,0.8691,589.5,424.5,1135.2,1012.9,862,718,none
2026-08-07T10:51:36.452946,961,2,person,0.9457,1458.9,308.2,1918.9,1071.2,1688,689,none
2026-08-07T10:51:36.454165,961,6,person,0.8703,589.8,424.6,1135.7,1013.2,862,718,none
2026-08-07T10:51:36.548946,962,2,person,0.9346,1459.1,310.0,1918.2,1071.0,1688,690,none
2026-08-07T10:51:36.550174,962,6,person,0.8651,589.3,424.5,1135.3,1013.4,862,718,none
2026-08-07T10:51:36.622095,963,2,person,0.94,1459.1,310.6,1918.4,1071.8,1688,691,none
2026-08-07T10:51:36.623377,963,6,person,0.8599,588.6,424.5,1134.7,1013.7,861,719,none
2026-08-07T10:51:36.723665,964,2,person,0.9455,1460.3,310.2,1919.4,1071.4,1689,690,none
2026-08-07T10:51:36.724927,964,6,person,0.8623,588.2,424.5,1133.5,1013.3,860,718,none
2026-08-07T10:51:36.841332,965,2,person,0.9505,1460.7,308.8,1920.0,1071.7,1690,690,none
2026-08-07T10:51:36.842792,965,6,person,0.862,586.0,424.4,1130.2,1013.0,858,718,none
2026-08-07T10:51:36.917599,966,2,person,0.954,1460.1,307.4,1920.0,1071.1,1690,689,none
2026-08-07T10:51:36.918903,966,6,person,0.8607,584.1,424.4,1126.9,1013.0,855,718,none
2026-08-07T10:51:36.987578,967,2,person,0.9532,1459.9,307.1,1920.0,1071.1,1689,689,none
2026-08-07T10:51:36.989009,967,6,person,0.8605,584.9,424.6,1126.1,1012.4,855,718,none
2026-08-07T10:51:37.088315,968,2,person,0.9542,1459.8,307.4,1919.8,1071.3,1689,689,none
2026-08-07T10:51:37.089594,968,6,person,0.863,585.9,424.6,1126.0,1011.9,855,718,none
2026-08-07T10:51:37.186115,969,2,person,0.9543,1459.9,308.0,1919.4,1071.2,1689,689,none
2026-08-07T10:51:37.187328,969,6,person,0.8638,586.5,424.7,1125.8,1011.7,856,718,none
2026-08-07T10:51:37.273325,970,2,person,0.9542,1459.9,308.4,1919.2,1071.2,1689,689,none
2026-08-07T10:51:37.274667,970,6,person,0.8641,586.0,424.5,1124.8,1011.8,855,718,none
2026-08-07T10:51:37.359554,971,2,person,0.9544,1459.7,308.4,1919.0,1071.0,1689,689,none
2026-08-07T10:51:37.360775,971,6,person,0.8643,586.7,424.4,1125.6,1012.3,856,718,none
2026-08-07T10:51:37.455674,972,2,person,0.9556,1459.8,308.5,1918.9,1070.8,1689,689,none
2026-08-07T10:51:37.456855,972,6,person,0.8724,588.5,424.2,1128.0,1012.7,858,718,none
2026-08-07T10:51:37.551403,973,2,person,0.9539,1459.7,308.7,1919.0,1071.1,1689,689,none
2026-08-07T10:51:37.552727,973,6,person,0.8841,591.0,424.1,1131.5,1012.9,861,718,none
2026-08-07T10:51:37.620575,974,2,person,0.9526,1459.7,308.5,1919.1,1071.1,1689,689,none
2026-08-07T10:51:37.621899,974,6,person,0.8843,592.3,424.2,1134.0,1013.5,863,718,none
2026-08-07T10:51:37.686487,975,2,person,0.9541,1459.8,308.5,1919.1,1071.0,1689,689,none
2026-08-07T10:51:37.687714,975,6,person,0.8822,592.3,424.2,1134.8,1013.7,863,718,none
2026-08-07T10:51:37.751073,976,2,person,0.9533,1459.8,308.6,1919.1,1071.0,1689,689,none
2026-08-07T10:51:37.752249,976,6,person,0.8807,592.6,424.3,1135.9,1013.9,864,719,none
2026-08-07T10:51:37.820457,977,2,person,0.9538,1459.6,308.6,1919.1,1071.3,1689,689,none
2026-08-07T10:51:37.821757,977,6,person,0.876,592.5,424.7,1135.5,1013.5,864,719,none
2026-08-07T10:51:37.924082,978,2,person,0.9549,1459.8,309.1,1919.2,1071.6,1689,690,none
2026-08-07T10:51:37.925452,978,6,person,0.8669,589.8,424.4,1132.5,1013.3,861,718,none
2026-08-07T10:51:38.019891,979,2,person,0.9547,1459.9,309.3,1919.2,1071.7,1689,690,none
2026-08-07T10:51:38.021289,979,6,person,0.8708,589.1,424.2,1131.2,1012.7,860,718,none
2026-08-07T10:51:38.118025,980,2,person,0.9503,1459.7,309.4,1918.9,1071.5,1689,690,none
2026-08-07T10:51:38.119243,980,6,person,0.8737,589.0,424.4,1131.0,1012.9,860,718,none
2026-08-07T10:51:38.189553,981,2,person,0.9494,1459.6,309.2,1918.8,1071.0,1689,690,none
2026-08-07T10:51:38.190818,981,6,person,0.8785,589.4,424.3,1131.7,1013.3,860,718,none
2026-08-07T10:51:38.290632,982,2,person,0.944,1459.6,309.7,1918.7,1071.2,1689,690,none
2026-08-07T10:51:38.291834,982,6,person,0.8906,590.4,424.6,1132.4,1012.7,861,718,none
2026-08-07T10:51:38.389008,983,2,person,0.942,1460.0,310.9,1918.4,1070.9,1689,690,none
2026-08-07T10:51:38.390333,983,6,person,0.8925,591.8,424.6,1134.6,1012.8,863,718,none
2026-08-07T10:51:38.485559,984,2,person,0.9401,1460.5,312.0,1917.9,1070.0,1689,690,none
2026-08-07T10:51:38.486860,984,6,person,0.8936,592.4,424.4,1137.2,1013.9,864,719,none
2026-08-07T10:51:38.556446,985,2,person,0.9409,1460.4,312.5,1917.8,1069.9,1689,691,none
2026-08-07T10:51:38.557691,985,6,person,0.89,591.8,424.1,1136.8,1013.3,864,718,none
2026-08-07T10:51:38.657110,986,2,person,0.9433,1460.2,313.5,1917.8,1070.9,1689,692,none
2026-08-07T10:51:38.658373,986,6,person,0.8883,591.7,424.2,1136.8,1013.0,864,718,none
2026-08-07T10:51:38.755054,987,2,person,0.9436,1460.1,314.2,1917.9,1071.5,1688,692,none
2026-08-07T10:51:38.756260,987,6,person,0.8834,591.2,424.1,1136.4,1012.7,863,718,none
2026-08-07T10:51:38.851964,988,2,person,0.9461,1459.9,313.4,1918.1,1071.0,1688,692,none
2026-08-07T10:51:38.853375,988,6,person,0.8792,590.3,424.1,1135.3,1012.4,862,718,none
2026-08-07T10:51:38.926775,989,2,person,0.9484,1459.5,311.5,1918.7,1070.8,1689,691,none
2026-08-07T10:51:38.928077,989,6,person,0.8753,589.7,424.3,1134.6,1012.5,862,718,none
2026-08-07T10:51:39.019134,990,2,person,0.9492,1459.2,310.4,1918.9,1070.6,1689,690,none
2026-08-07T10:51:39.020431,990,6,person,0.8729,589.5,424.6,1134.3,1012.7,861,718,none
2026-08-07T10:51:39.085959,991,2,person,0.9452,1459.0,309.7,1919.2,1070.8,1689,690,none
2026-08-07T10:51:39.087192,991,6,person,0.8739,589.7,424.8,1134.2,1012.6,861,718,none
2026-08-07T10:51:39.153142,992,2,person,0.9452,1459.0,308.9,1919.5,1070.7,1689,689,none
2026-08-07T10:51:39.154392,992,6,person,0.8705,589.6,425.1,1133.9,1012.6,861,718,none
2026-08-07T10:51:39.219251,993,2,person,0.95,1459.0,308.2,1919.9,1071.0,1689,689,none
2026-08-07T10:51:39.220452,993,6,person,0.8675,590.2,425.1,1134.6,1012.6,862,718,none
2026-08-07T10:51:39.286878,994,2,person,0.9501,1458.9,307.8,1919.9,1071.0,1689,689,none
2026-08-07T10:51:39.288209,994,6,person,0.8634,588.8,425.1,1133.0,1012.6,860,718,none
2026-08-07T10:51:39.352623,995,2,person,0.95,1458.7,307.6,1919.8,1071.0,1689,689,none
2026-08-07T10:51:39.353808,995,6,person,0.8638,588.5,424.9,1133.0,1012.9,860,718,none
2026-08-07T10:51:39.420730,996,2,person,0.9509,1458.4,307.3,1919.5,1070.9,1688,689,none
2026-08-07T10:51:39.421969,996,6,person,0.8674,588.7,424.8,1133.2,1012.9,860,718,none
2026-08-07T10:51:39.486165,997,2,person,0.9505,1458.3,307.5,1919.3,1070.9,1688,689,none
2026-08-07T10:51:39.487406,997,6,person,0.874,589.2,424.6,1134.5,1013.6,861,719,none
2026-08-07T10:51:39.589843,998,2,person,0.9524,1458.5,308.6,1918.9,1070.7,1688,689,none
2026-08-07T10:51:39.591055,998,6,person,0.8793,589.8,424.4,1135.3,1013.5,862,718,none
2026-08-07T10:51:39.689502,999,2,person,0.9497,1459.3,311.9,1918.0,1070.6,1688,691,none
2026-08-07T10:51:39.690768,999,6,person,0.8792,590.0,424.5,1135.8,1013.7,862,719,none
2026-08-07T10:51:39.785015,1000,2,person,0.9513,1459.2,311.9,1918.0,1070.4,1688,691,none
2026-08-07T10:51:39.786218,1000,6,person,0.8863,590.8,424.7,1136.9,1013.8,863,719,none
2026-08-07T10:51:39.884707,1001,2,person,0.9461,1459.3,312.3,1918.0,1070.4,1688,691,none
2026-08-07T10:51:39.885978,1001,6,person,0.8891,591.1,424.8,1137.1,1013.4,864,719,none
2026-08-07T10:51:39.955882,1002,2,person,0.9482,1459.0,312.1,1918.2,1070.5,1688,691,none
2026-08-07T10:51:39.957092,1002,6,person,0.8778,590.7,424.7,1136.6,1013.0,863,718,none
2026-08-07T10:51:40.057458,1003,2,person,0.9461,1459.2,312.8,1918.1,1070.4,1688,691,none
2026-08-07T10:51:40.058808,1003,6,person,0.863,587.0,424.6,1132.1,1013.1,859,718,none
2026-08-07T10:51:40.155626,1004,2,person,0.9467,1459.6,314.3,1917.9,1070.5,1688,692,none
2026-08-07T10:51:40.156869,1004,6,person,0.8802,587.5,423.5,1134.9,1014.8,861,719,none
2026-08-07T10:51:40.252184,1005,2,person,0.947,1459.6,314.9,1917.7,1070.3,1688,692,none
2026-08-07T10:51:40.253370,1005,6,person,0.8849,586.8,422.7,1132.2,1013.0,859,717,none
2026-08-07T10:51:40.321659,1006,2,person,0.9466,1459.5,315.0,1917.8,1070.2,1688,692,none
2026-08-07T10:51:40.322885,1006,6,person,0.894,590.0,421.7,1132.0,1008.7,860,715,none
2026-08-07T10:51:40.445531,1007,2,person,0.9474,1459.4,314.8,1918.0,1070.2,1688,692,none
2026-08-07T10:51:40.446896,1007,6,person,0.8963,589.0,420.7,1125.1,1004.7,857,712,none
2026-08-07T10:51:40.521360,1008,2,person,0.9467,1459.2,315.0,1918.1,1070.6,1688,692,none
2026-08-07T10:51:40.522568,1008,6,person,0.8998,597.9,419.5,1133.1,1005.9,865,712,none
2026-08-07T10:51:40.623929,1009,2,person,0.9454,1458.9,315.6,1917.8,1070.8,1688,693,none
2026-08-07T10:51:40.625180,1009,6,person,0.8777,612.2,420.3,1146.5,1008.4,879,714,none
2026-08-07T10:51:40.720136,1010,2,person,0.947,1459.0,315.5,1918.0,1070.5,1688,693,none
2026-08-07T10:51:40.721365,1010,6,person,0.9077,625.2,420.2,1153.0,1003.6,889,711,none
2026-08-07T10:51:40.788210,1011,2,person,0.947,1459.1,315.6,1918.1,1070.2,1688,692,none
2026-08-07T10:51:40.789377,1011,6,person,0.9065,630.8,420.7,1148.6,996.3,889,708,none
2026-08-07T10:51:40.886299,1012,2,person,0.9475,1459.0,315.5,1918.2,1070.1,1688,692,none
2026-08-07T10:51:40.887546,1012,6,person,0.899,634.7,421.3,1149.4,996.9,892,709,none
2026-08-07T10:51:40.991110,1013,2,person,0.9462,1458.6,315.0,1918.4,1070.4,1688,692,none
2026-08-07T10:51:40.992481,1013,6,person,0.9019,634.3,422.1,1149.1,1002.2,891,712,none
2026-08-07T10:51:41.084003,1014,2,person,0.9456,1458.4,315.2,1918.4,1070.6,1688,692,none
2026-08-07T10:51:41.085314,1014,6,person,0.8989,636.8,422.0,1152.0,1006.9,894,714,none
2026-08-07T10:51:41.155637,1015,2,person,0.9449,1458.4,316.4,1917.9,1070.6,1688,693,none
2026-08-07T10:51:41.156931,1015,6,person,0.8914,645.4,421.2,1150.4,995.9,897,708,none
2026-08-07T10:51:41.256458,1016,2,person,0.9441,1458.4,317.2,1917.8,1070.9,1688,694,none
2026-08-07T10:51:41.257667,1016,6,person,0.8829,654.6,421.7,1149.9,987.1,902,704,none
2026-08-07T10:51:41.356197,1017,2,person,0.942,1457.5,315.5,1918.3,1071.3,1687,693,none
2026-08-07T10:51:41.357421,1017,6,person,0.8738,665.2,421.8,1158.8,988.8,911,705,none
2026-08-07T10:51:41.452475,1018,2,person,0.9267,1457.1,315.6,1917.9,1070.9,1687,693,none
2026-08-07T10:51:41.453655,1018,6,person,0.8379,691.5,422.3,1156.1,956.3,923,689,none
2026-08-07T10:51:41.552834,1019,2,person,0.9385,1455.8,314.1,1918.0,1071.6,1686,692,none
2026-08-07T10:51:41.554078,1019,6,person,0.8688,700.8,422.6,1179.3,980.4,940,701,none
2026-08-07T10:51:41.652969,1020,2,person,0.9167,1439.2,316.0,1904.4,1070.5,1671,693,none
2026-08-07T10:51:41.654191,1020,6,person,0.8694,710.8,422.9,1192.1,992.2,951,707,none
2026-08-07T10:51:41.754607,1021,2,person,0.8971,1406.6,316.5,1881.7,1069.8,1644,693,none
2026-08-07T10:51:41.755833,1021,6,person,0.8844,716.8,422.5,1201.1,1000.3,958,711,none
2026-08-07T10:51:41.854783,1022,2,person,0.9049,1377.3,312.9,1867.1,1069.4,1622,691,none
2026-08-07T10:51:41.856006,1022,6,person,0.8813,721.9,421.9,1205.4,1001.5,963,711,none
2026-08-07T10:51:41.953726,1023,2,person,0.8983,1341.3,312.4,1848.1,1068.2,1594,690,none
2026-08-07T10:51:41.955016,1023,6,person,0.8861,730.6,421.6,1215.5,1004.2,973,712,none
2026-08-07T10:51:42.053352,1024,2,person,0.9002,1317.8,314.2,1840.3,1067.4,1579,690,none
2026-08-07T10:51:42.054589,1024,6,person,0.8814,739.1,421.7,1228.1,1008.4,983,715,none
2026-08-07T10:51:42.155400,1025,2,person,0.8966,1310.1,317.5,1845.2,1067.5,1577,692,none
2026-08-07T10:51:42.156695,1025,6,person,0.8741,744.8,421.5,1237.7,1010.4,991,715,none
2026-08-07T10:51:42.253969,1026,2,person,0.8994,1310.6,317.8,1857.8,1069.0,1584,693,none
2026-08-07T10:51:42.255217,1026,6,person,0.866,739.2,421.2,1234.9,1013.3,987,717,none
2026-08-07T10:51:42.352720,1027,2,person,0.8639,1312.6,315.3,1871.0,1070.1,1591,692,none
2026-08-07T10:51:42.353939,1027,6,person,0.8783,739.2,420.0,1236.9,1013.1,988,716,none
2026-08-07T10:51:42.454437,1028,2,person,0.8727,1330.5,312.0,1894.1,1070.6,1612,691,none
2026-08-07T10:51:42.455628,1028,6,person,0.8591,728.6,419.0,1227.1,1016.2,977,717,none
2026-08-07T10:51:42.552940,1029,2,person,0.9016,1350.1,310.0,1913.3,1069.6,1631,689,none
2026-08-07T10:51:42.554090,1029,6,person,0.8784,730.7,418.2,1227.9,1014.6,979,716,none
2026-08-07T10:51:42.654406,1030,2,person,0.9112,1383.7,308.6,1920.0,1068.9,1651,688,none
2026-08-07T10:51:42.655661,1030,6,person,0.8761,736.6,417.9,1230.0,1012.5,983,715,none
2026-08-07T10:51:42.755343,1031,2,person,0.9328,1406.2,307.5,1920.0,1068.5,1663,688,none
2026-08-07T10:51:42.756528,1031,6,person,0.8884,732.9,416.4,1227.8,1012.7,980,714,none
2026-08-07T10:51:42.854219,1032,2,person,0.9435,1416.4,307.4,1920.0,1069.9,1668,688,none
2026-08-07T10:51:42.855567,1032,6,person,0.8907,703.7,415.6,1199.9,1012.7,951,714,none
2026-08-07T10:51:42.953325,1033,2,person,0.9254,1421.9,307.1,1920.0,1071.4,1670,689,none
2026-08-07T10:51:42.954636,1033,6,person,0.9104,666.4,415.5,1166.4,1014.2,916,714,none
2026-08-07T10:51:43.054315,1034,2,person,0.939,1425.8,306.2,1920.0,1070.9,1672,688,none
2026-08-07T10:51:43.055609,1034,6,person,0.9089,635.4,417.6,1138.5,1014.0,886,715,none
2026-08-07T10:51:43.152849,1035,2,person,0.9511,1429.9,306.9,1920.0,1070.8,1674,688,none
2026-08-07T10:51:43.154130,1035,6,person,0.917,614.3,421.5,1119.8,1011.3,867,716,none
2026-08-07T10:51:43.253534,1036,2,person,0.9515,1432.9,307.3,1920.0,1070.9,1676,689,none
2026-08-07T10:51:43.254770,1036,6,person,0.9267,599.1,424.1,1111.6,1010.5,855,717,none
2026-08-07T10:51:43.365491,1037,2,person,0.9519,1435.5,307.5,1920.0,1071.1,1677,689,none
2026-08-07T10:51:43.366902,1037,6,person,0.9339,590.0,428.8,1110.1,1011.4,850,720,none
2026-08-07T10:51:43.453779,1038,2,person,0.9491,1438.0,308.2,1920.0,1071.3,1678,689,none
2026-08-07T10:51:43.455014,1038,6,person,0.9361,585.6,435.7,1110.1,1011.8,847,723,none
2026-08-07T10:51:43.552312,1039,2,person,0.9488,1440.2,309.2,1920.0,1071.0,1680,690,none
2026-08-07T10:51:43.553538,1039,6,person,0.9469,589.2,443.1,1111.1,1008.3,850,725,none
2026-08-07T10:51:43.653619,1040,2,person,0.9525,1442.2,309.2,1920.0,1070.7,1681,689,none
2026-08-07T10:51:43.654819,1040,6,person,0.94,596.0,449.9,1113.7,1007.7,854,728,none
2026-08-07T10:51:43.754658,1041,2,person,0.9522,1444.4,310.1,1920.0,1070.9,1682,690,none
2026-08-07T10:51:43.755984,1041,6,person,0.9381,608.5,458.1,1119.1,1008.9,863,733,none
2026-08-07T10:51:43.856046,1042,2,person,0.9487,1445.9,310.4,1920.0,1070.7,1682,690,none
2026-08-07T10:51:43.857314,1042,6,person,0.9254,627.9,466.3,1128.9,1008.3,878,737,none
2026-08-07T10:51:43.952781,1043,2,person,0.9453,1447.1,311.0,1920.0,1070.8,1683,690,none
2026-08-07T10:51:43.954105,1043,6,person,0.9093,650.7,470.6,1145.2,1007.8,897,739,none
2026-08-07T10:51:44.054783,1044,2,person,0.9478,1447.9,311.3,1920.0,1071.0,1683,691,none
2026-08-07T10:51:44.056202,1044,6,person,0.9041,675.0,473.3,1163.9,1005.8,919,739,none
2026-08-07T10:51:44.154386,1045,2,person,0.9472,1448.9,311.6,1920.0,1071.0,1684,691,none
2026-08-07T10:51:44.155622,1045,6,person,0.8967,690.7,471.8,1181.9,1008.3,936,740,none
2026-08-07T10:51:44.254040,1046,2,person,0.9472,1450.0,312.0,1920.0,1071.0,1685,691,none
2026-08-07T10:51:44.255186,1046,6,person,0.8983,705.6,470.7,1201.9,1014.1,953,742,none
2026-08-07T10:51:44.353582,1047,2,person,0.9455,1450.9,311.9,1920.0,1071.4,1685,691,none
2026-08-07T10:51:44.354849,1047,6,person,0.9085,722.9,469.4,1223.8,1018.6,973,743,none
2026-08-07T10:51:44.453604,1048,2,person,0.9458,1451.3,311.5,1920.0,1071.4,1685,691,none
2026-08-07T10:51:44.454776,1048,6,person,0.9114,729.8,468.9,1230.5,1021.0,980,744,none
2026-08-07T10:51:44.554430,1049,2,person,0.9512,1451.7,311.1,1920.0,1071.3,1685,691,none
2026-08-07T10:51:44.555671,1049,6,person,0.9086,732.0,469.6,1228.0,1021.2,979,745,none
2026-08-07T10:51:44.623619,1050,2,person,0.9498,1452.1,311.8,1920.0,1071.5,1686,691,none
2026-08-07T10:51:44.624801,1050,6,person,0.9137,735.3,470.7,1224.6,1019.8,979,745,none
2026-08-07T10:51:44.723792,1051,2,person,0.9418,1451.7,311.2,1920.0,1072.3,1685,691,none
2026-08-07T10:51:44.724998,1051,6,person,0.91,739.2,473.8,1220.7,1019.0,979,746,none
2026-08-07T10:51:44.824553,1052,2,person,0.9469,1451.2,309.0,1920.0,1072.1,1685,690,none
2026-08-07T10:51:44.825836,1052,6,person,0.9044,744.9,477.1,1219.3,1018.1,982,747,none
2026-08-07T10:51:44.923256,1053,2,person,0.9516,1451.0,306.4,1920.0,1072.3,1685,689,none
2026-08-07T10:51:44.924548,1053,6,person,0.914,745.6,480.2,1212.2,1015.7,978,747,none
2026-08-07T10:51:45.017523,1054,2,person,0.9507,1451.4,306.2,1920.0,1072.4,1685,689,none
2026-08-07T10:51:45.018722,1054,6,person,0.9163,746.5,481.4,1208.7,1014.7,977,748,none
2026-08-07T10:51:45.120365,1055,2,person,0.9531,1451.8,306.9,1920.0,1072.1,1685,689,none
2026-08-07T10:51:45.121729,1055,6,person,0.9132,745.8,481.7,1205.6,1014.8,975,748,none
2026-08-07T10:51:45.221088,1056,2,person,0.9559,1451.8,305.3,1920.0,1072.2,1685,688,none
2026-08-07T10:51:45.222295,1056,6,person,0.9112,745.7,480.9,1205.4,1015.7,975,748,none
2026-08-07T10:51:45.321158,1057,2,person,0.955,1451.7,303.6,1920.0,1072.0,1685,687,none
2026-08-07T10:51:45.322432,1057,6,person,0.904,745.9,480.9,1205.9,1017.1,975,748,none
2026-08-07T10:51:45.420166,1058,2,person,0.953,1452.0,303.4,1920.0,1072.1,1686,687,none
2026-08-07T10:51:45.421365,1058,6,person,0.9055,745.4,480.3,1206.4,1018.7,975,749,none
2026-08-07T10:51:45.489112,1059,2,person,0.9521,1452.3,302.9,1920.0,1072.1,1686,687,none
2026-08-07T10:51:45.490382,1059,6,person,0.9053,745.1,480.3,1205.9,1019.4,975,749,none
2026-08-07T10:51:45.593088,1060,2,person,0.95,1452.8,303.5,1920.0,1071.8,1686,687,none
2026-08-07T10:51:45.594402,1060,6,person,0.9095,744.7,479.8,1205.3,1019.7,974,749,none
2026-08-07T10:51:45.689915,1061,2,person,0.9508,1453.6,304.5,1920.0,1071.4,1686,687,none
2026-08-07T10:51:45.691168,1061,6,person,0.9064,744.6,480.2,1203.7,1019.3,974,749,none
2026-08-07T10:51:45.784060,1062,2,person,0.9475,1454.4,305.7,1920.0,1071.2,1687,688,none
2026-08-07T10:51:45.785281,1062,6,person,0.9051,747.2,480.7,1206.3,1019.6,976,750,none
2026-08-07T10:51:45.918291,1063,2,person,0.9453,1455.0,306.7,1920.0,1071.0,1687,688,none
2026-08-07T10:51:45.919529,1063,6,person,0.9031,749.1,482.3,1206.0,1017.5,977,749,none
2026-08-07T10:51:45.987520,1064,2,person,0.9494,1455.8,309.2,1919.9,1070.7,1687,689,none
2026-08-07T10:51:45.988674,1064,6,person,0.8996,749.3,483.1,1205.6,1016.7,977,749,none
2026-08-07T10:51:46.090926,1065,2,person,0.947,1456.5,312.9,1918.4,1070.4,1687,691,none
2026-08-07T10:51:46.092287,1065,6,person,0.8982,750.3,481.8,1205.8,1013.7,978,747,none
2026-08-07T10:51:46.189793,1066,2,person,0.9486,1458.0,317.0,1917.5,1070.0,1687,693,none
2026-08-07T10:51:46.191002,1066,6,person,0.8989,749.4,481.7,1205.4,1013.7,977,747,none
2026-08-07T10:51:46.301840,1067,2,person,0.9482,1458.1,318.0,1917.3,1069.7,1687,693,none
2026-08-07T10:51:46.303100,1067,6,person,0.8998,748.8,481.5,1205.3,1013.9,977,747,none
2026-08-07T10:51:46.385798,1068,2,person,0.9582,1457.6,316.8,1917.6,1069.6,1687,693,none
2026-08-07T10:51:46.387052,1068,6,person,0.902,748.4,481.6,1205.6,1014.4,977,748,none
2026-08-07T10:51:46.455160,1069,2,person,0.9503,1457.5,315.5,1918.6,1070.1,1688,692,none
2026-08-07T10:51:46.456371,1069,6,person,0.9054,747.2,481.7,1205.1,1015.1,976,748,none
2026-08-07T10:51:46.557431,1070,2,person,0.9508,1457.2,312.6,1919.8,1070.1,1688,691,none
2026-08-07T10:51:46.558679,1070,6,person,0.9101,745.9,481.5,1203.9,1015.3,974,748,none
2026-08-07T10:51:46.655670,1071,2,person,0.9543,1457.5,311.4,1920.0,1069.9,1688,690,none
2026-08-07T10:51:46.656919,1071,6,person,0.9087,744.9,481.4,1202.0,1014.5,973,747,none
2026-08-07T10:51:46.753064,1072,2,person,0.9519,1458.0,311.0,1920.0,1069.9,1688,690,none
2026-08-07T10:51:46.754393,1072,6,person,0.9065,744.2,481.0,1200.9,1014.1,972,747,none
2026-08-07T10:51:46.833226,1073,2,person,0.9524,1457.9,310.4,1920.0,1069.8,1688,690,none
2026-08-07T10:51:46.834694,1073,6,person,0.9084,743.9,480.6,1199.9,1013.5,971,747,none
2026-08-07T10:51:46.932074,1074,2,person,0.9527,1458.0,309.7,1920.0,1069.7,1688,689,none
2026-08-07T10:51:46.933828,1074,6,person,0.9063,743.8,480.3,1198.9,1012.4,971,746,none
2026-08-07T10:51:47.020785,1075,2,person,0.9523,1458.0,309.7,1920.0,1069.7,1689,689,none
2026-08-07T10:51:47.022062,1075,6,person,0.9042,743.4,480.3,1197.7,1012.2,970,746,none
2026-08-07T10:51:47.087675,1076,2,person,0.9513,1458.1,309.4,1920.0,1069.5,1689,689,none
2026-08-07T10:51:47.088976,1076,6,person,0.903,743.1,480.2,1196.9,1012.2,970,746,none
2026-08-07T10:51:47.154870,1077,2,person,0.953,1458.0,309.3,1920.0,1069.6,1688,689,none
2026-08-07T10:51:47.156093,1077,6,person,0.9033,743.2,480.2,1196.8,1012.7,970,746,none
2026-08-07T10:51:47.253075,1078,2,person,0.9524,1457.7,309.2,1919.9,1069.7,1688,689,none
2026-08-07T10:51:47.254320,1078,6,person,0.9034,743.3,479.6,1197.2,1012.9,970,746,none
2026-08-07T10:51:47.357444,1079,2,person,0.9534,1457.9,310.0,1919.6,1069.8,1688,689,none
2026-08-07T10:51:47.358709,1079,6,person,0.904,743.5,479.9,1196.9,1013.0,970,746,none
2026-08-07T10:51:47.470689,1080,2,person,0.9534,1458.2,310.9,1919.3,1069.8,1688,690,none
2026-08-07T10:51:47.472235,1080,6,person,0.9044,743.9,479.8,1197.1,1013.3,970,746,none
2026-08-07T10:51:47.586170,1081,2,person,0.9526,1458.3,311.0,1919.4,1070.0,1688,690,none
2026-08-07T10:51:47.587434,1081,6,person,0.9044,744.1,479.8,1197.1,1013.4,970,746,none
2026-08-07T10:51:47.692791,1082,2,person,0.9505,1458.5,310.4,1919.6,1069.9,1689,690,none
2026-08-07T10:51:47.694092,1082,6,person,0.9026,744.1,479.8,1196.5,1013.0,970,746,none
2026-08-07T10:51:47.785888,1083,2,person,0.9494,1458.5,309.2,1920.0,1069.8,1689,689,none
2026-08-07T10:51:47.787158,1083,6,person,0.9027,744.1,479.9,1196.1,1013.2,970,746,none
2026-08-07T10:51:47.887444,1084,2,person,0.9508,1458.6,308.9,1920.0,1069.7,1689,689,none
2026-08-07T10:51:47.888721,1084,6,person,0.9022,744.1,480.0,1196.0,1013.5,970,746,none
2026-08-07T10:51:47.994128,1085,2,person,0.9509,1458.7,309.3,1919.8,1069.6,1689,689,none
2026-08-07T10:51:47.995303,1085,6,person,0.9029,744.1,479.9,1195.8,1013.6,969,746,none
2026-08-07T10:51:48.146097,1086,2,person,0.9516,1458.5,309.4,1919.6,1069.8,1689,689,none
2026-08-07T10:51:48.147338,1086,6,person,0.9033,744.4,480.1,1195.9,1013.8,970,746,none
2026-08-07T10:51:48.233723,1087,2,person,0.9519,1458.6,310.1,1919.3,1069.9,1688,689,none
2026-08-07T10:51:48.235075,1087,6,person,0.9045,745.0,480.5,1195.1,1012.7,970,746,none
2026-08-07T10:51:48.323666,1088,2,person,0.9525,1458.7,310.7,1919.2,1070.3,1688,690,none
2026-08-07T10:51:48.324873,1088,6,person,0.9046,745.2,480.6,1195.4,1013.1,970,746,none
2026-08-07T10:51:48.420095,1089,2,person,0.9519,1457.5,310.2,1918.8,1070.9,1688,690,none
2026-08-07T10:51:48.421424,1089,6,person,0.9041,745.2,480.4,1195.7,1013.6,970,747,none
2026-08-07T10:51:48.489309,1090,2,person,0.9525,1458.3,311.7,1918.7,1071.0,1688,691,none
2026-08-07T10:51:48.490589,1090,6,person,0.9035,745.7,480.4,1196.3,1013.8,971,747,none
2026-08-07T10:51:48.590989,1091,2,person,0.9519,1458.1,312.1,1918.6,1071.3,1688,691,none
2026-08-07T10:51:48.592282,1091,6,person,0.9037,746.4,480.7,1196.2,1013.4,971,747,none
2026-08-07T10:51:48.689661,1092,2,person,0.9516,1458.0,311.9,1918.7,1071.4,1688,691,none
2026-08-07T10:51:48.690935,1092,6,person,0.9054,746.5,480.7,1196.2,1013.2,971,746,none
2026-08-07T10:51:48.795414,1093,2,person,0.9546,1457.0,310.4,1918.6,1071.1,1687,690,none
2026-08-07T10:51:48.796747,1093,6,person,0.9055,745.8,480.6,1194.8,1012.6,970,746,none
2026-08-07T10:51:48.898518,1094,2,person,0.9532,1457.0,309.3,1918.8,1070.4,1687,689,none
2026-08-07T10:51:48.900130,1094,6,person,0.9072,745.9,480.8,1194.3,1012.6,970,746,none
2026-08-07T10:51:48.992005,1095,2,person,0.9502,1457.7,309.8,1919.2,1070.4,1688,690,none
2026-08-07T10:51:48.993421,1095,6,person,0.9081,747.3,481.3,1196.7,1013.6,971,747,none
2026-08-07T10:51:49.086278,1096,2,person,0.9507,1457.8,309.9,1919.5,1071.2,1688,690,none
2026-08-07T10:51:49.087485,1096,6,person,0.9079,747.6,481.7,1197.3,1013.6,972,747,none
2026-08-07T10:51:49.155853,1097,2,person,0.9494,1457.7,309.9,1919.6,1071.6,1688,690,none
2026-08-07T10:51:49.157053,1097,6,person,0.9063,747.6,481.7,1197.4,1013.2,972,747,none
2026-08-07T10:51:49.302471,1098,2,person,0.9504,1458.7,312.3,1919.0,1071.2,1688,691,none
2026-08-07T10:51:49.303819,1098,6,person,0.9056,747.1,481.7,1197.0,1012.8,972,747,none
2026-08-07T10:51:49.388123,1099,2,person,0.9507,1459.2,314.1,1918.5,1071.1,1688,692,none
2026-08-07T10:51:49.389419,1099,6,person,0.9047,746.7,481.5,1196.7,1012.3,971,746,none
2026-08-07T10:51:49.487586,1100,2,person,0.9497,1459.5,315.5,1918.1,1071.1,1688,693,none
2026-08-07T10:51:49.488858,1100,6,person,0.9031,746.8,481.6,1197.0,1012.3,971,746,none
2026-08-07T10:51:49.555802,1101,2,person,0.949,1459.8,315.7,1918.2,1070.5,1689,693,none
2026-08-07T10:51:49.557010,1101,6,person,0.9022,746.4,481.4,1197.0,1012.3,971,746,none
2026-08-07T10:51:49.657737,1102,2,person,0.9495,1458.9,315.0,1918.0,1070.5,1688,692,none
2026-08-07T10:51:49.659043,1102,6,person,0.9025,746.2,481.3,1197.0,1012.4,971,746,none
2026-08-07T10:51:49.756179,1103,2,person,0.9521,1458.6,314.5,1918.1,1070.5,1688,692,none
2026-08-07T10:51:49.757338,1103,6,person,0.9038,746.0,481.3,1197.5,1013.2,971,747,none
2026-08-07T10:51:49.852042,1104,2,person,0.9507,1458.5,314.3,1918.4,1070.7,1688,692,none
2026-08-07T10:51:49.853187,1104,6,person,0.9027,743.8,481.3,1195.7,1014.1,969,747,none
2026-08-07T10:51:49.926015,1105,2,person,0.9468,1458.3,313.4,1918.8,1071.0,1688,692,none
2026-08-07T10:51:49.927295,1105,6,person,0.9021,742.9,481.2,1194.7,1014.6,968,747,none
2026-08-07T10:51:50.043736,1106,2,person,0.9484,1457.3,310.5,1919.4,1070.9,1688,690,none
2026-08-07T10:51:50.044932,1106,6,person,0.9016,742.2,481.3,1193.7,1014.9,967,748,none
2026-08-07T10:51:50.116891,1107,2,person,0.9493,1457.6,310.1,1919.8,1071.0,1688,690,none
2026-08-07T10:51:50.118102,1107,6,person,0.9026,742.1,481.2,1193.1,1014.9,967,748,none
2026-08-07T10:51:50.185598,1108,2,person,0.9504,1457.3,308.7,1920.0,1071.4,1688,690,none
2026-08-07T10:51:50.186718,1108,6,person,0.9024,744.2,481.3,1195.1,1014.8,969,748,none
2026-08-07T10:51:50.256949,1109,2,person,0.9494,1457.1,308.0,1920.0,1071.5,1688,689,none
2026-08-07T10:51:50.258344,1109,6,person,0.9039,743.0,481.3,1193.6,1015.1,968,748,none
2026-08-07T10:51:50.323163,1110,2,person,0.9489,1456.6,307.5,1920.0,1071.6,1688,689,none
2026-08-07T10:51:50.324285,1110,6,person,0.9027,742.6,481.3,1192.7,1015.0,967,748,none
2026-08-07T10:51:50.422662,1111,2,person,0.9507,1456.5,306.9,1920.0,1071.5,1688,689,none
2026-08-07T10:51:50.423777,1111,6,person,0.9043,743.1,481.1,1193.8,1015.8,968,748,none
2026-08-07T10:51:50.488939,1112,2,person,0.9506,1456.7,306.9,1919.9,1071.4,1688,689,none
2026-08-07T10:51:50.490084,1112,6,person,0.9036,743.1,480.8,1193.8,1016.1,968,748,none
2026-08-07T10:51:50.554094,1113,2,person,0.9501,1456.8,307.1,1919.7,1071.2,1688,689,none
2026-08-07T10:51:50.555201,1113,6,person,0.905,744.9,481.0,1196.0,1016.2,970,748,none
2026-08-07T10:51:50.619181,1114,2,person,0.9494,1456.8,307.4,1919.5,1071.2,1688,689,none
2026-08-07T10:51:50.620450,1114,6,person,0.904,743.7,480.8,1194.8,1016.5,969,748,none
2026-08-07T10:51:50.687932,1115,2,person,0.9532,1457.0,308.5,1919.1,1071.2,1688,689,none
2026-08-07T10:51:50.689053,1115,6,person,0.9051,743.0,480.8,1193.9,1016.8,968,748,none
2026-08-07T10:51:50.787750,1116,2,person,0.9537,1457.4,308.5,1919.3,1071.1,1688,689,none
2026-08-07T10:51:50.788984,1116,6,person,0.9051,742.8,481.0,1193.2,1016.9,967,748,none
2026-08-07T10:51:50.856246,1117,2,person,0.9518,1457.4,308.0,1919.4,1070.7,1688,689,none
2026-08-07T10:51:50.857488,1117,6,person,0.9056,744.8,481.1,1195.6,1017.1,970,749,none
2026-08-07T10:51:50.963438,1118,2,person,0.9526,1456.9,306.8,1919.4,1070.6,1688,688,none
2026-08-07T10:51:50.964796,1118,6,person,0.9058,744.1,481.2,1194.3,1017.0,969,749,none
2026-08-07T10:51:51.057561,1119,2,person,0.9504,1456.9,306.2,1919.7,1070.5,1688,688,none
2026-08-07T10:51:51.058873,1119,6,person,0.9064,744.2,481.1,1194.2,1017.1,969,749,none
2026-08-07T10:51:51.153686,1120,2,person,0.9501,1457.1,306.6,1919.6,1070.8,1688,688,none
2026-08-07T10:51:51.155013,1120,6,person,0.9069,744.2,481.2,1193.6,1017.0,968,749,none
2026-08-07T10:51:51.222500,1121,2,person,0.9502,1457.2,306.8,1919.6,1070.8,1688,688,none
2026-08-07T10:51:51.223784,1121,6,person,0.9076,744.3,481.4,1193.2,1016.9,968,749,none
2026-08-07T10:51:51.329717,1122,2,person,0.9496,1457.3,306.7,1919.7,1071.1,1688,688,none
2026-08-07T10:51:51.330998,1122,6,person,0.9082,744.2,481.3,1192.7,1016.9,968,749,none
2026-08-07T10:51:51.423162,1123,2,person,0.9475,1457.3,306.7,1919.6,1071.0,1688,688,none
2026-08-07T10:51:51.424343,1123,6,person,0.9105,744.8,481.4,1193.0,1016.9,968,749,none
2026-08-07T10:51:51.518292,1124,2,person,0.9481,1457.2,306.8,1919.4,1070.9,1688,688,none
2026-08-07T10:51:51.519576,1124,6,person,0.9128,745.7,481.6,1193.4,1016.4,969,749,none
2026-08-07T10:51:51.593559,1125,2,person,0.9485,1457.3,307.4,1919.2,1071.0,1688,689,none
2026-08-07T10:51:51.594851,1125,6,person,0.9135,745.3,481.9,1192.2,1015.6,968,748,none
2026-08-07T10:51:51.693205,1126,2,person,0.951,1457.2,307.4,1919.3,1071.3,1688,689,none
2026-08-07T10:51:51.694483,1126,6,person,0.915,744.3,482.0,1190.6,1015.3,967,748,none
2026-08-07T10:51:51.785700,1127,2,person,0.9535,1457.6,308.8,1918.7,1071.0,1688,689,none
2026-08-07T10:51:51.786859,1127,6,person,0.9142,743.9,482.0,1189.5,1014.8,966,748,none
2026-08-07T10:51:51.857460,1128,2,person,0.9517,1457.9,310.1,1918.4,1070.9,1688,690,none
2026-08-07T10:51:51.858812,1128,6,person,0.9142,743.8,481.9,1189.0,1014.7,966,748,none
2026-08-07T10:51:51.958214,1129,2,person,0.9498,1458.7,311.0,1918.5,1070.4,1688,690,none
2026-08-07T10:51:51.959535,1129,6,person,0.9135,743.7,481.7,1188.8,1014.8,966,748,none
2026-08-07T10:51:52.056336,1130,2,person,0.9521,1458.4,312.4,1917.9,1070.7,1688,691,none
2026-08-07T10:51:52.057553,1130,6,person,0.9125,743.8,481.6,1189.0,1015.0,966,748,none
2026-08-07T10:51:52.153673,1131,2,person,0.951,1458.6,313.8,1917.7,1071.0,1688,692,none
2026-08-07T10:51:52.154907,1131,6,person,0.9114,744.2,481.7,1189.2,1014.8,966,748,none
2026-08-07T10:51:52.223324,1132,2,person,0.9506,1458.4,313.8,1917.7,1070.8,1688,692,none
2026-08-07T10:51:52.224623,1132,6,person,0.911,744.2,481.8,1188.9,1014.4,966,748,none
2026-08-07T10:51:52.324592,1133,2,person,0.9501,1458.3,313.9,1917.8,1070.8,1688,692,none
2026-08-07T10:51:52.325920,1133,6,person,0.9091,744.1,481.9,1188.6,1014.2,966,748,none
2026-08-07T10:51:52.421465,1134,2,person,0.951,1458.2,314.0,1917.9,1070.9,1688,692,none
2026-08-07T10:51:52.422668,1134,6,person,0.9071,743.8,482.0,1188.4,1014.2,966,748,none
2026-08-07T10:51:52.536324,1135,2,person,0.9502,1457.8,313.1,1918.1,1070.8,1687,691,none
2026-08-07T10:51:52.537620,1135,6,person,0.9066,743.6,481.9,1188.6,1014.3,966,748,none
2026-08-07T10:51:52.621444,1136,2,person,0.9494,1457.6,312.8,1918.3,1070.6,1687,691,none
2026-08-07T10:51:52.622744,1136,6,person,0.9082,744.1,481.9,1189.7,1014.7,966,748,none
2026-08-07T10:51:52.689452,1137,2,person,0.9486,1456.2,311.5,1918.1,1070.9,1687,691,none
2026-08-07T10:51:52.690719,1137,6,person,0.9097,744.5,481.8,1190.8,1014.9,967,748,none
2026-08-07T10:51:52.754352,1138,2,person,0.9483,1455.6,311.0,1918.1,1071.2,1686,691,none
2026-08-07T10:51:52.755555,1138,6,person,0.9075,744.8,481.5,1191.5,1014.7,968,748,none
2026-08-07T10:51:52.819695,1139,2,person,0.9503,1455.1,310.9,1918.0,1071.3,1686,691,none
2026-08-07T10:51:52.820782,1139,6,person,0.9072,745.0,481.0,1192.6,1015.0,968,747,none
2026-08-07T10:51:52.888852,1140,2,person,0.9495,1456.1,312.3,1918.2,1071.0,1687,691,none
2026-08-07T10:51:52.890146,1140,6,person,0.9082,745.0,480.4,1193.6,1015.3,969,747,none
2026-08-07T10:51:52.990450,1141,2,person,0.9484,1455.5,312.4,1917.9,1071.2,1686,691,none
2026-08-07T10:51:52.991688,1141,6,person,0.9068,744.7,479.5,1194.3,1015.5,969,747,none
2026-08-07T10:51:53.088458,1142,2,person,0.9509,1455.6,312.5,1918.2,1071.5,1686,691,none
2026-08-07T10:51:53.089656,1142,6,person,0.9067,744.4,479.0,1194.7,1015.6,969,747,none
2026-08-07T10:51:53.156096,1143,2,person,0.9516,1455.7,312.5,1918.3,1071.3,1686,691,none
2026-08-07T10:51:53.157345,1143,6,person,0.908,744.2,478.9,1195.0,1016.0,969,747,none
2026-08-07T10:51:53.221076,1144,2,person,0.9486,1455.7,313.4,1918.1,1071.4,1686,692,none
2026-08-07T10:51:53.222317,1144,6,person,0.9077,744.4,479.0,1195.8,1016.6,970,747,none
2026-08-07T10:51:53.322995,1145,2,person,0.9495,1457.4,317.9,1917.3,1070.9,1687,694,none
2026-08-07T10:51:53.324272,1145,6,person,0.9066,744.3,479.1,1196.2,1017.3,970,748,none
2026-08-07T10:51:53.420824,1146,2,person,0.9564,1458.0,321.1,1916.4,1070.6,1687,695,none
2026-08-07T10:51:53.422207,1146,6,person,0.9059,742.2,478.7,1194.1,1017.7,968,748,none
2026-08-07T10:51:53.492338,1147,2,person,0.9586,1458.1,322.6,1916.2,1070.5,1687,696,none
2026-08-07T10:51:53.493582,1147,6,person,0.9048,741.5,478.6,1192.8,1017.5,967,748,none
2026-08-07T10:51:53.592278,1148,2,person,0.9554,1458.7,326.5,1915.5,1071.0,1687,698,none
2026-08-07T10:51:53.593519,1148,6,person,0.9042,743.2,478.6,1193.9,1016.6,968,747,none
2026-08-07T10:51:53.690938,1149,2,person,0.9507,1458.9,328.0,1915.5,1070.8,1687,699,none
2026-08-07T10:51:53.692291,1149,6,person,0.9031,742.0,478.5,1191.9,1016.4,966,747,none
2026-08-07T10:51:53.785103,1150,2,person,0.9519,1458.7,328.0,1916.2,1071.3,1687,699,none
2026-08-07T10:51:53.786275,1150,6,person,0.9052,742.0,478.5,1191.4,1016.6,966,747,none
2026-08-07T10:51:53.857204,1151,2,person,0.9507,1458.4,326.6,1917.1,1071.6,1687,699,none
2026-08-07T10:51:53.858424,1151,6,person,0.9074,743.9,478.4,1193.0,1016.5,968,747,none
2026-08-07T10:51:53.958322,1152,2,person,0.9585,1457.4,322.9,1918.4,1071.5,1687,697,none
2026-08-07T10:51:53.959519,1152,6,person,0.9073,744.6,478.2,1193.3,1016.0,968,747,none
2026-08-07T10:51:54.055230,1153,2,person,0.9563,1456.8,320.6,1919.0,1071.2,1687,695,none
2026-08-07T10:51:54.056491,1153,6,person,0.9077,744.6,477.7,1193.0,1015.4,968,746,none
2026-08-07T10:51:54.152938,1154,2,person,0.9542,1456.7,320.2,1919.1,1071.4,1687,695,none
2026-08-07T10:51:54.154108,1154,6,person,0.9042,744.9,477.5,1193.1,1015.2,968,746,none
2026-08-07T10:51:54.224728,1155,2,person,0.9531,1457.0,320.6,1919.1,1071.1,1688,695,none
2026-08-07T10:51:54.226006,1155,6,person,0.9034,745.2,477.2,1193.3,1015.2,969,746,none
2026-08-07T10:51:54.325390,1156,2,person,0.9469,1457.5,320.8,1919.2,1070.7,1688,695,none
2026-08-07T10:51:54.326649,1156,6,person,0.9057,745.5,477.2,1193.8,1015.4,969,746,none
2026-08-07T10:51:54.423179,1157,2,person,0.9412,1456.9,318.9,1919.3,1070.0,1688,694,none
2026-08-07T10:51:54.424423,1157,6,person,0.9056,745.5,477.1,1193.6,1015.2,969,746,none
2026-08-07T10:51:54.518599,1158,2,person,0.9426,1459.4,324.5,1918.2,1069.3,1688,696,none
2026-08-07T10:51:54.519786,1158,6,person,0.9054,743.7,477.4,1191.5,1015.9,967,746,none
2026-08-07T10:51:54.591191,1159,2,person,0.9435,1462.1,329.2,1917.7,1068.3,1689,698,none
2026-08-07T10:51:54.592444,1159,6,person,0.9068,744.9,477.0,1193.3,1016.0,969,746,none
2026-08-07T10:51:54.692307,1160,2,person,0.9309,1463.9,333.7,1917.3,1068.7,1690,701,none
2026-08-07T10:51:54.693518,1160,6,person,0.9077,745.2,477.0,1193.5,1015.9,969,746,none
2026-08-07T10:51:54.790235,1161,2,person,0.94,1464.4,333.1,1918.2,1068.6,1691,700,none
2026-08-07T10:51:54.791540,1161,6,person,0.9078,745.6,477.2,1193.3,1015.6,969,746,none
2026-08-07T10:51:54.887135,1162,2,person,0.9315,1464.0,330.2,1919.9,1069.6,1691,699,none
2026-08-07T10:51:54.888386,1162,6,person,0.9071,745.6,477.0,1193.0,1015.2,969,746,none
2026-08-07T10:51:54.957721,1163,2,person,0.9539,1460.1,325.2,1919.7,1070.8,1689,698,none
2026-08-07T10:51:54.958970,1163,6,person,0.9059,745.7,477.0,1193.1,1015.1,969,746,none
2026-08-07T10:51:55.058797,1164,2,person,0.9492,1416.1,321.0,1888.8,1071.0,1652,695,none
2026-08-07T10:51:55.059938,1164,6,person,0.9022,745.8,476.7,1193.1,1014.9,969,745,none
2026-08-07T10:51:55.156569,1165,2,person,0.9377,1364.6,316.7,1857.1,1070.7,1610,693,none
2026-08-07T10:51:55.157864,1165,6,person,0.8996,746.1,476.7,1193.3,1014.9,969,745,none
2026-08-07T10:51:55.254384,1166,2,person,0.9401,1369.0,314.7,1870.8,1070.3,1619,692,none
2026-08-07T10:51:55.255674,1166,6,person,0.898,746.3,477.1,1193.3,1015.0,969,746,none
2026-08-07T10:51:55.353155,1167,2,person,0.9479,1408.3,314.7,1907.9,1070.5,1658,692,none
2026-08-07T10:51:55.354418,1167,6,person,0.9017,745.5,479.9,1190.5,1015.5,967,747,none
2026-08-07T10:51:55.456673,1168,2,person,0.9527,1426.2,315.5,1920.0,1070.5,1673,693,none
2026-08-07T10:51:55.457942,1168,6,person,0.9034,744.5,480.3,1189.0,1015.7,966,747,none
2026-08-07T10:51:55.554761,1169,2,person,0.9427,1433.7,316.1,1920.0,1070.9,1676,693,none
2026-08-07T10:51:55.556033,1169,6,person,0.9059,746.1,480.7,1190.0,1015.1,968,747,none
2026-08-07T10:51:55.669967,1170,2,person,0.952,1436.1,316.0,1920.0,1069.9,1678,692,none
2026-08-07T10:51:55.671256,1170,6,person,0.905,745.2,480.7,1188.9,1015.2,967,747,none
2026-08-07T10:51:55.756573,1171,2,person,0.9563,1436.5,314.6,1920.0,1070.3,1678,692,none
2026-08-07T10:51:55.757859,1171,6,person,0.9056,744.8,480.6,1188.3,1015.3,966,747,none
2026-08-07T10:51:55.852926,1172,2,person,0.9501,1436.9,314.4,1920.0,1070.0,1678,692,none
2026-08-07T10:51:55.854173,1172,6,person,0.9056,744.6,480.5,1187.9,1015.4,966,747,none
2026-08-07T10:51:55.925072,1173,2,person,0.9408,1437.9,314.7,1920.0,1069.8,1678,692,none
2026-08-07T10:51:55.926350,1173,6,person,0.9047,744.6,480.4,1188.0,1015.6,966,747,none
2026-08-07T10:51:56.025355,1174,2,person,0.9439,1438.6,313.4,1920.0,1068.9,1679,691,none
2026-08-07T10:51:56.026604,1174,6,person,0.903,746.5,480.2,1189.5,1014.5,967,747,none
2026-08-07T10:51:56.124505,1175,2,person,0.9456,1439.9,313.1,1920.0,1068.8,1679,690,none
2026-08-07T10:51:56.125830,1175,6,person,0.9052,746.7,480.2,1189.8,1014.4,968,747,none
2026-08-07T10:51:56.220792,1176,2,person,0.9378,1440.6,312.1,1920.0,1067.6,1680,689,none
2026-08-07T10:51:56.222028,1176,6,person,0.905,744.8,480.1,1188.5,1015.5,966,747,none
2026-08-07T10:51:56.324661,1177,2,person,0.9413,1441.0,311.3,1920.0,1067.4,1680,689,none
2026-08-07T10:51:56.325955,1177,6,person,0.9075,746.0,480.2,1189.2,1014.8,967,747,none
2026-08-07T10:51:56.420132,1178,2,person,0.9424,1441.0,310.5,1920.0,1067.5,1680,688,none
2026-08-07T10:51:56.421406,1178,6,person,0.9062,746.3,480.6,1189.6,1015.0,967,747,none
2026-08-07T10:51:56.490557,1179,2,person,0.942,1440.9,308.8,1920.0,1068.2,1680,688,none
2026-08-07T10:51:56.491832,1179,6,person,0.9046,746.1,480.8,1189.4,1014.9,967,747,none
2026-08-07T10:51:56.591817,1180,2,person,0.9461,1441.8,307.6,1920.0,1069.4,1680,688,none
2026-08-07T10:51:56.593112,1180,6,person,0.904,745.8,481.0,1189.0,1014.8,967,747,none
2026-08-07T10:51:56.693587,1181,2,person,0.938,1443.9,307.9,1920.0,1069.6,1681,688,none
2026-08-07T10:51:56.694856,1181,6,person,0.9055,745.9,481.1,1189.3,1014.8,967,747,none
2026-08-07T10:51:56.785697,1182,2,person,0.9392,1446.7,308.4,1920.0,1069.7,1683,689,none
2026-08-07T10:51:56.786928,1182,6,person,0.9065,745.3,481.2,1188.8,1014.9,967,748,none
2026-08-07T10:51:56.886629,1183,2,person,0.9387,1448.0,308.8,1920.0,1069.2,1683,688,none
2026-08-07T10:51:56.887924,1183,6,person,0.906,744.8,481.4,1188.5,1015.1,966,748,none
2026-08-07T10:51:56.958204,1184,2,person,0.934,1448.3,308.9,1920.0,1069.3,1684,689,none
2026-08-07T10:51:56.959540,1184,6,person,0.9057,744.9,481.4,1188.6,1015.0,966,748,none
2026-08-07T10:51:57.060010,1185,2,person,0.9324,1448.9,308.3,1920.0,1069.7,1684,688,none
2026-08-07T10:51:57.061265,1185,6,person,0.9061,744.8,481.4,1188.7,1015.0,966,748,none
2026-08-07T10:51:57.157115,1186,2,person,0.9351,1450.0,307.9,1920.0,1070.0,1684,688,none
2026-08-07T10:51:57.158350,1186,6,person,0.9065,743.0,481.1,1187.1,1015.5,965,748,none
2026-08-07T10:51:57.255026,1187,2,person,0.9343,1450.5,307.7,1920.0,1070.3,1685,689,none
2026-08-07T10:51:57.256437,1187,6,person,0.9063,742.5,480.9,1186.4,1015.6,964,748,none
2026-08-07T10:51:57.354440,1188,2,person,0.9366,1451.1,308.1,1920.0,1070.3,1685,689,none
2026-08-07T10:51:57.355697,1188,6,person,0.9054,742.2,480.8,1185.9,1015.7,964,748,none
2026-08-07T10:51:57.422683,1189,2,person,0.9351,1451.7,309.0,1920.0,1070.5,1685,689,none
2026-08-07T10:51:57.423867,1189,6,person,0.9056,743.7,481.1,1186.8,1015.0,965,748,none
2026-08-07T10:51:57.525730,1190,2,person,0.9362,1452.7,310.2,1920.0,1070.2,1686,690,none
2026-08-07T10:51:57.526902,1190,6,person,0.9058,744.2,481.4,1187.0,1014.8,965,748,none
2026-08-07T10:51:57.624738,1191,2,person,0.9354,1453.3,311.2,1920.0,1070.6,1686,690,none
2026-08-07T10:51:57.625981,1191,6,person,0.9056,742.8,481.1,1185.9,1015.5,964,748,none
2026-08-07T10:51:57.720948,1192,2,person,0.935,1453.6,310.9,1920.0,1070.8,1686,690,none
2026-08-07T10:51:57.722140,1192,6,person,0.9053,742.1,480.7,1185.2,1015.7,963,748,none
2026-08-07T10:51:57.790565,1193,2,person,0.9355,1453.7,310.0,1920.0,1070.7,1686,690,none
2026-08-07T10:51:57.791831,1193,6,person,0.9062,742.0,480.5,1184.9,1015.9,963,748,none
2026-08-07T10:51:57.893235,1194,2,person,0.9367,1453.7,308.9,1920.0,1070.6,1686,689,none
2026-08-07T10:51:57.894435,1194,6,person,0.9065,743.6,480.8,1185.7,1015.1,964,747,none
2026-08-07T10:51:57.990954,1195,2,person,0.936,1453.6,307.7,1920.0,1070.7,1686,689,none
2026-08-07T10:51:57.992216,1195,6,person,0.9064,742.6,480.6,1184.8,1015.5,963,748,none
2026-08-07T10:51:58.085403,1196,2,person,0.9352,1453.8,306.0,1920.0,1070.1,1686,688,none
2026-08-07T10:51:58.086582,1196,6,person,0.9058,743.7,480.7,1185.6,1015.1,964,747,none
2026-08-07T10:51:58.157462,1197,2,person,0.9335,1454.1,301.9,1920.0,1070.0,1687,685,none
2026-08-07T10:51:58.158784,1197,6,person,0.9062,744.3,480.7,1186.2,1014.9,965,747,none
2026-08-07T10:51:58.260932,1198,2,person,0.9347,1455.7,297.2,1920.0,1070.4,1687,683,none
2026-08-07T10:51:58.262262,1198,6,person,0.9049,744.9,480.8,1186.9,1014.7,965,747,none
2026-08-07T10:51:58.356052,1199,2,person,0.9367,1460.1,296.0,1920.0,1072.3,1690,684,none
2026-08-07T10:51:58.357335,1199,6,person,0.9053,744.8,480.9,1186.7,1014.4,965,747,none
2026-08-07T10:51:58.453461,1200,2,person,0.9337,1466.3,296.1,1920.0,1072.2,1693,684,none
2026-08-07T10:51:58.454756,1200,6,person,0.9037,743.0,480.8,1185.1,1015.1,964,747,none
2026-08-07T10:51:58.524862,1201,2,person,0.933,1470.7,297.3,1920.0,1072.6,1695,684,none
2026-08-07T10:51:58.526105,1201,6,person,0.9041,744.2,481.1,1185.7,1014.2,964,747,none
2026-08-07T10:51:58.625146,1202,2,person,0.934,1471.8,300.9,1920.0,1072.3,1695,686,none
2026-08-07T10:51:58.626376,1202,6,person,0.907,744.6,481.3,1185.8,1013.8,965,747,none
2026-08-07T10:51:58.723818,1203,2,person,0.9314,1472.7,305.1,1920.0,1072.7,1696,688,none
2026-08-07T10:51:58.725012,1203,6,person,0.9058,744.6,481.3,1186.0,1013.9,965,747,none
2026-08-07T10:51:58.837021,1204,2,person,0.9365,1471.5,307.5,1920.0,1073.2,1695,690,none
2026-08-07T10:51:58.838300,1204,6,person,0.9067,745.1,481.3,1186.5,1013.7,965,747,none
2026-08-07T10:51:58.923247,1205,2,person,0.9352,1469.0,310.7,1920.0,1074.1,1694,692,none
2026-08-07T10:51:58.924523,1205,6,person,0.9069,745.3,481.5,1186.7,1013.7,966,747,none
2026-08-07T10:51:59.018905,1206,2,person,0.9377,1467.2,312.4,1918.6,1074.2,1692,693,none
2026-08-07T10:51:59.020195,1206,6,person,0.9064,743.4,481.3,1185.4,1015.0,964,748,none
2026-08-07T10:51:59.091593,1207,2,person,0.9366,1466.2,312.5,1917.9,1074.3,1692,693,none
2026-08-07T10:51:59.092922,1207,6,person,0.9062,742.7,481.2,1184.5,1015.5,963,748,none
2026-08-07T10:51:59.193503,1208,2,person,0.9403,1465.4,311.9,1917.5,1073.8,1691,692,none
2026-08-07T10:51:59.194761,1208,6,person,0.9053,744.3,481.3,1185.8,1014.9,965,748,none
2026-08-07T10:51:59.287950,1209,2,person,0.939,1465.6,313.5,1917.0,1073.2,1691,693,none
2026-08-07T10:51:59.289180,1209,6,person,0.9051,743.1,481.0,1184.9,1015.6,963,748,none
2026-08-07T10:51:59.355850,1210,2,person,0.94,1465.8,314.7,1917.0,1073.5,1691,694,none
2026-08-07T10:51:59.357071,1210,6,person,0.905,742.7,480.8,1184.3,1015.6,963,748,none
2026-08-07T10:51:59.460070,1211,2,person,0.9447,1465.7,314.8,1917.2,1073.5,1691,694,none
2026-08-07T10:51:59.461298,1211,6,person,0.9044,742.6,480.7,1183.7,1015.5,963,748,none
2026-08-07T10:51:59.557257,1212,2,person,0.9408,1466.7,316.4,1916.8,1071.6,1691,693,none
2026-08-07T10:51:59.558538,1212,6,person,0.9034,743.9,480.8,1184.2,1014.6,964,747,none
2026-08-07T10:51:59.653535,1213,2,person,0.9399,1466.6,316.6,1916.9,1071.4,1691,694,none
2026-08-07T10:51:59.654794,1213,6,person,0.9042,744.4,481.1,1184.7,1014.7,964,747,none
2026-08-07T10:51:59.723999,1214,2,person,0.9384,1466.8,316.6,1917.2,1071.1,1692,693,none
2026-08-07T10:51:59.725211,1214,6,person,0.9048,745.1,481.1,1185.3,1014.5,965,747,none
2026-08-07T10:51:59.827302,1215,2,person,0.9391,1466.7,315.9,1917.6,1070.8,1692,693,none
2026-08-07T10:51:59.828508,1215,6,person,0.9055,745.2,481.2,1185.5,1014.3,965,747,none
2026-08-07T10:51:59.924115,1216,2,person,0.9396,1466.7,315.4,1918.0,1070.6,1692,693,none
2026-08-07T10:51:59.925373,1216,6,person,0.9053,745.3,481.3,1186.0,1014.5,965,747,none
2026-08-07T10:52:00.019442,1217,2,person,0.9402,1466.5,314.4,1918.4,1070.6,1692,692,none
2026-08-07T10:52:00.020814,1217,6,person,0.9065,745.3,481.4,1186.3,1014.8,965,748,none
2026-08-07T10:52:00.091556,1218,2,person,0.9396,1466.2,313.5,1918.7,1070.6,1692,692,none
2026-08-07T10:52:00.092893,1218,6,person,0.9049,745.2,481.4,1186.6,1015.0,965,748,none
2026-08-07T10:52:00.193536,1219,2,person,0.9414,1465.8,312.7,1918.9,1070.7,1692,691,none
2026-08-07T10:52:00.194737,1219,6,person,0.9061,745.2,481.5,1186.9,1015.1,966,748,none
2026-08-07T10:52:00.288195,1220,2,person,0.9403,1465.6,311.4,1919.3,1070.6,1692,690,none
2026-08-07T10:52:00.289489,1220,6,person,0.9053,745.0,481.5,1186.8,1015.1,965,748,none
2026-08-07T10:52:00.356195,1221,2,person,0.9401,1465.4,310.6,1919.5,1070.7,1692,690,none
2026-08-07T10:52:00.357480,1221,6,person,0.9049,744.3,481.6,1186.4,1015.5,965,748,none
2026-08-07T10:52:00.421934,1222,2,person,0.9411,1465.5,310.6,1919.5,1070.6,1692,690,none
2026-08-07T10:52:00.423228,1222,6,person,0.9066,743.7,481.6,1186.0,1015.8,964,748,none
2026-08-07T10:52:00.487728,1223,2,person,0.9402,1465.7,310.7,1919.5,1070.6,1692,690,none
2026-08-07T10:52:00.488928,1223,6,person,0.9063,743.5,481.6,1186.1,1016.4,964,748,none
2026-08-07T10:52:00.555748,1224,2,person,0.9413,1464.9,310.6,1919.6,1072.1,1692,691,none
2026-08-07T10:52:00.557013,1224,6,person,0.9062,743.5,481.8,1186.3,1016.8,964,749,none
2026-08-07T10:52:00.621368,1225,2,person,0.9411,1464.6,310.5,1919.6,1072.7,1692,691,none
2026-08-07T10:52:00.622717,1225,6,person,0.9066,743.3,481.7,1185.9,1016.7,964,749,none
2026-08-07T10:52:00.688657,1226,2,person,0.9399,1465.5,311.1,1919.2,1071.2,1692,691,none
2026-08-07T10:52:00.689914,1226,6,person,0.9065,742.9,481.6,1185.1,1016.4,963,749,none
2026-08-07T10:52:00.755696,1227,2,person,0.9406,1465.8,311.4,1919.0,1070.6,1692,690,none
2026-08-07T10:52:00.756845,1227,6,person,0.9062,742.6,481.5,1184.4,1016.1,963,748,none
2026-08-07T10:52:00.821842,1228,2,person,0.9397,1465.7,311.6,1918.8,1070.4,1692,691,none
2026-08-07T10:52:00.823097,1228,6,person,0.9055,742.8,481.2,1184.6,1015.9,963,748,none
2026-08-07T10:52:00.886695,1229,2,person,0.9404,1465.0,311.3,1919.2,1072.0,1692,691,none
2026-08-07T10:52:00.887858,1229,6,person,0.9056,741.7,481.0,1183.5,1016.4,962,748,none
2026-08-07T10:52:00.955412,1230,2,person,0.9411,1464.8,311.3,1919.3,1072.6,1692,691,none
2026-08-07T10:52:00.956548,1230,6,person,0.9052,741.8,481.0,1183.3,1016.6,962,748,none
2026-08-07T10:52:01.019569,1231,2,person,0.9412,1464.8,311.3,1919.4,1072.8,1692,692,none
2026-08-07T10:52:01.020796,1231,6,person,0.9056,741.7,480.8,1182.8,1016.5,962,748,none
2026-08-07T10:52:01.088753,1232,2,person,0.9426,1464.8,310.8,1919.7,1073.0,1692,691,none
2026-08-07T10:52:01.089999,1232,6,person,0.905,741.6,480.7,1182.2,1016.2,961,748,none
2026-08-07T10:52:01.153397,1233,2,person,0.9426,1464.8,310.5,1919.7,1073.0,1692,691,none
2026-08-07T10:52:01.154565,1233,6,person,0.9056,741.7,480.8,1181.7,1016.0,961,748,none
2026-08-07T10:52:01.221534,1234,2,person,0.942,1464.6,310.2,1919.6,1073.0,1692,691,none
2026-08-07T10:52:01.222631,1234,6,person,0.9058,742.1,480.8,1181.7,1015.9,961,748,none
2026-08-07T10:52:01.325222,1235,2,person,0.9415,1464.5,309.8,1919.7,1073.2,1692,691,none
2026-08-07T10:52:01.326503,1235,6,person,0.9065,742.3,480.8,1181.8,1016.0,962,748,none
2026-08-07T10:52:01.421525,1236,2,person,0.9405,1464.5,309.8,1919.6,1073.1,1692,691,none
2026-08-07T10:52:01.422750,1236,6,person,0.9064,742.4,480.7,1181.6,1016.0,962,748,none
2026-08-07T10:52:01.491034,1237,2,person,0.9412,1464.6,310.0,1919.5,1073.1,1692,691,none
2026-08-07T10:52:01.492296,1237,6,person,0.9062,742.7,480.7,1181.8,1016.0,962,748,none
2026-08-07T10:52:01.593036,1238,2,person,0.9405,1464.7,310.1,1919.5,1073.0,1692,691,none
2026-08-07T10:52:01.594343,1238,6,person,0.9059,743.8,481.2,1182.5,1015.6,963,748,none
2026-08-07T10:52:01.687609,1239,2,person,0.9409,1464.8,310.2,1919.4,1072.8,1692,691,none
2026-08-07T10:52:01.688814,1239,6,person,0.9075,744.3,481.2,1183.1,1015.4,963,748,none
2026-08-07T10:52:01.786998,1240,2,person,0.9397,1465.0,310.3,1919.4,1072.8,1692,691,none
2026-08-07T10:52:01.788118,1240,6,person,0.9064,744.8,481.3,1183.6,1015.1,964,748,none
2026-08-07T10:52:01.854981,1241,2,person,0.9399,1465.1,310.5,1919.3,1072.6,1692,691,none
2026-08-07T10:52:01.856235,1241,6,person,0.9047,744.6,480.8,1184.0,1015.1,964,747,none
2026-08-07T10:52:01.922432,1242,2,person,0.9398,1465.7,311.0,1918.9,1071.1,1692,691,none
2026-08-07T10:52:01.923652,1242,6,person,0.9042,744.6,480.6,1184.6,1015.2,964,747,none
2026-08-07T10:52:02.018106,1243,2,person,0.9399,1466.0,311.0,1918.8,1070.5,1692,690,none
2026-08-07T10:52:02.019333,1243,6,person,0.9035,742.9,480.5,1183.3,1015.8,963,748,none
2026-08-07T10:52:02.091624,1244,2,person,0.9411,1465.4,310.7,1919.1,1071.8,1692,691,none
2026-08-07T10:52:02.092884,1244,6,person,0.9047,742.2,480.4,1182.7,1016.2,962,748,none
2026-08-07T10:52:02.194217,1245,2,person,0.9409,1465.7,310.9,1918.8,1071.0,1692,690,none
2026-08-07T10:52:02.195375,1245,6,person,0.9058,742.1,480.4,1182.6,1016.5,962,748,none
2026-08-07T10:52:02.288665,1246,2,person,0.9417,1465.7,310.4,1918.9,1070.6,1692,690,none
2026-08-07T10:52:02.289975,1246,6,person,0.9063,742.5,480.6,1182.6,1016.6,962,748,none
2026-08-07T10:52:02.356605,1247,2,person,0.9415,1465.3,309.9,1919.1,1071.0,1692,690,none
2026-08-07T10:52:02.357896,1247,6,person,0.9059,743.1,480.7,1182.5,1016.3,962,748,none
2026-08-07T10:52:02.421774,1248,2,person,0.9433,1464.1,309.2,1918.8,1071.7,1691,690,none
2026-08-07T10:52:02.423005,1248,6,person,0.9057,743.7,480.9,1182.7,1016.2,963,748,none
2026-08-07T10:52:02.525183,1249,2,person,0.9436,1463.0,308.0,1918.9,1072.4,1690,690,none
2026-08-07T10:52:02.526466,1249,6,person,0.9054,745.8,481.3,1184.2,1015.4,965,748,none
2026-08-07T10:52:02.622362,1250,2,person,0.9458,1462.5,306.6,1919.0,1072.1,1690,689,none
2026-08-07T10:52:02.623642,1250,6,person,0.9047,746.4,481.4,1184.9,1015.0,965,748,none
2026-08-07T10:52:02.694498,1251,2,person,0.9469,1462.1,305.8,1919.0,1071.7,1690,688,none
2026-08-07T10:52:02.695725,1251,6,person,0.9051,746.7,481.1,1185.8,1014.9,966,747,none
2026-08-07T10:52:02.795060,1252,2,person,0.9451,1461.5,304.0,1919.3,1071.7,1690,687,none
2026-08-07T10:52:02.796355,1252,6,person,0.9038,746.6,480.7,1186.5,1015.2,966,747,none
2026-08-07T10:52:02.890338,1253,2,person,0.9464,1460.9,302.3,1919.5,1071.6,1690,686,none
2026-08-07T10:52:02.891614,1253,6,person,0.9039,746.3,480.6,1186.7,1015.4,966,748,none
2026-08-07T10:52:02.986952,1254,2,person,0.9462,1460.9,301.7,1920.0,1072.2,1690,686,none
2026-08-07T10:52:02.988231,1254,6,person,0.904,744.4,480.4,1185.1,1015.8,964,748,none
2026-08-07T10:52:03.059757,1255,2,person,0.9445,1461.1,301.1,1920.0,1072.1,1690,686,none
2026-08-07T10:52:03.061104,1255,6,person,0.9032,745.1,480.4,1186.0,1015.6,965,748,none
2026-08-07T10:52:03.159933,1256,2,person,0.9325,1461.2,301.3,1919.9,1071.7,1690,686,none
2026-08-07T10:52:03.161168,1256,6,person,0.9025,745.1,480.2,1186.2,1015.4,965,747,none
2026-08-07T10:52:03.291742,1257,2,person,0.9365,1462.4,302.1,1919.7,1070.4,1691,686,none
2026-08-07T10:52:03.293229,1257,6,person,0.9018,745.0,480.1,1186.4,1015.6,965,747,none
2026-08-07T10:52:03.395374,1258,2,person,0.9406,1463.6,304.4,1919.6,1070.4,1691,687,none
2026-08-07T10:52:03.397060,1258,6,person,0.9026,744.9,480.2,1186.3,1015.5,965,747,none
2026-08-07T10:52:03.485647,1259,2,person,0.9458,1463.6,305.1,1919.4,1071.0,1691,688,none
2026-08-07T10:52:03.487055,1259,6,person,0.904,745.0,480.5,1186.5,1015.6,965,748,none
2026-08-07T10:52:03.557887,1260,2,person,0.9453,1463.5,305.6,1919.1,1071.1,1691,688,none
2026-08-07T10:52:03.559117,1260,6,person,0.904,745.1,480.4,1186.8,1015.5,965,747,none
2026-08-07T10:52:03.659558,1261,2,person,0.9458,1463.7,306.5,1918.7,1070.8,1691,688,none
2026-08-07T10:52:03.660860,1261,6,person,0.9045,745.0,479.9,1187.2,1015.5,966,747,none
2026-08-07T10:52:03.757516,1262,2,person,0.9442,1463.6,306.3,1918.8,1070.6,1691,688,none
2026-08-07T10:52:03.758827,1262,6,person,0.9042,744.9,479.5,1187.6,1015.6,966,747,none
2026-08-07T10:52:03.824248,1263,2,person,0.9408,1463.6,306.4,1918.7,1070.5,1691,688,none
2026-08-07T10:52:03.825514,1263,6,person,0.9048,744.9,479.3,1187.9,1015.6,966,747,none
2026-08-07T10:52:03.889265,1264,2,person,0.9416,1463.4,306.2,1918.6,1070.4,1691,688,none
2026-08-07T10:52:03.890479,1264,6,person,0.9037,744.6,479.0,1187.9,1015.6,966,747,none
2026-08-07T10:52:03.954790,1265,2,person,0.942,1463.5,306.6,1918.6,1070.2,1691,688,none
2026-08-07T10:52:03.955975,1265,6,person,0.9032,744.4,478.8,1187.8,1015.4,966,747,none
2026-08-07T10:52:04.022640,1266,2,person,0.9424,1463.5,307.0,1918.5,1070.4,1691,688,none
2026-08-07T10:52:04.023967,1266,6,person,0.9018,744.2,478.9,1187.6,1015.5,965,747,none
2026-08-07T10:52:04.089175,1267,2,person,0.9429,1463.8,307.7,1918.5,1070.3,1691,688,none
2026-08-07T10:52:04.090352,1267,6,person,0.9034,744.2,479.2,1187.6,1015.5,965,747,none
2026-08-07T10:52:04.156456,1268,2,person,0.9422,1464.0,307.9,1918.6,1070.2,1691,689,none
2026-08-07T10:52:04.157644,1268,6,person,0.9035,744.4,479.3,1187.8,1015.5,966,747,none
2026-08-07T10:52:04.258727,1269,2,person,0.9407,1464.2,308.5,1918.6,1070.2,1691,689,none
2026-08-07T10:52:04.260208,1269,6,person,0.903,744.6,479.2,1188.1,1015.5,966,747,none
2026-08-07T10:52:04.354858,1270,2,person,0.94,1464.1,308.7,1918.6,1070.3,1691,689,none
2026-08-07T10:52:04.356117,1270,6,person,0.9024,744.7,479.0,1188.4,1015.3,966,747,none
2026-08-07T10:52:04.424853,1271,2,person,0.9394,1464.0,308.9,1918.5,1070.4,1691,689,none
2026-08-07T10:52:04.426130,1271,6,person,0.9015,744.3,478.8,1188.0,1015.1,966,746,none
2026-08-07T10:52:04.488831,1272,2,person,0.9394,1464.1,309.0,1918.7,1070.3,1691,689,none
2026-08-07T10:52:04.490108,1272,6,person,0.902,744.0,478.6,1187.8,1015.0,965,746,none
2026-08-07T10:52:04.554525,1273,2,person,0.9388,1464.4,309.1,1918.8,1070.2,1691,689,none
2026-08-07T10:52:04.555723,1273,6,person,0.901,744.0,478.6,1188.1,1015.0,966,746,none
2026-08-07T10:52:04.621911,1274,2,person,0.9383,1464.5,309.3,1918.9,1070.1,1691,689,none
2026-08-07T10:52:04.623171,1274,6,person,0.9027,743.8,478.6,1187.9,1015.0,965,746,none
2026-08-07T10:52:04.687449,1275,2,person,0.9394,1464.4,309.1,1918.9,1070.2,1691,689,none
2026-08-07T10:52:04.688729,1275,6,person,0.9013,743.6,478.6,1187.7,1015.1,965,746,none
2026-08-07T10:52:04.756027,1276,2,person,0.9404,1464.4,308.9,1919.0,1070.1,1691,689,none
2026-08-07T10:52:04.757288,1276,6,person,0.9016,743.3,478.8,1187.4,1015.2,965,746,none
2026-08-07T10:52:04.824479,1277,2,person,0.9389,1464.2,308.9,1919.0,1070.3,1691,689,none
2026-08-07T10:52:04.825817,1277,6,person,0.9023,743.5,479.0,1187.3,1015.1,965,747,none
2026-08-07T10:52:04.927654,1278,2,person,0.9388,1463.9,308.8,1918.9,1070.3,1691,689,none
2026-08-07T10:52:04.928837,1278,6,person,0.9022,743.5,479.1,1187.4,1015.2,965,747,none
2026-08-07T10:52:05.024194,1279,2,person,0.9393,1463.7,308.7,1918.7,1070.2,1691,689,none
2026-08-07T10:52:05.025397,1279,6,person,0.9016,743.4,479.0,1187.3,1015.3,965,747,none
2026-08-07T10:52:05.093828,1280,2,person,0.939,1463.6,308.8,1918.7,1070.2,1691,689,none
2026-08-07T10:52:05.095066,1280,6,person,0.9003,743.4,479.0,1187.3,1015.3,965,747,none
2026-08-07T10:52:05.212210,1281,2,person,0.9378,1463.7,309.0,1918.7,1070.1,1691,689,none
2026-08-07T10:52:05.213579,1281,6,person,0.9022,743.3,478.9,1187.1,1015.2,965,747,none
2026-08-07T10:52:05.287987,1282,2,person,0.9385,1463.7,309.0,1918.8,1070.1,1691,689,none
2026-08-07T10:52:05.289273,1282,6,person,0.903,743.1,478.9,1186.8,1015.3,964,747,none
2026-08-07T10:52:05.356474,1283,2,person,0.9391,1463.5,308.8,1918.8,1070.2,1691,689,none
2026-08-07T10:52:05.357801,1283,6,person,0.9038,743.3,478.8,1187.1,1015.5,965,747,none
2026-08-07T10:52:05.422496,1284,2,person,0.9391,1463.3,308.8,1918.7,1070.2,1691,689,none
2026-08-07T10:52:05.423779,1284,6,person,0.9032,743.2,478.6,1186.9,1015.3,965,746,none
2026-08-07T10:52:05.489486,1285,2,person,0.9385,1463.3,308.6,1918.9,1070.2,1691,689,none
2026-08-07T10:52:05.490666,1285,6,person,0.902,743.5,478.7,1186.9,1015.1,965,746,none
2026-08-07T10:52:05.591581,1286,2,person,0.938,1463.1,308.7,1918.8,1070.4,1690,689,none
2026-08-07T10:52:05.592764,1286,6,person,0.9018,743.7,479.0,1186.8,1015.2,965,747,none
2026-08-07T10:52:05.657106,1287,2,person,0.9385,1463.1,308.7,1918.9,1070.3,1690,689,none
2026-08-07T10:52:05.658249,1287,6,person,0.9015,743.6,478.9,1186.9,1015.4,965,747,none
2026-08-07T10:52:05.722134,1288,2,person,0.9377,1463.2,308.7,1918.9,1070.1,1691,689,none
2026-08-07T10:52:05.723420,1288,6,person,0.9015,743.5,478.7,1186.8,1015.4,965,747,none
2026-08-07T10:52:05.826687,1289,2,person,0.9386,1463.1,309.2,1918.7,1070.3,1690,689,none
2026-08-07T10:52:05.828288,1289,6,person,0.9014,743.4,478.5,1186.6,1015.3,964,746,none
2026-08-07T10:52:05.956664,1290,2,person,0.9404,1462.7,309.3,1918.8,1071.1,1690,690,none
2026-08-07T10:52:05.962361,1290,6,person,0.9027,743.5,478.3,1186.7,1015.4,965,746,none
2026-08-07T10:52:06.059640,1291,2,person,0.9393,1462.8,309.2,1919.0,1071.0,1690,690,none
2026-08-07T10:52:06.060895,1291,6,person,0.9036,743.8,478.2,1186.9,1015.4,965,746,none
2026-08-07T10:52:06.154359,1292,2,person,0.9401,1462.9,309.3,1919.0,1070.8,1690,690,none
2026-08-07T10:52:06.155621,1292,6,person,0.9056,744.0,478.0,1187.0,1015.4,965,746,none
2026-08-07T10:52:06.225507,1293,2,person,0.9401,1463.2,309.3,1919.0,1070.5,1691,689,none
2026-08-07T10:52:06.226735,1293,6,person,0.9035,744.1,477.8,1186.8,1015.1,965,746,none
2026-08-07T10:52:06.325070,1294,2,person,0.9396,1463.3,309.4,1919.0,1070.4,1691,689,none
2026-08-07T10:52:06.326411,1294,6,person,0.9036,743.9,478.0,1185.8,1014.7,964,746,none
2026-08-07T10:52:06.422882,1295,2,person,0.9392,1463.0,309.4,1918.9,1070.5,1690,689,none
2026-08-07T10:52:06.424199,1295,6,person,0.9038,744.3,478.1,1185.9,1014.7,965,746,none
2026-08-07T10:52:06.491646,1296,2,person,0.9395,1463.1,309.3,1919.0,1070.4,1691,689,none
2026-08-07T10:52:06.492908,1296,6,person,0.9033,744.6,478.4,1186.0,1014.7,965,746,none
2026-08-07T10:52:06.593684,1297,2,person,0.9385,1463.2,309.7,1919.0,1070.4,1691,690,none
2026-08-07T10:52:06.594908,1297,6,person,0.9022,744.6,478.6,1186.0,1014.8,965,746,none
2026-08-07T10:52:06.690319,1298,2,person,0.9387,1463.1,309.6,1919.0,1070.4,1691,690,none
2026-08-07T10:52:06.691499,1298,6,person,0.9032,744.6,479.0,1185.6,1014.8,965,746,none
2026-08-07T10:52:06.786035,1299,2,person,0.9382,1463.1,309.5,1919.0,1070.4,1691,689,none
2026-08-07T10:52:06.787314,1299,6,person,0.9033,744.4,479.0,1185.3,1014.6,964,746,none
2026-08-07T10:52:06.890459,1300,2,person,0.9381,1463.1,309.5,1919.0,1070.4,1691,689,none
2026-08-07T10:52:06.891747,1300,6,person,0.9031,744.2,479.2,1184.8,1014.4,964,746,none
2026-08-07T10:52:06.958610,1301,2,person,0.9377,1463.0,309.2,1919.0,1070.3,1691,689,none
2026-08-07T10:52:06.959817,1301,6,person,0.903,743.9,479.2,1184.5,1014.4,964,746,none
2026-08-07T10:52:07.060253,1302,2,person,0.9381,1462.9,309.1,1919.1,1070.3,1691,689,none
2026-08-07T10:52:07.061518,1302,6,person,0.902,744.3,479.3,1184.7,1014.1,964,746,none
2026-08-07T10:52:07.157498,1303,2,person,0.9383,1463.1,309.5,1919.1,1070.2,1691,689,none
2026-08-07T10:52:07.158695,1303,6,person,0.9027,744.1,479.3,1184.6,1014.3,964,746,none
2026-08-07T10:52:07.224211,1304,2,person,0.9382,1463.2,309.5,1919.1,1070.2,1691,689,none
2026-08-07T10:52:07.225534,1304,6,person,0.9017,742.6,479.3,1183.4,1015.1,963,747,none
2026-08-07T10:52:07.327214,1305,2,person,0.9388,1463.1,309.6,1919.0,1070.2,1691,689,none
2026-08-07T10:52:07.328470,1305,6,person,0.9014,742.1,479.3,1182.7,1015.4,962,747,none
2026-08-07T10:52:07.423693,1306,2,person,0.9386,1462.9,309.4,1919.1,1070.5,1690,689,none
2026-08-07T10:52:07.424938,1306,6,person,0.901,742.1,479.2,1182.5,1015.7,962,747,none
2026-08-07T10:52:07.494634,1307,2,person,0.9385,1462.9,309.6,1919.0,1070.5,1690,690,none
2026-08-07T10:52:07.495842,1307,6,person,0.9006,743.9,479.2,1183.9,1014.8,963,746,none
2026-08-07T10:52:07.594458,1308,2,person,0.9373,1463.0,309.5,1919.3,1070.7,1691,690,none
2026-08-07T10:52:07.595619,1308,6,person,0.9023,744.3,479.1,1184.5,1014.7,964,746,none
2026-08-07T10:52:07.692619,1309,2,person,0.9379,1462.8,309.2,1919.3,1070.8,1691,690,none
2026-08-07T10:52:07.693898,1309,6,person,0.9012,744.2,479.1,1184.5,1014.6,964,746,none
2026-08-07T10:52:07.785586,1310,2,person,0.9392,1462.9,309.5,1919.2,1070.7,1691,690,none
2026-08-07T10:52:07.786746,1310,6,person,0.9017,744.4,479.3,1184.9,1014.8,964,747,none
2026-08-07T10:52:07.858057,1311,2,person,0.9388,1463.1,309.7,1919.2,1070.7,1691,690,none
2026-08-07T10:52:07.859270,1311,6,person,0.9011,743.0,479.4,1183.4,1015.3,963,747,none
2026-08-07T10:52:07.960393,1312,2,person,0.9381,1463.3,309.9,1919.2,1070.5,1691,690,none
2026-08-07T10:52:07.961601,1312,6,person,0.9008,742.5,479.2,1182.9,1015.5,962,747,none
2026-08-07T10:52:08.057978,1313,2,person,0.9388,1463.2,309.7,1919.2,1070.4,1691,690,none
2026-08-07T10:52:08.059123,1313,6,person,0.901,742.3,479.2,1182.5,1015.9,962,747,none
2026-08-07T10:52:08.153242,1314,2,person,0.9384,1463.0,309.6,1919.1,1070.4,1691,690,none
2026-08-07T10:52:08.154414,1314,6,person,0.9005,743.7,479.1,1183.7,1015.3,963,747,none
2026-08-07T10:52:08.223902,1315,2,person,0.9389,1462.7,309.3,1918.9,1070.3,1690,689,none
2026-08-07T10:52:08.225224,1315,6,person,0.9021,744.2,479.0,1184.4,1015.2,964,747,none
2026-08-07T10:52:08.328081,1316,2,person,0.9381,1462.3,308.6,1919.0,1070.4,1690,689,none
2026-08-07T10:52:08.329327,1316,6,person,0.9022,744.6,479.0,1185.0,1015.1,964,747,none
2026-08-07T10:52:08.423579,1317,2,person,0.938,1462.1,308.4,1919.2,1070.7,1690,689,none
2026-08-07T10:52:08.424895,1317,6,person,0.902,744.2,479.0,1184.8,1015.2,964,747,none
2026-08-07T10:52:08.520387,1318,2,person,0.9384,1462.2,308.5,1919.2,1070.7,1690,689,none
2026-08-07T10:52:08.521772,1318,6,person,0.9023,744.2,479.0,1184.8,1015.0,964,747,none
2026-08-07T10:52:08.620490,1319,2,person,0.9383,1462.4,308.7,1919.2,1070.5,1690,689,none
2026-08-07T10:52:08.621832,1319,6,person,0.9006,744.1,479.1,1184.7,1015.0,964,747,none
2026-08-07T10:52:08.690489,1320,2,person,0.937,1462.5,308.9,1919.2,1070.5,1690,689,none
2026-08-07T10:52:08.691736,1320,6,person,0.9008,742.5,478.8,1183.4,1015.6,962,747,none
2026-08-07T10:52:08.756896,1321,2,person,0.9371,1462.6,308.8,1919.3,1070.4,1690,689,none
2026-08-07T10:52:08.758215,1321,6,person,0.901,742.0,478.6,1182.9,1015.9,962,747,none
2026-08-07T10:52:08.856522,1322,2,person,0.938,1462.6,309.1,1919.1,1070.4,1690,689,none
2026-08-07T10:52:08.857757,1322,6,person,0.9006,741.8,478.4,1182.6,1016.0,962,747,none
2026-08-07T10:52:08.925819,1323,2,person,0.9384,1462.6,309.3,1919.1,1070.5,1690,689,none
2026-08-07T10:52:08.927017,1323,6,person,0.9015,743.3,478.5,1183.8,1015.5,963,746,none
2026-08-07T10:52:09.023993,1324,2,person,0.9396,1462.8,309.6,1919.1,1070.6,1690,690,none
2026-08-07T10:52:09.025186,1324,6,person,0.9028,743.7,478.1,1184.6,1015.7,964,746,none
2026-08-07T10:52:09.089352,1325,2,person,0.9395,1462.9,309.7,1919.2,1070.7,1691,690,none
2026-08-07T10:52:09.090618,1325,6,person,0.9024,743.9,478.1,1184.9,1015.8,964,746,none
2026-08-07T10:52:09.155644,1326,2,person,0.939,1462.8,309.3,1919.3,1070.6,1691,689,none
2026-08-07T10:52:09.156859,1326,6,person,0.9027,744.2,478.2,1185.4,1015.9,964,747,none
2026-08-07T10:52:09.220011,1327,2,person,0.9382,1463.0,309.7,1919.2,1070.5,1691,690,none
2026-08-07T10:52:09.221143,1327,6,person,0.9033,744.5,478.2,1185.8,1016.1,965,747,none
2026-08-07T10:52:09.286702,1328,2,person,0.939,1463.0,310.1,1919.1,1070.7,1691,690,none
2026-08-07T10:52:09.287828,1328,6,person,0.9035,744.5,478.1,1186.2,1016.3,965,747,none
2026-08-07T10:52:09.353249,1329,2,person,0.9387,1463.0,310.3,1919.0,1070.7,1691,690,none
2026-08-07T10:52:09.354491,1329,6,person,0.9043,744.6,477.9,1186.5,1016.5,965,747,none
2026-08-07T10:52:09.422711,1330,2,person,0.9378,1462.9,309.9,1919.2,1070.7,1691,690,none
2026-08-07T10:52:09.423993,1330,6,person,0.9026,744.5,477.8,1186.6,1016.5,965,747,none
2026-08-07T10:52:09.489030,1331,2,person,0.938,1462.9,309.8,1919.2,1070.6,1691,690,none
2026-08-07T10:52:09.490243,1331,6,person,0.903,743.1,477.7,1185.1,1016.9,964,747,none
2026-08-07T10:52:09.556157,1332,2,person,0.9386,1463.1,310.2,1919.1,1070.4,1691,690,none
2026-08-07T10:52:09.557321,1332,6,person,0.9039,744.0,477.6,1185.9,1016.8,964,747,none
2026-08-07T10:52:09.620585,1333,2,person,0.9377,1463.2,310.2,1919.1,1070.2,1691,690,none
2026-08-07T10:52:09.621892,1333,6,person,0.9052,744.5,477.5,1186.5,1016.9,965,747,none
2026-08-07T10:52:09.690277,1334,2,person,0.9375,1463.2,310.1,1919.2,1070.4,1691,690,none
2026-08-07T10:52:09.691495,1334,6,person,0.9049,744.9,477.6,1186.8,1016.8,965,747,none
2026-08-07T10:52:09.754501,1335,2,person,0.9366,1463.3,309.9,1919.4,1070.4,1691,690,none
2026-08-07T10:52:09.755630,1335,6,person,0.9043,745.1,477.5,1187.1,1016.7,966,747,none
2026-08-07T10:52:09.822945,1336,2,person,0.9369,1463.3,309.9,1919.4,1070.5,1691,690,none
2026-08-07T10:52:09.824211,1336,6,person,0.9045,745.1,477.5,1186.8,1016.4,965,746,none
2026-08-07T10:52:09.924927,1337,2,person,0.9377,1463.2,309.5,1919.6,1070.6,1691,690,none
2026-08-07T10:52:09.926198,1337,6,person,0.9046,744.9,477.4,1186.7,1016.4,965,746,none
2026-08-07T10:52:10.022825,1338,2,person,0.9374,1463.2,309.3,1919.5,1070.4,1691,689,none
2026-08-07T10:52:10.024060,1338,6,person,0.9057,744.7,478.1,1186.1,1016.4,965,747,none
2026-08-07T10:52:10.091169,1339,2,person,0.9371,1463.2,309.4,1919.4,1070.3,1691,689,none
2026-08-07T10:52:10.092362,1339,6,person,0.9058,745.1,479.4,1185.7,1016.4,965,747,none
2026-08-07T10:52:10.156459,1340,2,person,0.9365,1463.4,309.5,1919.3,1070.1,1691,689,none
2026-08-07T10:52:10.157676,1340,6,person,0.9057,745.1,479.9,1185.8,1016.6,965,748,none
2026-08-07T10:52:10.220723,1341,2,person,0.9368,1463.4,309.7,1919.3,1070.3,1691,690,none
2026-08-07T10:52:10.221954,1341,6,person,0.9059,745.0,480.3,1185.6,1016.5,965,748,none
2026-08-07T10:52:10.287437,1342,2,person,0.9367,1463.4,309.9,1919.3,1070.4,1691,690,none
2026-08-07T10:52:10.289004,1342,6,person,0.9067,744.6,480.6,1185.3,1016.5,964,748,none
2026-08-07T10:52:10.352329,1343,2,person,0.9379,1463.4,310.2,1919.1,1070.4,1691,690,none
2026-08-07T10:52:10.353581,1343,6,person,0.9069,744.4,481.0,1185.1,1016.6,964,748,none
2026-08-07T10:52:10.471319,1344,2,person,0.9372,1463.4,310.3,1919.1,1070.4,1691,690,none
2026-08-07T10:52:10.472894,1344,6,person,0.9075,744.2,481.1,1185.2,1016.7,964,748,none
2026-08-07T10:52:10.557172,1345,2,person,0.9269,1463.7,310.6,1919.3,1070.8,1691,690,none
2026-08-07T10:52:10.558403,1345,6,person,0.9089,743.9,480.8,1185.3,1016.7,964,748,none
2026-08-07T10:52:10.655528,1346,2,person,0.9382,1463.5,310.4,1919.1,1070.7,1691,690,none
2026-08-07T10:52:10.656764,1346,6,person,0.9076,743.7,480.6,1185.5,1016.6,964,748,none
2026-08-07T10:52:10.727023,1347,2,person,0.9394,1463.3,310.6,1919.0,1070.8,1691,690,none
2026-08-07T10:52:10.728299,1347,6,person,0.9077,743.5,480.5,1185.6,1016.7,964,748,none
2026-08-07T10:52:10.827467,1348,2,person,0.9384,1463.3,310.6,1918.9,1070.4,1691,690,none
2026-08-07T10:52:10.828730,1348,6,person,0.9068,743.6,480.4,1185.9,1016.6,964,748,none
2026-08-07T10:52:10.922617,1349,2,person,0.9389,1463.3,310.6,1918.9,1070.4,1691,690,none
2026-08-07T10:52:10.923901,1349,6,person,0.9069,743.3,480.4,1185.8,1016.7,964,748,none
2026-08-07T10:52:10.992112,1350,2,person,0.9393,1463.1,310.5,1918.9,1070.6,1691,690,none
2026-08-07T10:52:10.993317,1350,6,person,0.9075,743.3,480.3,1186.0,1016.8,964,748,none
2026-08-07T10:52:11.093806,1351,2,person,0.9392,1463.0,310.4,1918.9,1070.6,1690,690,none
2026-08-07T10:52:11.095012,1351,6,person,0.9076,743.3,480.3,1185.9,1016.7,964,748,none
2026-08-07T10:52:11.187240,1352,2,person,0.9398,1462.9,310.1,1919.0,1070.6,1690,690,none
2026-08-07T10:52:11.188455,1352,6,person,0.9079,743.3,480.4,1186.1,1016.8,964,748,none
2026-08-07T10:52:11.264873,1353,2,person,0.9404,1462.8,309.8,1919.1,1070.5,1690,690,none
2026-08-07T10:52:11.266055,1353,6,person,0.9063,743.2,480.4,1185.9,1016.6,964,748,none
2026-08-07T10:52:11.360012,1354,2,person,0.9399,1462.6,309.6,1919.2,1070.7,1690,690,none
2026-08-07T10:52:11.361264,1354,6,person,0.9057,743.4,480.3,1186.3,1016.8,964,748,none
2026-08-07T10:52:11.457361,1355,2,person,0.9395,1462.5,309.5,1919.2,1070.9,1690,690,none
2026-08-07T10:52:11.458798,1355,6,person,0.9058,743.2,480.1,1186.3,1016.8,964,748,none
2026-08-07T10:52:11.523946,1356,2,person,0.9388,1462.6,309.7,1919.1,1070.7,1690,690,none
2026-08-07T10:52:11.525054,1356,6,person,0.9067,743.0,480.1,1186.1,1016.7,964,748,none
2026-08-07T10:52:11.589923,1357,2,person,0.9387,1462.6,310.0,1919.0,1070.7,1690,690,none
2026-08-07T10:52:11.591012,1357,6,person,0.9048,742.9,480.1,1185.9,1016.6,964,748,none
2026-08-07T10:52:11.685711,1358,2,person,0.9373,1462.7,310.5,1918.9,1070.7,1690,690,none
2026-08-07T10:52:11.686914,1358,6,person,0.9042,742.8,480.1,1185.8,1016.5,964,748,none
2026-08-07T10:52:11.760226,1359,2,person,0.9376,1462.9,311.1,1918.8,1070.7,1690,690,none
2026-08-07T10:52:11.761372,1359,6,person,0.9048,742.7,480.0,1185.7,1016.6,964,748,none
2026-08-07T10:52:11.860163,1360,2,person,0.9369,1463.2,311.0,1919.0,1070.4,1691,690,none
2026-08-07T10:52:11.861294,1360,6,person,0.9059,742.7,480.0,1185.8,1016.6,964,748,none
2026-08-07T10:52:11.958369,1361,2,person,0.9383,1463.3,311.2,1919.1,1070.5,1691,690,none
2026-08-07T10:52:11.959636,1361,6,person,0.9055,742.6,479.9,1185.9,1016.9,964,748,none
2026-08-07T10:52:12.054823,1362,2,person,0.9383,1463.2,311.1,1919.2,1070.8,1691,690,none
2026-08-07T10:52:12.056129,1362,6,person,0.9055,742.7,479.8,1186.3,1017.2,964,748,none
2026-08-07T10:52:12.125187,1363,2,person,0.9389,1463.1,310.8,1919.3,1070.9,1691,690,none
2026-08-07T10:52:12.126358,1363,6,person,0.9062,742.7,480.0,1186.1,1017.3,964,748,none
2026-08-07T10:52:12.191067,1364,2,person,0.9376,1463.1,310.9,1919.2,1070.8,1691,690,none
2026-08-07T10:52:12.192134,1364,6,person,0.9066,742.8,480.2,1186.0,1017.2,964,748,none
2026-08-07T10:52:12.288987,1365,2,person,0.939,1463.0,310.8,1919.3,1071.0,1691,690,none
2026-08-07T10:52:12.290276,1365,6,person,0.9083,742.9,480.2,1185.9,1017.2,964,748,none
2026-08-07T10:52:12.359047,1366,2,person,0.9389,1462.9,310.8,1919.3,1071.2,1691,691,none
2026-08-07T10:52:12.360268,1366,6,person,0.9067,743.0,480.4,1185.8,1017.3,964,748,none
2026-08-07T10:52:12.461430,1367,2,person,0.9398,1462.7,310.7,1919.3,1071.4,1691,691,none
2026-08-07T10:52:12.462715,1367,6,person,0.9073,742.9,480.3,1185.5,1017.2,964,748,none
2026-08-07T10:52:12.559037,1368,2,person,0.9396,1462.6,310.5,1919.2,1071.4,1690,690,none
2026-08-07T10:52:12.560332,1368,6,person,0.9044,742.7,480.3,1184.8,1017.0,963,748,none
2026-08-07T10:52:12.660028,1369,2,person,0.9404,1462.2,310.5,1919.2,1071.9,1690,691,none
2026-08-07T10:52:12.661285,1369,6,person,0.902,742.6,480.3,1184.3,1016.8,963,748,none
2026-08-07T10:52:12.760660,1370,2,person,0.9437,1462.3,310.7,1919.0,1071.4,1690,691,none
2026-08-07T10:52:12.761854,1370,6,person,0.9034,742.7,480.3,1184.4,1016.8,963,748,none
2026-08-07T10:52:12.890252,1371,2,person,0.9439,1462.4,310.9,1919.3,1072.2,1690,691,none
2026-08-07T10:52:12.891467,1371,6,person,0.9027,743.0,480.4,1184.5,1017.0,963,748,none
2026-08-07T10:52:12.994142,1372,2,person,0.943,1462.5,310.8,1919.2,1071.9,1690,691,none
2026-08-07T10:52:12.995360,1372,6,person,0.9042,743.0,480.5,1184.1,1016.8,963,748,none
2026-08-07T10:52:13.087243,1373,2,person,0.9427,1462.3,310.5,1919.4,1072.1,1690,691,none
2026-08-07T10:52:13.088568,1373,6,person,0.9056,743.3,480.4,1184.1,1016.6,963,748,none
2026-08-07T10:52:13.158372,1374,2,person,0.9408,1462.5,310.7,1919.2,1071.7,1690,691,none
2026-08-07T10:52:13.159643,1374,6,person,0.9061,743.2,480.4,1184.0,1016.7,963,748,none
2026-08-07T10:52:13.261629,1375,2,person,0.9399,1462.2,310.0,1920.0,1073.5,1691,691,none
2026-08-07T10:52:13.262847,1375,6,person,0.9074,743.0,480.4,1183.7,1016.8,963,748,none
2026-08-07T10:52:13.358269,1376,2,person,0.9404,1462.7,310.2,1919.4,1071.5,1691,690,none
2026-08-07T10:52:13.359458,1376,6,person,0.907,742.9,480.2,1183.6,1016.6,963,748,none
2026-08-07T10:52:13.453848,1377,2,person,0.9423,1462.2,310.0,1920.0,1073.7,1691,691,none
2026-08-07T10:52:13.455060,1377,6,person,0.9072,742.9,480.0,1183.6,1016.4,963,748,none
2026-08-07T10:52:13.526039,1378,2,person,0.9432,1462.5,310.1,1919.2,1071.9,1690,691,none
2026-08-07T10:52:13.527356,1378,6,person,0.9071,742.7,479.8,1183.5,1016.4,963,748,none
2026-08-07T10:52:13.627916,1379,2,person,0.9441,1462.5,310.5,1919.1,1071.9,1690,691,none
2026-08-07T10:52:13.629178,1379,6,person,0.9054,742.8,479.6,1183.7,1016.5,963,748,none
2026-08-07T10:52:13.725833,1380,2,person,0.9435,1462.4,310.8,1919.3,1072.8,1690,691,none
2026-08-07T10:52:13.727057,1380,6,person,0.9065,742.6,479.4,1183.7,1016.5,963,747,none
2026-08-07T10:52:13.821604,1381,2,person,0.9417,1462.2,310.5,1919.2,1072.7,1690,691,none
2026-08-07T10:52:13.822787,1381,6,person,0.9054,742.6,479.2,1183.7,1016.5,963,747,none
2026-08-07T10:52:13.894005,1382,2,person,0.9413,1462.1,310.1,1919.4,1072.8,1690,691,none
2026-08-07T10:52:13.895330,1382,6,person,0.9037,742.4,479.2,1183.4,1016.3,962,747,none
2026-08-07T10:52:14.011396,1383,2,person,0.9425,1462.0,309.9,1919.3,1072.8,1690,691,none
2026-08-07T10:52:14.012682,1383,6,person,0.9044,741.8,478.8,1183.3,1016.5,962,747,none
2026-08-10T16:43:23.869357,1,1,person,0.897,1121.3,323.4,1833.6,1072.1,1477,697,none
2026-08-10T16:43:24.205645,2,1,person,0.8968,1121.4,323.9,1833.2,1072.2,1477,698,none
2026-08-10T16:43:24.263710,3,1,person,0.8946,1121.5,323.7,1833.6,1072.2,1477,697,none
2026-08-10T16:43:24.322259,4,1,person,0.8936,1121.7,323.6,1834.1,1072.2,1477,697,none
2026-08-10T16:43:24.377963,5,1,person,0.8922,1121.9,323.5,1834.5,1072.2,1478,697,none
2026-08-10T16:43:24.430764,6,1,person,0.8927,1121.8,323.5,1834.6,1072.3,1478,697,none
2026-08-10T16:43:24.483899,7,1,person,0.8935,1121.9,323.8,1834.5,1072.2,1478,698,none
2026-08-10T16:43:24.547587,8,1,person,0.895,1121.8,323.9,1834.7,1072.3,1478,698,none
2026-08-10T16:43:24.600109,9,1,person,0.8953,1121.8,323.9,1834.8,1072.3,1478,698,none
2026-08-10T16:43:24.652036,10,1,person,0.8938,1121.9,323.8,1835.2,1072.3,1478,698,none
2026-08-10T16:43:24.704059,11,1,person,0.8941,1121.9,323.6,1835.5,1072.2,1478,697,none
2026-08-10T16:43:24.756346,12,1,person,0.893,1121.5,323.5,1835.5,1072.2,1478,697,none
2026-08-10T16:43:24.807670,13,1,person,0.8855,1121.2,322.9,1835.9,1072.2,1478,697,none
2026-08-10T16:43:24.858241,14,1,person,0.885,1120.8,322.8,1835.8,1072.2,1478,697,none
2026-08-10T16:43:24.909741,15,1,person,0.8859,1120.7,322.6,1836.0,1072.1,1478,697,none
2026-08-10T16:43:24.961002,16,1,person,0.8821,1120.5,322.6,1835.9,1072.1,1478,697,none
2026-08-10T16:43:25.012632,17,1,person,0.8852,1120.5,322.8,1835.9,1072.1,1478,697,none
2026-08-10T16:43:25.062931,18,1,person,0.88,1120.1,322.7,1835.8,1072.1,1477,697,none
2026-08-10T16:43:25.113355,19,1,person,0.8749,1119.9,322.3,1836.3,1072.1,1478,697,none
2026-08-10T16:43:25.164998,20,1,person,0.8744,1119.6,322.1,1836.2,1072.1,1477,697,none
2026-08-10T16:43:25.216950,21,1,person,0.8709,1119.5,322.2,1836.2,1072.0,1477,697,none
2026-08-10T16:43:25.268295,22,1,person,0.8769,1119.2,322.1,1836.0,1072.1,1477,697,none
2026-08-10T16:43:25.319904,23,1,person,0.8782,1119.0,322.0,1836.0,1072.2,1477,697,none
2026-08-10T16:43:25.371851,24,1,person,0.8767,1119.1,321.9,1836.1,1072.2,1477,697,none
2026-08-10T16:43:25.423235,25,1,person,0.8834,1119.2,322.0,1836.2,1072.3,1477,697,none
2026-08-10T16:43:25.474004,26,1,person,0.88,1119.5,322.0,1836.4,1072.3,1477,697,none
2026-08-10T16:43:25.524384,27,1,person,0.8845,1119.7,322.2,1836.3,1072.3,1477,697,none
2026-08-10T16:43:25.575819,28,1,person,0.8897,1119.9,322.5,1836.2,1072.2,1478,697,none
2026-08-10T16:43:25.627098,29,1,person,0.881,1120.0,322.5,1836.2,1072.1,1478,697,none
2026-08-10T16:43:25.678076,30,1,person,0.8762,1119.7,322.5,1836.0,1072.0,1477,697,none
2026-08-10T16:43:25.728443,31,1,person,0.8773,1119.7,322.4,1836.2,1072.0,1477,697,none
2026-08-10T16:43:25.778407,32,1,person,0.8751,1119.5,322.4,1836.1,1072.0,1477,697,none
2026-08-10T16:43:25.828499,33,1,person,0.8805,1119.1,322.4,1835.6,1072.0,1477,697,none
2026-08-10T16:43:25.878478,34,1,person,0.8824,1118.8,322.6,1835.2,1072.1,1476,697,none
2026-08-10T16:43:25.928822,35,1,person,0.8813,1118.7,322.8,1834.9,1072.2,1476,697,none
2026-08-10T16:43:25.979408,36,1,person,0.8814,1118.8,322.7,1834.9,1072.3,1476,697,none
2026-08-10T16:43:26.030074,37,1,person,0.8789,1119.2,322.4,1835.3,1072.2,1477,697,none
2026-08-10T16:43:26.080124,38,1,person,0.8807,1119.5,322.2,1835.5,1072.2,1477,697,none
2026-08-10T16:43:26.130362,39,1,person,0.884,1119.5,322.3,1835.2,1072.1,1477,697,none
2026-08-10T16:43:26.195669,40,1,person,0.882,1119.4,322.5,1834.7,1072.0,1477,697,none
2026-08-10T16:43:26.246040,41,1,person,0.8812,1119.3,322.9,1834.2,1072.0,1476,697,none
2026-08-10T16:43:26.296317,42,1,person,0.8828,1119.2,322.8,1834.2,1071.9,1476,697,none
2026-08-10T16:43:26.346431,43,1,person,0.8751,1119.4,322.6,1834.4,1071.9,1476,697,none
2026-08-10T16:43:26.396492,44,1,person,0.8832,1119.4,322.6,1834.4,1071.8,1476,697,none
2026-08-10T16:43:26.446471,45,1,person,0.884,1119.6,322.7,1834.5,1071.9,1477,697,none
2026-08-10T16:43:26.497188,46,1,person,0.8832,1119.5,322.7,1834.5,1071.9,1477,697,none
2026-08-10T16:43:26.548684,47,1,person,0.8817,1119.6,322.5,1834.7,1072.0,1477,697,none
2026-08-10T16:43:26.599239,48,1,person,0.879,1119.7,322.5,1834.8,1072.0,1477,697,none
2026-08-10T16:43:26.649377,49,1,person,0.8803,1119.9,322.3,1835.0,1072.0,1477,697,none
2026-08-10T16:43:26.699581,50,1,person,0.8831,1119.9,322.3,1835.1,1072.1,1477,697,none
2026-08-10T16:43:26.753139,51,1,person,0.8847,1119.8,322.3,1835.0,1072.1,1477,697,none
2026-08-10T16:43:26.832236,52,1,person,0.884,1119.9,322.3,1835.0,1072.1,1477,697,none
2026-08-10T16:43:26.883798,53,1,person,0.8834,1119.9,322.2,1835.0,1072.2,1477,697,none
2026-08-10T16:43:26.935471,54,1,person,0.8889,1119.9,322.2,1834.8,1072.2,1477,697,none
2026-08-10T16:43:26.986528,55,1,person,0.8899,1119.9,322.1,1834.7,1072.2,1477,697,none
2026-08-10T16:43:27.037090,56,1,person,0.8901,1120.0,322.3,1834.4,1072.2,1477,697,none
2026-08-10T16:43:27.089075,57,1,person,0.8912,1120.1,322.3,1834.3,1072.2,1477,697,none
2026-08-10T16:43:27.140621,58,1,person,0.89,1120.2,322.5,1834.0,1072.0,1477,697,none
2026-08-10T16:43:27.192264,59,1,person,0.8885,1120.1,322.4,1834.0,1072.0,1477,697,none
2026-08-10T16:43:27.243263,60,1,person,0.894,1120.2,322.4,1834.0,1071.9,1477,697,none
2026-08-10T16:43:27.294468,61,1,person,0.8908,1120.5,321.9,1834.8,1072.2,1477,697,none
2026-08-10T16:43:27.345340,62,1,person,0.8923,1120.7,321.7,1835.1,1072.3,1477,697,none
2026-08-10T16:43:27.396452,63,1,person,0.8942,1120.9,321.7,1835.2,1072.4,1478,697,none
2026-08-10T16:43:27.446907,64,1,person,0.8925,1121.0,321.6,1835.2,1072.3,1478,696,none
2026-08-10T16:43:27.497020,65,1,person,0.8966,1121.3,322.1,1835.0,1072.4,1478,697,none
2026-08-10T16:43:27.547341,66,1,person,0.8934,1121.4,322.2,1834.9,1072.3,1478,697,none
2026-08-10T16:43:27.597846,67,1,person,0.8943,1121.5,322.4,1834.8,1072.4,1478,697,none
2026-08-10T16:43:27.648852,68,1,person,0.8951,1121.7,322.8,1834.7,1072.4,1478,697,none
2026-08-10T16:43:27.699173,69,1,person,0.8965,1121.8,322.7,1834.8,1072.4,1478,697,none
2026-08-10T16:43:27.749154,70,1,person,0.8969,1121.7,322.8,1834.7,1072.4,1478,697,none
2026-08-10T16:43:27.798794,71,1,person,0.8956,1121.7,322.9,1834.5,1072.3,1478,697,none
2026-08-10T16:43:27.847284,72,1,person,0.8938,1121.5,322.9,1834.2,1072.1,1477,697,none
2026-08-10T16:43:27.896636,73,1,person,0.8967,1121.5,322.9,1834.1,1072.1,1477,697,none
2026-08-10T16:43:27.946235,74,1,person,0.8959,1121.5,322.9,1834.1,1072.1,1477,697,none
2026-08-10T16:43:27.996807,75,1,person,0.8955,1121.6,323.0,1834.0,1072.1,1477,697,none
2026-08-10T16:43:28.047060,76,1,person,0.8964,1121.5,322.8,1834.1,1072.2,1477,697,none
2026-08-10T16:43:28.097839,77,1,person,0.8942,1121.4,322.5,1834.2,1072.2,1477,697,none
2026-08-10T16:43:28.148293,78,1,person,0.8975,1121.5,322.7,1834.0,1072.2,1477,697,none
2026-08-10T16:43:28.198597,79,1,person,0.8968,1121.6,323.0,1833.8,1072.2,1477,697,none
2026-08-10T16:43:28.248420,80,1,person,0.8975,1121.9,323.3,1833.7,1072.1,1477,697,none
2026-08-10T16:43:28.299095,81,1,person,0.8972,1122.1,323.4,1833.8,1072.2,1477,697,none
2026-08-10T16:43:28.349025,82,1,person,0.8986,1122.2,323.4,1833.8,1072.2,1477,697,none
2026-08-10T16:43:28.399544,83,1,person,0.8988,1122.2,323.4,1833.8,1072.2,1478,697,none
2026-08-10T16:43:28.449417,84,1,person,0.897,1122.1,323.4,1833.6,1072.2,1477,697,none
2026-08-10T16:43:28.499552,85,1,person,0.8987,1122.2,323.7,1833.5,1072.2,1477,697,none
2026-08-10T16:43:28.549154,86,1,person,0.8965,1122.2,323.8,1833.3,1072.1,1477,697,none
2026-08-10T16:43:28.598777,87,1,person,0.8962,1122.2,323.9,1833.1,1072.1,1477,697,none
2026-08-10T16:43:28.648299,88,1,person,0.8973,1122.1,324.0,1833.0,1072.2,1477,698,none
2026-08-10T16:43:28.698735,89,1,person,0.8979,1121.7,323.5,1833.0,1072.2,1477,697,none
2026-08-10T16:43:28.748929,90,1,person,0.8968,1121.5,323.2,1833.1,1072.1,1477,697,none
2026-08-10T16:43:28.799229,91,1,person,0.8934,1121.2,322.7,1833.2,1072.1,1477,697,none
2026-08-10T16:43:28.849158,92,1,person,0.8975,1121.1,322.8,1833.1,1072.1,1477,697,none
2026-08-10T16:43:28.899212,93,1,person,0.8991,1121.3,322.8,1833.2,1072.1,1477,697,none
2026-08-10T16:43:28.949139,94,1,person,0.8983,1121.7,323.5,1833.0,1072.1,1477,697,none
2026-08-10T16:43:28.999345,95,1,person,0.8994,1122.0,324.1,1832.7,1072.1,1477,698,none
2026-08-10T16:43:29.050369,96,1,person,0.9007,1122.0,324.0,1832.9,1072.2,1477,698,none
2026-08-10T16:43:29.100869,97,1,person,0.8997,1121.9,323.7,1833.2,1072.3,1477,698,none
2026-08-10T16:43:29.151229,98,1,person,0.8986,1121.8,323.9,1833.1,1072.3,1477,698,none
2026-08-10T16:43:29.201699,99,1,person,0.8932,1121.4,323.2,1833.3,1072.2,1477,697,none
2026-08-10T16:43:29.251975,100,1,person,0.8951,1121.6,323.3,1833.3,1072.0,1477,697,none
2026-08-10T16:43:29.302891,101,1,person,0.8916,1121.3,324.0,1832.7,1071.9,1477,697,none
2026-08-10T16:43:29.353950,102,1,person,0.8775,1121.4,323.7,1833.5,1071.9,1477,697,none
2026-08-10T16:43:29.404710,103,1,person,0.8974,1120.2,321.7,1834.4,1071.9,1477,696,none
2026-08-10T16:43:29.455089,104,1,person,0.8909,1119.9,320.5,1835.4,1072.0,1477,696,none
2026-08-10T16:43:29.505282,105,1,person,0.8777,1118.4,317.1,1836.4,1071.6,1477,694,none
2026-08-10T16:43:29.555844,106,1,person,0.8803,1116.1,312.3,1837.5,1071.2,1476,691,none
2026-08-10T16:43:29.605932,107,1,person,0.886,1114.8,307.1,1840.5,1071.8,1477,689,none
2026-08-10T16:43:29.656790,108,1,person,0.8563,1115.5,302.2,1845.4,1072.2,1480,687,none
2026-08-10T16:43:29.707770,109,1,person,0.8831,1119.1,297.6,1851.8,1072.3,1485,684,none
2026-08-10T16:43:29.758088,110,1,person,0.9,1120.3,295.2,1854.8,1072.7,1487,683,none
2026-08-10T16:43:29.808303,111,1,person,0.9095,1126.4,293.6,1860.1,1072.7,1493,683,none
2026-08-10T16:43:29.861659,112,1,person,0.9141,1134.9,293.2,1869.2,1073.9,1502,683,none
2026-08-10T16:43:29.911743,113,1,person,0.9058,1138.8,292.4,1875.4,1073.7,1507,683,none
2026-08-10T16:43:29.961546,114,1,person,0.9044,1133.7,292.7,1871.5,1073.7,1502,683,none
2026-08-10T16:43:30.011594,115,1,person,0.906,1135.5,292.4,1875.3,1073.3,1505,682,none
2026-08-10T16:43:30.061384,116,1,person,0.9114,1138.0,291.7,1880.3,1072.7,1509,682,none
2026-08-10T16:43:30.110993,117,1,person,0.9058,1139.7,290.1,1885.9,1073.2,1512,681,none
2026-08-10T16:43:30.160783,118,1,person,0.8758,1141.0,289.4,1889.8,1073.2,1515,681,none
2026-08-10T16:43:30.210958,119,1,person,0.876,1144.8,289.1,1896.1,1072.8,1520,680,none
2026-08-10T16:43:30.263184,120,1,person,0.8868,1148.2,289.6,1901.2,1072.8,1524,681,none
2026-08-10T16:43:30.314407,121,1,person,0.8665,1151.9,289.6,1906.6,1073.0,1529,681,none
2026-08-10T16:43:30.364736,122,1,person,0.8916,1156.0,291.2,1910.4,1072.9,1533,682,none
2026-08-10T16:43:30.415025,123,1,person,0.918,1159.3,292.1,1913.8,1072.9,1536,682,none
2026-08-10T16:43:30.465091,124,1,person,0.8979,1163.1,293.7,1916.5,1072.7,1539,683,none
2026-08-10T16:43:30.524456,125,1,person,0.8971,1165.3,294.6,1918.3,1072.6,1541,683,none
2026-08-10T16:43:30.576304,126,1,person,0.8665,1164.5,294.9,1918.2,1072.9,1541,683,none
2026-08-10T16:43:30.628250,127,1,person,0.8365,1159.8,295.7,1914.7,1073.1,1537,684,none
2026-08-10T16:43:30.678503,128,1,person,0.9077,1143.8,297.5,1902.5,1073.0,1523,685,none
2026-08-10T16:43:30.728537,129,1,person,0.9001,1142.1,299.6,1902.2,1072.6,1522,686,none
2026-08-10T16:43:30.778889,130,1,person,0.8746,1148.2,301.0,1908.4,1072.3,1528,686,none
2026-08-10T16:43:30.829082,131,1,person,0.913,1148.9,301.3,1910.1,1071.7,1529,686,none
2026-08-10T16:43:30.879360,132,1,person,0.9253,1151.8,302.2,1912.9,1071.3,1532,686,none
2026-08-10T16:43:30.929206,133,1,person,0.9098,1154.1,303.1,1914.8,1071.0,1534,687,none
2026-08-10T16:43:30.979114,134,1,person,0.9185,1157.2,304.7,1916.6,1071.1,1536,687,none
2026-08-10T16:43:31.028570,135,1,person,0.9179,1162.1,305.6,1919.9,1071.1,1541,688,none
2026-08-10T16:43:31.078125,136,1,person,0.9197,1167.6,306.4,1920.0,1071.2,1543,688,none
2026-08-10T16:43:31.128187,137,1,person,0.9182,1174.8,309.7,1920.0,1071.1,1547,690,none
2026-08-10T16:43:31.178608,138,1,person,0.9225,1177.2,309.7,1920.0,1071.1,1548,690,none
2026-08-10T16:43:31.229590,139,1,person,0.9225,1180.3,311.2,1920.0,1071.1,1550,691,none
2026-08-10T16:43:31.280061,140,1,person,0.9249,1184.6,311.0,1920.0,1071.3,1552,691,none
2026-08-10T16:43:31.330384,141,1,person,0.9264,1186.0,310.3,1920.0,1071.4,1553,690,none
2026-08-10T16:43:31.380366,142,1,person,0.9297,1189.4,309.5,1920.0,1071.9,1554,690,none
2026-08-10T16:43:31.430866,143,1,person,0.9251,1192.9,308.8,1920.0,1072.0,1556,690,none
2026-08-10T16:43:31.481387,144,1,person,0.9284,1200.1,309.3,1920.0,1071.8,1560,690,none
2026-08-10T16:43:31.531462,145,1,person,0.929,1204.9,308.7,1920.0,1071.8,1562,690,none
2026-08-10T16:43:31.581797,146,1,person,0.934,1208.9,308.5,1920.0,1071.8,1564,690,none
2026-08-10T16:43:31.631878,147,1,person,0.9288,1216.6,308.1,1920.0,1071.9,1568,689,none
2026-08-10T16:43:31.681600,148,1,person,0.9287,1223.3,307.4,1920.0,1071.1,1571,689,none
2026-08-10T16:43:31.732474,149,1,person,0.9396,1226.9,308.4,1920.0,1070.8,1573,689,none
2026-08-10T16:43:31.782884,150,1,person,0.9323,1230.8,309.6,1920.0,1070.8,1575,690,none
2026-08-10T16:43:31.832875,151,1,person,0.9315,1236.2,311.3,1920.0,1071.5,1578,691,none
2026-08-10T16:43:31.882722,152,1,person,0.9346,1239.6,312.1,1920.0,1071.9,1579,691,none
2026-08-10T16:43:31.932625,153,1,person,0.9316,1241.9,312.1,1920.0,1072.2,1580,692,none
2026-08-10T16:43:31.982678,154,1,person,0.9221,1245.0,311.4,1920.0,1071.8,1582,691,none
2026-08-10T16:43:32.032962,155,1,person,0.9245,1246.7,311.1,1920.0,1072.1,1583,691,none
2026-08-10T16:43:32.083277,156,1,person,0.9005,1254.2,311.1,1920.0,1071.9,1587,691,none
2026-08-10T16:43:32.133167,157,1,person,0.8849,1270.9,309.5,1920.0,1072.1,1595,690,none
2026-08-10T16:43:32.182304,158,1,person,0.8913,1274.9,309.3,1920.0,1072.0,1597,690,none
2026-08-10T16:43:32.231988,159,1,person,0.8921,1275.2,309.4,1920.0,1072.2,1597,690,none
2026-08-10T16:43:32.281615,160,1,person,0.8955,1273.9,309.5,1920.0,1072.4,1596,690,none
2026-08-10T16:43:32.330854,161,1,person,0.9018,1269.5,309.7,1920.0,1072.4,1594,691,none
2026-08-10T16:43:32.379907,162,1,person,0.9029,1267.8,310.0,1920.0,1072.5,1593,691,none
2026-08-10T16:43:32.429364,163,1,person,0.9075,1266.3,310.9,1920.0,1072.5,1593,691,none
2026-08-10T16:43:32.478745,164,1,person,0.919,1263.9,311.2,1920.0,1072.6,1591,691,none
2026-08-10T16:43:32.527746,165,1,person,0.9153,1262.4,310.9,1920.0,1072.7,1591,691,none
2026-08-10T16:43:32.577501,166,1,person,0.9212,1261.5,310.3,1919.5,1072.7,1590,691,none
2026-08-10T16:43:32.627522,167,1,person,0.9111,1261.5,310.6,1919.1,1072.8,1590,691,none
2026-08-10T16:43:32.677969,168,1,person,0.9094,1262.2,311.1,1919.1,1072.7,1590,691,none
2026-08-10T16:43:32.728485,169,1,person,0.9159,1262.5,311.5,1918.9,1072.7,1590,692,none
2026-08-10T16:43:32.779054,170,1,person,0.9175,1262.7,311.5,1918.9,1072.6,1590,692,none
2026-08-10T16:43:32.829302,171,1,person,0.921,1263.3,312.5,1918.5,1072.7,1590,692,none
2026-08-10T16:43:32.882525,172,1,person,0.9189,1263.4,312.5,1918.6,1072.8,1591,692,none
2026-08-10T16:43:32.932395,173,1,person,0.9139,1263.5,312.5,1918.7,1072.9,1591,692,none
2026-08-10T16:43:32.981931,174,1,person,0.9121,1263.9,312.4,1919.0,1073.0,1591,692,none
2026-08-10T16:43:33.031435,175,1,person,0.916,1263.9,312.4,1918.8,1073.0,1591,692,none
2026-08-10T16:43:33.083138,176,1,person,0.9057,1265.6,312.5,1919.9,1073.0,1592,692,none
2026-08-10T16:43:33.133452,177,1,person,0.9077,1266.3,312.5,1920.0,1073.1,1593,692,none
2026-08-10T16:43:33.185009,178,1,person,0.9089,1266.2,312.5,1919.8,1073.2,1593,692,none
2026-08-10T16:43:33.236589,179,1,person,0.9056,1266.4,312.5,1919.7,1073.2,1593,692,none
2026-08-10T16:43:33.287577,180,1,person,0.9007,1267.7,312.5,1920.0,1073.2,1593,692,none
2026-08-10T16:43:33.337458,181,1,person,0.8976,1273.9,310.8,1920.0,1072.6,1596,691,none
2026-08-10T16:43:33.387617,182,1,person,0.8918,1280.0,310.1,1920.0,1072.5,1600,691,none
2026-08-10T16:43:33.438265,183,1,person,0.8913,1286.6,310.3,1920.0,1072.5,1603,691,none
2026-08-10T16:43:33.490353,184,1,person,0.8908,1286.8,310.6,1920.0,1072.5,1603,691,none
2026-08-10T16:43:33.541337,185,1,person,0.8904,1288.9,310.3,1920.0,1072.6,1604,691,none
2026-08-10T16:43:33.592758,186,1,person,0.8892,1289.2,310.0,1920.0,1072.5,1604,691,none
2026-08-10T16:43:33.643204,187,1,person,0.89,1288.4,309.6,1920.0,1072.5,1604,691,none
2026-08-10T16:43:33.694299,188,1,person,0.8895,1289.3,309.9,1920.0,1072.6,1604,691,none
2026-08-10T16:43:33.745172,189,1,person,0.8891,1292.1,310.0,1920.0,1072.7,1606,691,none
2026-08-10T16:43:33.795868,190,1,person,0.8927,1284.7,311.2,1919.2,1073.1,1601,692,none
2026-08-10T16:43:33.845789,191,1,person,0.8958,1281.8,311.5,1916.8,1073.3,1599,692,none
2026-08-10T16:43:33.895889,192,1,person,0.8928,1286.7,312.0,1920.0,1073.3,1603,692,none
2026-08-10T16:43:33.945694,193,1,person,0.8924,1289.5,312.0,1920.0,1073.3,1604,692,none
2026-08-10T16:43:33.997944,194,1,person,0.8912,1293.1,311.9,1920.0,1073.3,1606,692,none
2026-08-10T16:43:34.049182,195,1,person,0.895,1293.2,311.9,1920.0,1073.2,1606,692,none
2026-08-10T16:43:34.107548,196,1,person,0.8957,1295.4,312.0,1920.0,1073.3,1607,692,none
2026-08-10T16:43:34.158336,197,1,person,0.8988,1296.5,312.1,1920.0,1073.3,1608,692,none
2026-08-10T16:43:34.208733,198,1,person,0.9026,1296.0,312.2,1920.0,1073.4,1608,692,none
2026-08-10T16:43:34.259452,199,1,person,0.9028,1299.8,312.3,1920.0,1073.4,1609,692,none
2026-08-10T16:43:34.309732,200,1,person,0.9019,1300.5,312.2,1920.0,1073.4,1610,692,none
2026-08-10T16:43:34.360171,201,1,person,0.9016,1301.6,312.1,1920.0,1073.3,1610,692,none
2026-08-10T16:43:34.410730,202,1,person,0.9004,1304.4,312.1,1920.0,1073.3,1612,692,none
2026-08-10T16:43:34.461455,203,1,person,0.9028,1306.2,312.3,1920.0,1073.3,1613,692,none
2026-08-10T16:43:34.511052,204,1,person,0.9059,1308.4,312.5,1920.0,1073.3,1614,692,none
2026-08-10T16:43:34.561340,205,1,person,0.9026,1297.6,312.2,1916.7,1073.4,1607,692,none
2026-08-10T16:43:34.611812,206,1,person,0.9211,1286.6,311.5,1909.0,1073.2,1597,692,none
2026-08-10T16:43:34.661654,207,1,person,0.9219,1282.8,311.5,1907.7,1073.6,1595,692,none
2026-08-10T16:43:34.711623,208,1,person,0.9336,1276.9,310.0,1905.7,1073.6,1591,691,none
2026-08-10T16:43:34.761847,209,1,person,0.9329,1269.5,305.7,1904.2,1072.8,1586,689,none
2026-08-10T16:43:34.812112,210,1,person,0.9015,1272.4,304.5,1909.2,1072.7,1590,688,none
2026-08-10T16:43:34.862073,211,1,person,0.936,1259.0,301.9,1902.0,1072.3,1580,687,none
2026-08-10T16:43:34.911138,212,1,person,0.9342,1240.0,292.6,1896.1,1072.3,1568,682,none
2026-08-10T16:43:34.960972,213,1,person,0.9182,1227.5,289.0,1892.4,1072.4,1559,680,none
2026-08-10T16:43:35.010644,214,1,person,0.931,1217.1,287.2,1889.9,1072.6,1553,679,none
2026-08-10T16:43:35.060124,215,1,person,0.9257,1205.6,284.4,1887.4,1072.7,1546,678,none
2026-08-10T16:43:35.109589,216,1,person,0.9169,1197.4,282.4,1886.5,1073.0,1541,677,none
2026-08-10T16:43:35.159295,217,1,person,0.8872,1190.1,280.4,1882.7,1072.8,1536,676,none
2026-08-10T16:43:35.208842,218,1,person,0.8898,1183.5,277.5,1877.1,1072.4,1530,674,none
2026-08-10T16:43:35.257902,219,1,person,0.881,1166.8,273.6,1863.6,1072.6,1515,673,none
2026-08-10T16:43:35.307058,220,1,person,0.8983,1159.4,269.5,1856.8,1072.1,1508,670,none
2026-08-10T16:43:35.357092,221,1,person,0.8736,1145.5,265.7,1843.9,1072.0,1494,668,none
2026-08-10T16:43:35.407744,222,1,person,0.861,1135.5,261.4,1834.2,1071.8,1484,666,none
2026-08-10T16:43:35.458435,223,1,person,0.8372,1121.3,260.0,1819.3,1071.3,1470,665,none
2026-08-10T16:43:35.509467,224,1,person,0.8895,1111.9,254.9,1811.4,1071.5,1461,663,none
2026-08-10T16:43:35.560298,225,1,person,0.8793,1102.5,250.4,1802.6,1071.4,1452,660,none
2026-08-10T16:43:35.610681,226,1,person,0.8715,1096.8,250.3,1794.3,1071.5,1445,660,none
2026-08-10T16:43:35.661286,227,1,person,0.873,1089.9,250.7,1784.9,1071.8,1437,661,none
2026-08-10T16:43:35.711354,228,1,person,0.8874,1083.7,251.4,1776.2,1072.2,1429,661,none
2026-08-10T16:43:35.761482,229,1,person,0.8961,1075.6,249.8,1768.0,1072.0,1421,660,none
2026-08-10T16:43:35.811988,230,1,person,0.8952,1065.7,247.0,1760.4,1072.5,1413,659,none
2026-08-10T16:43:35.862161,231,1,person,0.8719,1057.8,247.8,1752.1,1072.0,1404,659,none
2026-08-10T16:43:35.914999,232,1,person,0.884,1050.2,248.2,1745.2,1072.4,1397,660,none
2026-08-10T16:43:35.965271,233,1,person,0.8964,1043.7,248.5,1739.7,1072.6,1391,660,none
2026-08-10T16:43:36.015394,234,1,person,0.9131,1039.3,250.3,1734.7,1071.7,1386,661,none
2026-08-10T16:43:36.065241,235,1,person,0.9153,1035.7,251.0,1732.0,1071.4,1383,661,none
2026-08-10T16:43:36.115570,236,1,person,0.9177,1032.0,251.0,1729.8,1071.4,1380,661,none
2026-08-10T16:43:36.165592,237,1,person,0.9107,1027.5,251.1,1726.3,1071.2,1376,661,none
2026-08-10T16:43:36.215906,238,1,person,0.9148,1025.1,252.1,1724.6,1071.2,1374,661,none
2026-08-10T16:43:36.265950,239,1,person,0.9165,1024.7,254.5,1723.9,1071.0,1374,662,none
2026-08-10T16:43:36.315785,240,1,person,0.9161,1024.9,258.1,1723.1,1071.1,1373,664,none
2026-08-10T16:43:36.366123,241,1,person,0.9156,1024.7,260.3,1723.1,1071.2,1373,665,none
2026-08-10T16:43:36.416115,242,1,person,0.9178,1023.9,260.5,1723.8,1071.3,1373,665,none
2026-08-10T16:43:36.465996,243,1,person,0.9199,1023.2,260.7,1724.5,1071.3,1373,665,none
2026-08-10T16:43:36.516026,244,1,person,0.9219,1023.1,259.4,1726.8,1071.3,1374,665,none
2026-08-10T16:43:36.566582,245,1,person,0.9201,1021.7,256.8,1728.3,1071.5,1374,664,none
2026-08-10T16:43:36.616749,246,1,person,0.9196,1022.2,255.4,1730.7,1071.4,1376,663,none
2026-08-10T16:43:36.666805,247,1,person,0.9185,1022.7,255.0,1732.5,1071.9,1377,663,none
2026-08-10T16:43:36.717811,248,1,person,0.9172,1023.6,253.6,1735.1,1072.1,1379,662,none
2026-08-10T16:43:36.768798,249,1,person,0.9134,1025.5,253.2,1737.2,1072.0,1381,662,none
2026-08-10T16:43:36.819268,250,1,person,0.91,1027.7,253.0,1739.5,1072.1,1383,662,none
2026-08-10T16:43:36.869622,251,1,person,0.9076,1033.4,258.3,1740.3,1071.3,1386,664,none
2026-08-10T16:43:36.919887,252,1,person,0.9051,1035.6,255.9,1743.9,1071.0,1389,663,none
2026-08-10T16:43:36.970576,253,1,person,0.9041,1038.8,255.5,1747.3,1071.8,1393,663,none
2026-08-10T16:43:37.021375,254,1,person,0.9029,1044.0,257.3,1749.7,1071.5,1396,664,none
2026-08-10T16:43:37.071452,255,1,person,0.897,1046.5,253.5,1754.0,1071.8,1400,662,none
2026-08-10T16:43:37.122374,256,1,person,0.916,1047.6,251.0,1755.9,1072.3,1401,661,none
2026-08-10T16:43:37.172681,257,1,person,0.9127,1051.2,251.7,1757.7,1072.8,1404,662,none
2026-08-10T16:43:37.223211,258,1,person,0.9203,1057.8,253.7,1760.8,1072.8,1409,663,none
2026-08-10T16:43:37.273831,259,1,person,0.9215,1064.0,253.4,1765.0,1072.9,1414,663,none
2026-08-10T16:43:37.324715,260,1,person,0.9191,1068.7,252.3,1768.1,1073.0,1418,662,none
2026-08-10T16:43:37.375176,261,1,person,0.9218,1072.1,251.9,1769.9,1073.4,1421,662,none
2026-08-10T16:43:37.425850,262,1,person,0.9227,1074.9,251.6,1770.5,1073.4,1422,662,none
2026-08-10T16:43:37.475983,263,1,person,0.9214,1077.4,251.5,1771.1,1073.6,1424,662,none
2026-08-10T16:43:37.526820,264,1,person,0.9236,1081.2,252.2,1771.2,1072.7,1426,662,none
2026-08-10T16:43:37.577565,265,1,person,0.9258,1083.9,251.8,1771.7,1072.4,1427,662,none
2026-08-10T16:43:37.628277,266,1,person,0.9232,1086.7,251.6,1772.6,1072.2,1429,661,none
2026-08-10T16:43:37.678316,267,1,person,0.922,1089.2,251.9,1773.1,1072.1,1431,662,none
2026-08-10T16:43:37.735031,268,1,person,0.9211,1089.6,250.4,1773.5,1072.0,1431,661,none
2026-08-10T16:43:37.785656,269,1,person,0.9163,1092.1,251.6,1774.2,1071.6,1433,661,none
2026-08-10T16:43:37.836101,270,1,person,0.9096,1096.4,251.5,1778.5,1071.4,1437,661,none
2026-08-10T16:43:37.886466,271,1,person,0.9039,1100.5,251.8,1783.3,1071.6,1441,661,none
2026-08-10T16:43:37.936707,272,1,person,0.8955,1104.2,251.0,1789.6,1071.9,1446,661,none
2026-08-10T16:43:37.987906,273,1,person,0.8992,1113.5,252.5,1801.4,1072.6,1457,662,none
2026-08-10T16:43:38.038208,274,1,person,0.892,1122.6,251.6,1815.3,1072.2,1468,661,none
2026-08-10T16:43:38.088600,275,1,person,0.8373,1140.4,251.7,1841.6,1072.4,1490,662,none
2026-08-10T16:43:38.143049,276,1,person,0.8446,1155.7,262.4,1855.7,1072.3,1505,667,none
2026-08-10T16:43:38.194830,277,1,person,0.8708,1169.5,274.4,1868.6,1072.3,1519,673,none
2026-08-10T16:43:38.253257,278,1,person,0.8932,1176.8,282.3,1878.0,1072.5,1527,677,none
2026-08-10T16:43:38.305683,279,1,person,0.9134,1184.0,290.8,1885.1,1072.3,1534,681,none
2026-08-10T16:43:38.357395,280,1,person,0.9152,1188.6,298.4,1889.4,1071.9,1538,685,none
2026-08-10T16:43:38.408600,281,1,person,0.9176,1191.5,301.8,1894.3,1071.8,1542,686,none
2026-08-10T16:43:38.458965,282,1,person,0.9185,1197.3,308.6,1898.3,1071.5,1547,690,none
2026-08-10T16:43:38.510013,283,1,person,0.9193,1201.7,313.2,1902.0,1071.3,1551,692,none
2026-08-10T16:43:38.561150,284,1,person,0.9156,1206.7,317.5,1905.7,1071.3,1556,694,none
2026-08-10T16:43:38.611626,285,1,person,0.9131,1211.1,320.6,1909.3,1071.5,1560,696,none
2026-08-10T16:43:38.661704,286,1,person,0.9079,1214.5,322.9,1912.2,1071.7,1563,697,none
2026-08-10T16:43:38.712323,287,1,person,0.8996,1217.4,323.9,1914.8,1071.7,1566,697,none
2026-08-10T16:43:38.762276,288,1,person,0.897,1220.7,327.9,1915.4,1071.9,1568,699,none
2026-08-10T16:43:38.813347,289,1,person,0.9155,1222.3,330.0,1915.6,1071.9,1568,700,none
2026-08-10T16:43:38.863899,290,1,person,0.9209,1221.8,330.2,1915.7,1072.0,1568,701,none
2026-08-10T16:43:38.914442,291,1,person,0.9264,1221.1,330.4,1915.4,1072.0,1568,701,none
2026-08-10T16:43:38.967449,292,1,person,0.9265,1219.3,330.8,1914.4,1072.2,1566,701,none
2026-08-10T16:43:39.018127,293,1,person,0.9191,1217.5,332.2,1912.8,1072.5,1565,702,none
2026-08-10T16:43:39.068377,294,1,person,0.9251,1215.6,332.7,1912.1,1072.9,1563,702,none
2026-08-10T16:43:39.119150,295,1,person,0.9072,1212.5,333.4,1910.6,1073.3,1561,703,none
2026-08-10T16:43:39.169428,296,1,person,0.9111,1210.5,333.4,1910.3,1073.3,1560,703,none
2026-08-10T16:43:39.220005,297,1,person,0.896,1202.8,333.4,1905.7,1073.3,1554,703,none
2026-08-10T16:43:39.270077,298,1,person,0.8997,1201.8,337.2,1904.5,1073.8,1553,705,none
2026-08-10T16:43:39.320945,299,1,person,0.9154,1200.1,338.3,1904.3,1073.5,1552,705,none
2026-08-10T16:43:39.371333,300,1,person,0.9215,1202.2,341.2,1906.0,1073.3,1554,707,none
2026-08-10T16:43:39.421832,301,1,person,0.916,1197.5,344.0,1902.9,1073.8,1550,708,none
2026-08-10T16:43:39.489746,302,1,person,0.9141,1196.0,345.3,1903.2,1074.1,1549,709,none
2026-08-10T16:43:39.541596,303,1,person,0.8996,1190.0,345.0,1899.2,1074.5,1544,709,none
2026-08-10T16:43:39.593158,304,1,person,0.8821,1184.3,344.1,1893.6,1074.7,1538,709,none
2026-08-10T16:43:39.643830,305,1,person,0.855,1167.9,344.2,1878.7,1074.5,1523,709,none
2026-08-10T16:43:39.693647,306,1,person,0.8743,1146.7,343.9,1862.1,1074.2,1504,709,none
2026-08-10T16:43:39.744353,307,1,person,0.877,1137.5,345.4,1856.4,1074.3,1496,709,none
2026-08-10T16:43:39.794966,308,1,person,0.8806,1135.3,346.3,1857.8,1074.3,1496,710,none
2026-08-10T16:43:39.845441,309,1,person,0.8642,1140.1,348.0,1862.8,1074.2,1501,711,none
2026-08-10T16:43:39.895545,310,1,person,0.8672,1144.9,350.5,1865.9,1074.6,1505,712,none
2026-08-10T16:43:39.945852,311,1,person,0.8869,1149.5,353.9,1868.6,1075.3,1509,714,none
2026-08-10T16:43:39.995481,312,1,person,0.9018,1156.3,356.6,1873.3,1076.0,1514,716,none
2026-08-10T16:43:40.045067,313,1,person,0.9016,1164.1,359.5,1878.1,1076.0,1521,717,none
2026-08-10T16:43:40.094489,314,1,person,0.9087,1169.1,362.7,1879.6,1075.7,1524,719,none
2026-08-10T16:43:40.144207,315,1,person,0.9154,1171.7,363.2,1881.1,1074.7,1526,718,none
2026-08-10T16:43:40.193935,316,1,person,0.9204,1173.4,363.7,1882.9,1074.4,1528,719,none
2026-08-10T16:43:40.244468,317,1,person,0.9177,1176.0,365.0,1884.9,1074.1,1530,719,none
2026-08-10T16:43:40.294806,318,1,person,0.9153,1178.4,366.6,1886.6,1074.3,1532,720,none
2026-08-10T16:43:40.345031,319,1,person,0.9175,1180.0,368.0,1887.8,1074.1,1533,721,none
2026-08-10T16:43:40.394811,320,1,person,0.9157,1182.3,369.6,1890.4,1074.2,1536,721,none
2026-08-10T16:43:40.444420,321,1,person,0.9201,1184.4,369.8,1894.2,1073.9,1539,721,none
2026-08-10T16:43:40.494198,322,1,person,0.9211,1184.9,370.2,1896.2,1073.8,1540,721,none
2026-08-10T16:43:40.543476,323,1,person,0.9236,1185.0,370.3,1898.2,1073.7,1541,721,none
2026-08-10T16:43:40.593059,324,1,person,0.9247,1185.4,369.4,1901.7,1073.8,1543,721,none
2026-08-10T16:43:40.642964,325,1,person,0.9213,1185.4,368.0,1904.5,1073.6,1544,720,none
2026-08-10T16:43:40.693486,326,1,person,0.9245,1185.2,366.3,1907.6,1073.5,1546,719,none
2026-08-10T16:43:40.743267,327,1,person,0.9249,1184.7,365.2,1909.5,1073.5,1547,719,none
2026-08-10T16:43:40.792926,328,1,person,0.9245,1184.5,363.3,1912.2,1073.4,1548,718,none
2026-08-10T16:43:40.842665,329,1,person,0.9272,1184.1,361.8,1914.2,1073.5,1549,717,none
2026-08-10T16:43:40.893841,330,1,person,0.9308,1183.9,359.9,1916.0,1073.2,1549,716,none
2026-08-10T16:43:40.943466,331,1,person,0.9289,1183.8,359.2,1917.0,1073.1,1550,716,none
2026-08-10T16:43:40.993368,332,1,person,0.9248,1183.5,358.3,1917.5,1072.6,1550,715,none
2026-08-10T16:43:41.043381,333,1,person,0.9262,1182.7,357.6,1917.7,1072.7,1550,715,none
2026-08-10T16:43:41.093610,334,1,person,0.9258,1182.3,356.5,1918.4,1072.5,1550,714,none
2026-08-10T16:43:41.144084,335,1,person,0.923,1182.2,354.0,1920.0,1072.4,1551,713,none
2026-08-10T16:43:41.193779,336,1,person,0.9185,1182.0,350.3,1920.0,1072.4,1551,711,none
2026-08-10T16:43:41.250857,337,1,person,0.9144,1184.0,347.0,1920.0,1072.3,1551,709,none
2026-08-10T16:43:41.300764,338,1,person,0.9125,1186.2,344.5,1920.0,1072.0,1553,708,none
2026-08-10T16:43:41.350664,339,1,person,0.8971,1187.7,341.2,1920.0,1071.9,1553,706,none
2026-08-10T16:43:41.400600,340,1,person,0.8966,1189.1,338.2,1920.0,1072.0,1554,705,none
2026-08-10T16:43:41.450512,341,1,person,0.8961,1191.7,335.4,1920.0,1072.0,1555,703,none
2026-08-10T16:43:41.500178,342,1,person,0.8896,1192.8,329.6,1920.0,1071.7,1556,700,none
2026-08-10T16:43:41.549448,343,1,person,0.8845,1193.3,323.2,1920.0,1071.7,1556,697,none
2026-08-10T16:43:41.598920,344,1,person,0.8932,1196.2,322.0,1920.0,1071.4,1558,696,none
2026-08-10T16:43:41.648450,345,1,person,0.9029,1198.0,319.3,1920.0,1071.2,1558,695,none
2026-08-10T16:43:41.698708,346,1,person,0.9132,1205.7,319.2,1920.0,1071.5,1562,695,none
2026-08-10T16:43:41.748761,347,1,person,0.93,1211.8,318.6,1920.0,1071.2,1565,694,none
2026-08-10T16:43:41.799381,348,1,person,0.9288,1216.5,318.3,1920.0,1070.7,1568,694,none
2026-08-10T16:43:41.849402,349,1,person,0.9329,1221.5,318.0,1920.0,1070.5,1570,694,none
2026-08-10T16:43:41.899129,350,1,person,0.9354,1226.0,319.4,1920.0,1070.4,1572,694,none
2026-08-10T16:43:41.948832,351,1,person,0.9374,1229.4,319.7,1920.0,1070.5,1574,695,none
2026-08-10T16:43:42.001560,352,1,person,0.9324,1225.2,319.2,1920.0,1070.6,1572,694,none
2026-08-10T16:43:42.051840,353,1,person,0.9377,1232.8,319.5,1920.0,1070.5,1576,694,none
2026-08-10T16:43:42.101777,354,1,person,0.9385,1236.4,320.5,1920.0,1070.3,1578,695,none
2026-08-10T16:43:42.151731,355,1,person,0.9338,1237.4,319.2,1920.0,1070.1,1578,694,none
2026-08-10T16:43:42.201364,356,1,person,0.9331,1238.5,318.7,1920.0,1069.9,1579,694,none
2026-08-10T16:43:42.250962,357,1,person,0.9336,1241.2,319.6,1920.0,1069.7,1580,694,none
2026-08-10T16:43:42.300519,358,1,person,0.9324,1242.3,318.9,1920.0,1069.6,1581,694,none
2026-08-10T16:43:42.350064,359,1,person,0.9232,1241.7,319.8,1920.0,1070.3,1580,695,none
2026-08-10T16:43:42.399969,360,1,person,0.9247,1242.6,320.1,1920.0,1070.7,1581,695,none
2026-08-10T16:43:42.450255,361,1,person,0.925,1241.9,316.6,1920.0,1071.3,1580,693,none
2026-08-10T16:43:42.501024,362,1,person,0.9234,1241.3,315.8,1920.0,1071.5,1580,693,none
2026-08-10T16:43:42.552126,363,1,person,0.9268,1241.3,314.2,1920.0,1071.9,1580,693,none
2026-08-10T16:43:42.601985,364,1,person,0.9271,1241.6,312.8,1920.0,1072.2,1580,692,none
2026-08-10T16:43:42.651795,365,1,person,0.9288,1241.5,311.1,1920.0,1072.5,1580,691,none
2026-08-10T16:43:42.701102,366,1,person,0.9251,1242.2,309.3,1920.0,1072.4,1581,690,none
2026-08-10T16:43:42.750292,367,1,person,0.9283,1241.6,308.4,1920.0,1072.6,1580,690,none
2026-08-10T16:43:42.799365,368,1,person,0.9304,1242.8,306.0,1920.0,1072.6,1581,689,none
2026-08-10T16:43:42.847964,369,1,person,0.932,1240.7,302.5,1920.0,1072.8,1580,687,none
2026-08-10T16:43:42.896888,370,1,person,0.9362,1239.9,300.1,1920.0,1072.9,1579,686,none
2026-08-10T16:43:42.946348,371,1,person,0.9423,1238.7,294.6,1920.0,1073.1,1579,683,none
2026-08-10T16:43:42.995895,372,1,person,0.9422,1238.5,290.7,1920.0,1073.1,1579,681,none
2026-08-10T16:43:43.046002,373,1,person,0.942,1237.3,289.2,1920.0,1073.0,1578,681,none
2026-08-10T16:43:43.096170,374,1,person,0.9422,1237.5,288.0,1920.0,1073.1,1578,680,none
2026-08-10T16:43:43.146226,375,1,person,0.9399,1236.6,286.1,1920.0,1073.0,1578,679,none
2026-08-10T16:43:43.195970,376,1,person,0.9337,1232.5,278.7,1920.0,1073.0,1576,675,none
2026-08-10T16:43:43.245934,377,1,person,0.9332,1231.3,278.0,1920.0,1073.3,1575,675,none
2026-08-10T16:43:43.295362,378,1,person,0.9296,1229.7,274.5,1920.0,1073.3,1574,673,none
2026-08-10T16:43:43.344829,379,1,person,0.9332,1230.8,279.9,1920.0,1073.5,1575,676,none
2026-08-10T16:43:43.394298,380,1,person,0.9348,1231.9,285.9,1918.2,1073.7,1575,679,none
2026-08-10T16:43:43.444025,381,1,person,0.9373,1232.8,289.5,1916.6,1073.8,1574,681,none
2026-08-10T16:43:43.494206,382,1,person,0.9356,1231.4,290.6,1915.2,1073.8,1573,682,none
2026-08-10T16:43:43.544242,383,1,person,0.9304,1230.1,291.3,1914.3,1073.8,1572,682,none
2026-08-10T16:43:43.594671,384,1,person,0.9288,1228.9,291.0,1914.0,1073.6,1571,682,none
2026-08-10T16:43:43.644965,385,1,person,0.9281,1228.3,291.2,1914.0,1073.4,1571,682,none
2026-08-10T16:43:43.694920,386,1,person,0.9279,1225.5,291.6,1912.3,1073.6,1568,682,none
2026-08-10T16:43:43.744642,387,1,person,0.9237,1222.5,291.5,1910.9,1073.3,1566,682,none
2026-08-10T16:43:43.794474,388,1,person,0.9168,1218.9,292.1,1908.5,1072.5,1563,682,none
2026-08-10T16:43:43.844428,389,1,person,0.9202,1212.1,293.4,1904.3,1072.5,1558,682,none
2026-08-10T16:43:43.894990,390,1,person,0.9128,1202.7,293.1,1899.6,1072.5,1551,682,none
2026-08-10T16:43:43.945369,391,1,person,0.9093,1189.8,295.0,1891.0,1073.0,1540,683,none
2026-08-10T16:43:43.996952,392,1,person,0.9149,1172.3,295.8,1879.9,1072.7,1526,684,none
2026-08-10T16:43:44.046993,393,1,person,0.9068,1157.5,298.6,1870.5,1072.5,1513,685,none
2026-08-10T16:43:44.097594,394,1,person,0.9117,1139.1,298.3,1860.1,1072.6,1499,685,none
2026-08-10T16:43:44.147502,395,1,person,0.9029,1116.5,298.5,1846.0,1073.0,1481,685,none
2026-08-10T16:43:44.197930,396,1,person,0.9102,1101.1,302.9,1836.7,1072.8,1468,687,none
2026-08-10T16:43:44.247850,397,1,person,0.8593,1083.9,310.9,1823.8,1072.9,1453,691,none
2026-08-10T16:43:44.297910,398,1,person,0.8679,1067.4,317.2,1812.3,1072.3,1439,694,none
2026-08-10T16:43:44.347826,399,1,person,0.8778,1052.1,320.1,1805.2,1073.0,1428,696,none
2026-08-10T16:43:44.398556,400,1,person,0.8635,1035.0,323.8,1793.6,1072.0,1414,697,none
2026-08-10T16:43:44.449587,401,1,person,0.7807,1021.1,337.0,1778.4,1071.2,1399,704,none
2026-08-10T16:43:44.500274,402,1,person,0.8447,1008.7,340.0,1775.4,1070.7,1392,705,none
2026-08-10T16:43:44.550496,403,1,person,0.8764,997.0,348.7,1767.9,1071.8,1382,710,none
2026-08-10T16:43:44.601226,404,1,person,0.8722,985.3,351.2,1765.2,1071.5,1375,711,none
2026-08-10T16:43:44.651061,405,1,person,0.8608,968.2,349.0,1759.7,1071.6,1363,710,none
2026-08-10T16:43:44.700744,406,1,person,0.8851,959.6,348.5,1761.0,1071.7,1360,710,none
2026-08-10T16:43:44.749679,407,1,person,0.8718,949.9,349.4,1758.2,1071.9,1354,710,none
2026-08-10T16:43:44.798558,408,1,person,0.8729,942.2,350.0,1757.2,1072.4,1349,711,none
2026-08-10T16:43:44.848006,409,1,person,0.8711,937.1,351.6,1756.5,1072.2,1346,711,none
2026-08-10T16:43:44.897086,410,1,person,0.8657,934.7,354.6,1757.0,1072.0,1345,713,none
2026-08-10T16:43:44.946128,411,1,person,0.8659,931.1,355.5,1758.3,1072.2,1344,713,none
2026-08-10T16:43:44.998310,412,1,person,0.8722,931.4,356.3,1763.4,1071.7,1347,714,none
2026-08-10T16:43:45.047638,413,1,person,0.8713,927.8,356.2,1765.4,1071.4,1346,713,none
2026-08-10T16:43:45.097094,414,1,person,0.8664,924.1,354.8,1767.9,1071.3,1346,713,none
2026-08-10T16:43:45.146808,415,1,person,0.8612,922.1,354.7,1770.7,1071.4,1346,713,none
2026-08-10T16:43:45.196417,416,1,person,0.8546,920.8,355.2,1773.1,1071.5,1346,713,none
2026-08-10T16:43:45.245915,417,1,person,0.8569,919.6,355.9,1774.7,1071.5,1347,713,none
2026-08-10T16:43:45.295107,418,1,person,0.8582,919.1,355.7,1776.9,1071.8,1348,713,none
2026-08-10T16:43:45.344756,419,1,person,0.856,918.8,355.9,1778.4,1072.1,1348,713,none
2026-08-10T16:43:45.394751,420,1,person,0.8543,917.7,355.1,1779.4,1072.0,1348,713,none
2026-08-10T16:43:45.448967,421,1,person,0.8665,916.7,355.6,1779.4,1072.3,1348,713,none
2026-08-10T16:43:45.502700,422,1,person,0.8704,916.2,354.9,1780.5,1072.3,1348,713,none
2026-08-10T16:43:45.555857,423,1,person,0.8672,915.8,355.0,1781.0,1072.3,1348,713,none
2026-08-10T16:43:45.606845,424,1,person,0.8654,915.6,354.6,1781.8,1072.2,1348,713,none
2026-08-10T16:43:45.658056,425,1,person,0.8652,915.5,354.4,1782.5,1072.2,1348,713,none
2026-08-10T16:43:45.709319,426,1,person,0.8695,915.5,354.4,1783.2,1072.3,1349,713,none
2026-08-10T16:43:45.759726,427,1,person,0.8737,915.2,353.7,1784.1,1072.4,1349,713,none
2026-08-10T16:43:45.810037,428,1,person,0.8766,915.0,353.2,1784.9,1072.4,1349,712,none
2026-08-10T16:43:45.860162,429,1,person,0.8784,915.2,353.3,1785.2,1072.5,1350,712,none
2026-08-10T16:43:45.910893,430,1,person,0.8793,915.5,353.5,1785.4,1072.5,1350,712,none
2026-08-10T16:43:45.962427,431,1,person,0.8807,915.8,353.7,1785.5,1072.5,1350,713,none
2026-08-10T16:43:46.013090,432,1,person,0.8761,916.1,354.0,1785.4,1072.3,1350,713,none
2026-08-10T16:43:46.063053,433,1,person,0.8669,916.2,354.1,1785.3,1072.2,1350,713,none
2026-08-10T16:43:46.113159,434,1,person,0.8682,915.8,353.7,1785.5,1072.3,1350,712,none
2026-08-10T16:43:46.163469,435,1,person,0.8718,915.8,353.3,1785.7,1072.1,1350,712,none
2026-08-10T16:43:46.213915,436,1,person,0.871,915.9,353.1,1785.8,1071.9,1350,712,none
2026-08-10T16:43:46.264272,437,1,person,0.8718,915.8,352.9,1785.7,1071.8,1350,712,none
2026-08-10T16:43:46.321410,438,1,person,0.8751,915.7,352.7,1785.6,1071.7,1350,712,none
2026-08-10T16:43:46.371959,439,1,person,0.8725,915.7,352.5,1785.7,1071.7,1350,712,none
2026-08-10T16:43:46.422882,440,1,person,0.8753,915.8,352.4,1785.8,1071.7,1350,712,none
2026-08-10T16:43:46.472784,441,1,person,0.8692,915.8,352.2,1785.9,1071.8,1350,712,none
2026-08-10T16:43:46.522938,442,1,person,0.8655,915.7,352.2,1785.7,1071.9,1350,712,none
2026-08-10T16:43:46.574219,443,1,person,0.8715,915.9,352.3,1785.8,1071.9,1350,712,none
2026-08-10T16:43:46.624444,444,1,person,0.8628,915.9,352.2,1785.9,1071.9,1350,712,none
2026-08-10T16:43:46.674922,445,1,person,0.8702,915.9,352.3,1785.9,1071.8,1350,712,none
2026-08-10T16:43:46.725321,446,1,person,0.8748,915.8,352.3,1786.0,1072.0,1350,712,none
2026-08-10T16:43:46.775647,447,1,person,0.877,915.9,352.6,1786.0,1072.1,1350,712,none
2026-08-10T16:43:46.825898,448,1,person,0.8776,915.9,352.6,1786.0,1072.1,1350,712,none
2026-08-10T16:43:46.876287,449,1,person,0.8806,915.9,352.5,1786.2,1072.1,1351,712,none
2026-08-10T16:43:46.927699,450,1,person,0.8819,915.8,352.0,1786.7,1072.2,1351,712,none
2026-08-10T16:43:46.979071,451,1,person,0.8814,915.8,351.6,1787.0,1072.1,1351,711,none
2026-08-10T16:43:47.030167,452,1,person,0.8859,915.9,351.3,1787.2,1072.1,1351,711,none
2026-08-10T16:43:47.080890,453,1,person,0.8869,915.8,351.0,1787.4,1072.2,1351,711,none
2026-08-10T16:43:47.131849,454,1,person,0.8888,915.7,350.8,1787.4,1072.1,1351,711,none
2026-08-10T16:43:47.182407,455,1,person,0.8894,915.9,350.7,1787.3,1072.0,1351,711,none
2026-08-10T16:43:47.232317,456,1,person,0.8877,915.9,350.6,1787.2,1072.0,1351,711,none
2026-08-10T16:43:47.281986,457,1,person,0.8863,916.0,350.4,1787.1,1071.8,1351,711,none
2026-08-10T16:43:47.331626,458,1,person,0.8869,916.0,350.5,1787.0,1071.8,1351,711,none
2026-08-10T16:43:47.381065,459,1,person,0.8883,916.2,350.6,1786.9,1071.9,1351,711,none
2026-08-10T16:43:47.430543,460,1,person,0.8878,916.3,351.0,1786.6,1071.9,1351,711,none
2026-08-10T16:43:47.480439,461,1,person,0.8853,916.1,351.3,1786.1,1071.9,1351,711,none
2026-08-10T16:43:47.530121,462,1,person,0.8854,915.7,351.4,1786.0,1072.1,1350,711,none
2026-08-10T16:43:47.580951,463,1,person,0.8836,915.4,351.5,1785.8,1072.1,1350,711,none
2026-08-10T16:43:47.636208,464,1,person,0.8832,915.3,352.2,1785.0,1072.1,1350,712,none
2026-08-10T16:43:47.688851,465,1,person,0.8825,915.1,352.7,1784.6,1072.2,1349,712,none
2026-08-10T16:43:47.740595,466,1,person,0.8841,914.7,352.5,1784.8,1072.3,1349,712,none
2026-08-10T16:43:47.791895,467,1,person,0.8869,914.6,352.7,1784.8,1072.5,1349,712,none
2026-08-10T16:43:47.842518,468,1,person,0.8798,914.7,352.7,1785.1,1072.5,1349,712,none
2026-08-10T16:43:47.892272,469,1,person,0.8814,914.5,352.5,1785.4,1072.5,1349,712,none
2026-08-10T16:43:47.945730,470,1,person,0.8768,914.1,352.6,1785.1,1072.6,1349,712,none
2026-08-10T16:43:47.997238,471,1,person,0.879,913.7,352.5,1785.0,1072.6,1349,712,none
2026-08-10T16:43:48.048740,472,1,person,0.8707,913.6,352.6,1784.8,1072.6,1349,712,none
2026-08-10T16:43:52.523495,563,-1,person,0.7648,921.0,352.3,1407.1,586.2,1164,469,none
2026-08-10T16:43:57.227996,659,-1,person,0.5788,1108.8,228.3,1580.9,604.5,1344,416,none
2026-08-10T16:45:09.624625,1,1,person,0.9057,666.7,206.9,1179.0,715.0,922,460,none
2026-08-10T16:45:09.902535,2,1,person,0.907,666.9,207.3,1178.8,714.9,922,461,none
2026-08-10T16:45:09.954021,3,1,person,0.9066,666.9,207.3,1178.8,714.9,922,461,none
2026-08-10T16:45:10.006578,4,1,person,0.9027,667.0,207.3,1179.0,714.9,922,461,none
2026-08-10T16:45:10.056254,5,1,person,0.9039,667.1,207.5,1178.8,714.9,922,461,none
2026-08-10T16:45:10.104057,6,1,person,0.9025,667.7,208.7,1178.3,714.9,922,461,none
2026-08-10T16:45:10.152192,7,1,person,0.9028,668.2,209.8,1177.7,714.8,922,462,none
2026-08-10T16:45:10.199913,8,1,person,0.9045,668.5,210.8,1177.2,714.8,922,462,none
2026-08-10T16:45:10.256000,9,1,person,0.9027,668.5,210.8,1177.3,714.8,922,462,none
2026-08-10T16:45:10.302238,10,1,person,0.9026,668.2,210.6,1177.4,714.8,922,462,none
2026-08-10T16:45:10.348579,11,1,person,0.9029,668.0,210.5,1177.5,714.7,922,462,none
2026-08-10T16:45:10.393844,12,1,person,0.9028,668.0,210.7,1177.4,714.7,922,462,none
2026-08-10T16:45:10.438963,13,1,person,0.9025,667.7,210.6,1177.4,714.7,922,462,none
2026-08-10T16:45:10.484684,14,1,person,0.9038,667.4,210.5,1177.3,714.8,922,462,none
2026-08-10T16:45:10.530068,15,1,person,0.905,667.7,210.6,1177.4,714.8,922,462,none
2026-08-10T16:45:10.575422,16,1,person,0.9033,668.3,210.4,1178.0,714.7,923,462,none
2026-08-10T16:45:10.620787,17,1,person,0.901,669.0,210.0,1178.8,714.8,923,462,none
2026-08-10T16:45:10.665559,18,1,person,0.8993,670.3,209.8,1179.8,714.8,925,462,none
2026-08-10T16:45:10.710614,19,1,person,0.9012,671.8,209.5,1180.8,714.7,926,462,none
2026-08-10T16:45:10.755585,20,1,person,0.8868,673.5,209.2,1181.9,714.7,927,461,none
2026-08-10T16:45:10.800457,21,1,person,0.8759,675.1,208.7,1182.8,714.8,928,461,none
2026-08-10T16:45:10.845897,22,1,person,0.8542,676.5,208.6,1183.4,714.8,929,461,none
2026-08-10T16:45:10.891662,23,1,person,0.8504,678.0,208.7,1183.7,714.8,930,461,none
2026-08-10T16:45:10.937545,24,1,person,0.8538,679.2,208.7,1183.8,714.9,931,461,none
2026-08-10T16:45:10.982809,25,1,person,0.8617,680.6,208.9,1184.0,714.9,932,461,none
2026-08-10T16:45:11.027994,26,1,person,0.8733,682.4,209.7,1184.0,715.0,933,462,none
2026-08-10T16:45:11.072897,27,1,person,0.8928,684.1,210.2,1184.0,714.9,934,462,none
2026-08-10T16:45:11.117785,28,1,person,0.8948,685.2,210.1,1184.1,714.9,934,462,none
2026-08-10T16:45:11.162235,29,1,person,0.8859,685.6,209.7,1183.8,715.0,934,462,none
2026-08-10T16:45:11.206706,30,1,person,0.8877,685.8,209.4,1183.4,715.1,934,462,none
2026-08-10T16:45:11.251648,31,1,person,0.886,686.4,209.0,1183.2,715.1,934,462,none
2026-08-10T16:45:11.297884,32,1,person,0.8911,687.3,208.7,1183.3,715.0,935,461,none
2026-08-10T16:45:11.343413,33,1,person,0.8995,688.1,208.4,1183.3,715.0,935,461,none
2026-08-10T16:45:11.388554,34,1,person,0.9041,688.9,208.2,1183.3,715.0,936,461,none
2026-08-10T16:45:11.434162,35,1,person,0.9075,689.3,208.1,1183.0,715.0,936,461,none
2026-08-10T16:45:11.479811,36,1,person,0.9116,690.0,208.4,1182.5,715.0,936,461,none
2026-08-10T16:45:11.524687,37,1,person,0.9078,690.2,208.2,1182.0,715.0,936,461,none
2026-08-10T16:45:11.569642,38,1,person,0.9047,690.5,208.4,1181.5,714.9,936,461,none
2026-08-10T16:45:11.615679,39,1,person,0.904,690.8,208.4,1181.3,715.0,936,461,none
2026-08-10T16:45:11.661321,40,1,person,0.9022,690.9,208.2,1181.2,715.1,936,461,none
2026-08-10T16:45:11.706246,41,1,person,0.9014,691.2,208.2,1181.2,715.1,936,461,none
2026-08-10T16:45:11.752465,42,1,person,0.9015,691.6,208.3,1181.1,715.3,936,461,none
2026-08-10T16:45:11.797146,43,1,person,0.9006,691.9,208.4,1181.2,715.4,936,461,none
2026-08-10T16:45:11.845478,44,1,person,0.8978,692.4,208.8,1181.1,715.4,936,462,none
2026-08-10T16:45:11.890064,45,1,person,0.8977,693.0,210.0,1180.6,715.4,936,462,none
2026-08-10T16:45:11.934979,46,1,person,0.8973,693.6,211.2,1180.1,715.4,936,463,none
2026-08-10T16:45:11.980280,47,1,person,0.8986,694.1,211.3,1180.4,715.4,937,463,none
2026-08-10T16:45:12.025292,48,1,person,0.8982,694.4,211.5,1180.5,715.4,937,463,none
2026-08-10T16:45:12.070376,49,1,person,0.895,694.8,211.4,1180.9,715.4,937,463,none
2026-08-10T16:45:12.115596,50,1,person,0.8959,695.1,211.2,1181.0,715.4,938,463,none
2026-08-10T16:45:12.161087,51,1,person,0.8959,695.4,211.2,1181.3,715.4,938,463,none
2026-08-10T16:45:12.208691,52,1,person,0.898,695.6,211.3,1181.3,715.4,938,463,none
2026-08-10T16:45:12.253686,53,1,person,0.8979,695.8,211.3,1181.4,715.4,938,463,none
2026-08-10T16:45:12.297916,54,1,person,0.8988,695.8,211.1,1181.4,715.4,938,463,none
2026-08-10T16:45:12.342411,55,1,person,0.8993,695.6,210.8,1181.3,715.3,938,463,none
2026-08-10T16:45:12.386892,56,1,person,0.8995,695.6,210.8,1181.3,715.4,938,463,none
2026-08-10T16:45:12.431440,57,1,person,0.902,695.8,210.6,1181.4,715.3,938,462,none
2026-08-10T16:45:12.475214,58,1,person,0.9038,695.9,210.5,1181.3,715.3,938,462,none
2026-08-10T16:45:12.519862,59,1,person,0.9029,695.7,210.3,1181.0,715.3,938,462,none
2026-08-10T16:45:12.564711,60,1,person,0.9065,694.9,209.7,1180.5,715.3,937,462,none
2026-08-10T16:45:12.609311,61,1,person,0.9047,694.6,209.4,1180.0,715.2,937,462,none
2026-08-10T16:45:12.654065,62,1,person,0.9062,694.4,209.3,1179.7,715.2,937,462,none
2026-08-10T16:45:12.698532,63,1,person,0.9032,694.3,209.4,1179.4,715.3,936,462,none
2026-08-10T16:45:12.743341,64,1,person,0.9028,693.9,208.8,1179.6,715.3,936,462,none
2026-08-10T16:45:12.788042,65,1,person,0.9016,693.9,208.6,1179.7,715.3,936,461,none
2026-08-10T16:45:12.832799,66,1,person,0.904,694.1,208.9,1179.6,715.3,936,462,none
2026-08-10T16:45:12.877717,67,1,person,0.905,694.3,209.1,1179.6,715.3,936,462,none
2026-08-10T16:45:12.922252,68,1,person,0.907,694.6,209.2,1179.7,715.3,937,462,none
2026-08-10T16:45:12.966939,69,1,person,0.908,694.4,209.2,1179.6,715.3,937,462,none
2026-08-10T16:45:13.011545,70,1,person,0.9056,694.2,209.1,1179.5,715.2,936,462,none
2026-08-10T16:45:13.056011,71,1,person,0.9061,694.1,209.1,1179.3,715.1,936,462,none
2026-08-10T16:45:13.099884,72,1,person,0.9041,694.0,209.4,1178.9,715.2,936,462,none
2026-08-10T16:45:13.151041,73,1,person,0.9033,694.0,209.8,1178.6,715.2,936,462,none
2026-08-10T16:45:13.201632,74,1,person,0.9027,694.0,210.1,1178.4,715.1,936,462,none
2026-08-10T16:45:13.292844,75,1,person,0.9022,694.0,210.3,1178.3,715.1,936,462,none
2026-08-10T16:45:13.360962,76,1,person,0.8978,693.8,210.2,1178.2,715.0,936,462,none
2026-08-10T16:45:13.421748,77,1,person,0.8997,693.8,210.2,1178.2,715.0,935,462,none
2026-08-10T16:45:13.474319,78,1,person,0.8989,693.6,210.1,1178.2,715.0,935,462,none
2026-08-10T16:45:13.523497,79,1,person,0.8993,693.5,210.0,1178.2,714.9,935,462,none
2026-08-10T16:45:13.573230,80,1,person,0.9002,693.6,209.9,1178.3,714.9,935,462,none
2026-08-10T16:45:13.620822,81,1,person,0.9015,693.5,209.9,1178.2,714.9,935,462,none
2026-08-10T16:45:13.667632,82,1,person,0.9,693.4,209.8,1178.2,715.0,935,462,none
2026-08-10T16:45:13.713878,83,1,person,0.9008,693.4,209.8,1178.3,715.0,935,462,none
2026-08-10T16:45:13.759782,84,1,person,0.9024,693.5,209.8,1178.3,715.0,935,462,none
2026-08-10T16:45:13.805731,85,1,person,0.9025,693.7,209.8,1178.3,715.0,936,462,none
2026-08-10T16:45:13.851560,86,1,person,0.9021,693.9,210.2,1178.2,715.0,936,462,none
2026-08-10T16:45:13.908770,87,1,person,0.8998,694.0,210.4,1178.1,715.1,936,462,none
2026-08-10T16:45:13.954689,88,1,person,0.9015,694.1,210.7,1177.9,715.0,935,462,none
2026-08-10T16:45:14.000165,89,1,person,0.9025,694.1,210.9,1177.8,715.0,935,462,none
2026-08-10T16:45:14.045460,90,1,person,0.9058,694.1,211.1,1177.7,715.0,935,463,none
2026-08-10T16:45:14.090830,91,1,person,0.9066,694.2,211.2,1177.8,715.1,936,463,none
2026-08-10T16:45:14.136258,92,1,person,0.9063,694.2,210.9,1177.9,715.1,936,462,none
2026-08-10T16:45:14.181439,93,1,person,0.9079,694.1,210.7,1178.1,715.1,936,462,none
2026-08-10T16:45:14.226585,94,1,person,0.9093,694.1,210.6,1178.1,715.1,936,462,none
2026-08-10T16:45:14.271620,95,1,person,0.9085,694.2,210.7,1178.1,715.1,936,462,none
2026-08-10T16:45:14.316515,96,1,person,0.9081,694.3,210.8,1178.0,715.1,936,462,none
2026-08-10T16:45:14.361345,97,1,person,0.9055,694.2,210.5,1178.2,715.1,936,462,none
2026-08-10T16:45:14.405948,98,1,person,0.9053,694.2,210.5,1178.2,715.1,936,462,none
2026-08-10T16:45:14.450571,99,1,person,0.9053,694.4,210.7,1178.2,715.2,936,462,none
2026-08-10T16:45:14.495368,100,1,person,0.906,694.6,211.0,1178.1,715.2,936,463,none
2026-08-10T16:45:14.540280,101,1,person,0.9069,694.7,211.1,1178.1,715.2,936,463,none
2026-08-10T16:45:14.585235,102,1,person,0.9038,694.7,211.0,1178.2,715.1,936,463,none
2026-08-10T16:45:14.629967,103,1,person,0.9044,694.7,210.8,1178.3,715.2,936,463,none
2026-08-10T16:45:14.674644,104,1,person,0.9012,694.5,210.5,1178.4,715.2,936,462,none
2026-08-10T16:45:14.719260,105,1,person,0.9014,694.4,210.2,1178.6,715.2,936,462,none
2026-08-10T16:45:14.764415,106,1,person,0.9026,694.5,210.4,1178.5,715.3,936,462,none
2026-08-10T16:45:14.809274,107,1,person,0.9044,694.7,210.7,1178.4,715.3,936,463,none
2026-08-10T16:45:14.853771,108,1,person,0.9029,694.8,211.0,1178.3,715.3,936,463,none
2026-08-10T16:45:14.898400,109,1,person,0.9042,695.0,211.2,1178.3,715.2,936,463,none
2026-08-10T16:45:14.943148,110,1,person,0.904,695.1,211.2,1178.3,715.3,936,463,none
2026-08-10T16:45:14.988368,111,1,person,0.9046,695.0,211.2,1178.3,715.3,936,463,none
2026-08-10T16:45:15.036387,112,1,person,0.9059,695.1,211.4,1178.3,715.3,936,463,none
2026-08-10T16:45:15.081828,113,1,person,0.9056,695.1,211.3,1178.4,715.3,936,463,none
2026-08-10T16:45:15.126767,114,1,person,0.9047,695.1,211.3,1178.4,715.3,936,463,none
2026-08-10T16:45:15.171918,115,1,person,0.904,695.0,211.1,1178.5,715.3,936,463,none
2026-08-10T16:45:15.216965,116,1,person,0.9049,695.0,211.0,1178.6,715.3,936,463,none
2026-08-10T16:45:15.261781,117,1,person,0.9044,695.0,210.8,1178.6,715.3,936,463,none
2026-08-10T16:45:15.306479,118,1,person,0.9075,695.0,210.7,1178.8,715.3,936,463,none
2026-08-10T16:45:15.351172,119,1,person,0.9089,695.2,210.6,1178.9,715.3,937,462,none
2026-08-10T16:45:15.395620,120,1,person,0.9089,695.1,210.3,1179.0,715.3,937,462,none
2026-08-10T16:45:15.440405,121,1,person,0.9099,695.3,210.4,1179.1,715.3,937,462,none
2026-08-10T16:45:15.485009,122,1,person,0.9084,695.4,210.3,1179.2,715.4,937,462,none
2026-08-10T16:45:15.529668,123,1,person,0.9088,695.4,210.2,1179.2,715.4,937,462,none
2026-08-10T16:45:15.574406,124,1,person,0.9114,695.6,210.3,1179.1,715.4,937,462,none
2026-08-10T16:45:15.618852,125,1,person,0.9099,695.8,210.4,1179.1,715.4,937,462,none
2026-08-10T16:45:15.664061,126,1,person,0.9086,695.9,210.3,1179.1,715.4,937,462,none
2026-08-10T16:45:15.708976,127,1,person,0.9069,696.2,210.5,1179.2,715.4,937,462,none
2026-08-10T16:45:15.753853,128,1,person,0.907,696.3,210.5,1179.3,715.4,937,462,none
2026-08-10T16:45:15.798349,129,1,person,0.9065,696.4,210.2,1179.5,715.5,937,462,none
2026-08-10T16:45:15.842652,130,1,person,0.906,696.4,210.0,1179.6,715.5,938,462,none
2026-08-10T16:45:15.887337,131,1,person,0.902,696.5,209.8,1179.7,715.5,938,462,none
2026-08-10T16:45:15.931953,132,1,person,0.9028,696.4,209.3,1180.0,715.5,938,462,none
2026-08-10T16:45:15.976582,133,1,person,0.903,696.8,209.5,1180.1,715.5,938,462,none
2026-08-10T16:45:16.021047,134,1,person,0.9061,697.4,209.7,1180.4,715.5,938,462,none
2026-08-10T16:45:16.065769,135,1,person,0.9052,697.9,209.5,1180.8,715.6,939,462,none
2026-08-10T16:45:16.110523,136,1,person,0.9044,698.6,209.4,1181.3,715.6,939,462,none
2026-08-10T16:45:16.155158,137,1,person,0.891,699.4,208.7,1182.2,715.5,940,462,none
2026-08-10T16:45:16.200296,138,1,person,0.8944,699.4,207.2,1183.0,715.4,941,461,none
2026-08-10T16:45:16.245806,139,1,person,0.8923,699.6,206.3,1183.6,715.5,941,460,none
2026-08-10T16:45:16.290704,140,1,person,0.895,700.2,205.7,1184.3,715.7,942,460,none
2026-08-10T16:45:16.335528,141,1,person,0.8938,700.4,203.9,1185.4,715.9,942,459,none
2026-08-10T16:45:16.380740,142,1,person,0.8949,700.7,202.5,1186.2,715.9,943,459,none
2026-08-10T16:45:16.425729,143,1,person,0.9015,701.6,202.2,1186.6,715.9,944,459,none
2026-08-10T16:45:16.469869,144,1,person,0.8996,703.3,202.8,1186.9,715.7,945,459,none
2026-08-10T16:45:16.514764,145,1,person,0.8907,705.0,201.9,1188.4,715.4,946,458,none
2026-08-10T16:45:16.560239,146,1,person,0.8788,705.7,202.1,1188.2,715.3,946,458,none
2026-08-10T16:45:16.604986,147,1,person,0.858,706.6,201.7,1188.8,715.2,947,458,none
2026-08-10T16:45:16.649888,148,1,person,0.8204,706.8,201.5,1189.2,715.3,947,458,none
2026-08-10T16:45:16.694984,149,1,person,0.8193,709.1,200.7,1191.5,715.1,950,457,none
2026-08-10T16:45:16.739973,150,1,person,0.8554,710.4,199.9,1192.8,715.0,951,457,none
2026-08-10T16:45:16.785029,151,1,person,0.8577,712.0,199.5,1194.2,715.0,953,457,none
2026-08-10T16:45:16.830054,152,1,person,0.8758,713.4,199.4,1195.0,714.9,954,457,none
2026-08-10T16:45:16.875305,153,1,person,0.8633,714.6,199.2,1195.8,715.0,955,457,none
2026-08-10T16:45:16.920327,154,1,person,0.8211,716.0,198.9,1196.9,715.1,956,456,none
2026-08-10T16:45:16.965885,155,1,person,0.7547,717.1,199.2,1197.1,715.0,957,457,none
2026-08-10T16:45:17.011163,156,1,person,0.8077,717.9,199.2,1197.4,715.0,957,457,none
2026-08-10T16:45:17.056252,157,1,person,0.7856,718.7,199.4,1197.7,715.1,958,457,none
2026-08-10T16:45:17.101122,158,1,person,0.8025,719.4,199.8,1197.8,715.1,958,457,none
2026-08-10T16:45:17.146270,159,1,person,0.8234,720.0,199.6,1198.3,715.1,959,457,none
2026-08-10T16:45:17.191325,160,1,person,0.8208,720.3,199.5,1198.4,715.1,959,457,none
2026-08-10T16:45:17.235852,161,1,person,0.8415,720.3,199.3,1198.4,715.2,959,457,none
2026-08-10T16:45:17.280109,162,1,person,0.8653,720.5,199.5,1198.2,715.1,959,457,none
2026-08-10T16:45:17.324737,163,1,person,0.8783,720.9,199.6,1198.2,715.1,959,457,none
2026-08-10T16:45:17.369451,164,1,person,0.8823,721.0,199.7,1197.9,715.1,959,457,none
2026-08-10T16:45:17.414097,165,1,person,0.8859,721.1,199.7,1197.8,715.0,959,457,none
2026-08-10T16:45:17.458553,166,1,person,0.8823,721.4,199.7,1197.9,715.0,959,457,none
2026-08-10T16:45:17.503079,167,1,person,0.8772,721.5,199.6,1197.9,715.0,959,457,none
2026-08-10T16:45:17.547614,168,1,person,0.8706,721.4,199.6,1197.7,714.9,959,457,none
2026-08-10T16:45:17.591906,169,1,person,0.873,721.4,199.5,1197.7,714.8,959,457,none
2026-08-10T16:45:17.636322,170,1,person,0.8808,721.5,199.5,1197.7,714.8,959,457,none
2026-08-10T16:45:17.680917,171,1,person,0.8881,721.5,199.6,1197.6,714.8,959,457,none
2026-08-10T16:45:17.728314,172,1,person,0.8881,721.6,199.7,1197.5,714.8,959,457,none
2026-08-10T16:45:17.772819,173,1,person,0.8885,721.7,199.7,1197.5,714.8,959,457,none
2026-08-10T16:45:17.817315,174,1,person,0.892,721.5,199.7,1197.3,714.8,959,457,none
2026-08-10T16:45:17.862016,175,1,person,0.8901,721.3,199.7,1197.1,714.8,959,457,none
2026-08-10T16:45:17.906695,176,1,person,0.8879,721.3,199.6,1197.1,714.8,959,457,none
2026-08-10T16:45:17.951324,177,1,person,0.8896,721.3,199.5,1197.2,714.8,959,457,none
2026-08-10T16:45:17.995909,178,1,person,0.8887,721.3,199.4,1197.1,714.8,959,457,none
2026-08-10T16:45:18.040385,179,1,person,0.8893,721.4,199.3,1197.2,714.8,959,457,none
2026-08-10T16:45:18.085040,180,1,person,0.8862,721.5,199.4,1197.2,714.8,959,457,none
2026-08-10T16:45:18.129701,181,1,person,0.8852,721.5,199.3,1197.2,714.7,959,457,none
2026-08-10T16:45:18.174308,182,1,person,0.8848,721.6,199.3,1197.2,714.7,959,457,none
2026-08-10T16:45:18.218635,183,1,person,0.8824,721.7,199.3,1197.2,714.7,959,457,none
2026-08-10T16:45:18.263266,184,1,person,0.8821,721.6,199.3,1197.0,714.7,959,456,none
2026-08-10T16:45:18.307951,185,1,person,0.8779,721.7,199.3,1197.0,714.7,959,457,none
2026-08-10T16:45:18.352297,186,1,person,0.8745,721.6,199.3,1196.9,714.7,959,456,none
2026-08-10T16:45:18.396467,187,1,person,0.8705,721.6,199.3,1196.9,714.7,959,456,none
2026-08-10T16:45:18.441117,188,1,person,0.8779,721.7,199.2,1196.9,714.6,959,456,none
2026-08-10T16:45:18.485714,189,1,person,0.8758,721.6,199.2,1196.8,714.7,959,456,none
2026-08-10T16:45:18.530096,190,1,person,0.8728,721.8,199.2,1196.9,714.7,959,456,none
2026-08-10T16:45:18.575105,191,1,person,0.8705,722.0,199.2,1197.0,714.7,959,456,none
2026-08-10T16:45:18.619567,192,1,person,0.8719,722.1,199.3,1197.0,714.7,959,456,none
2026-08-10T16:45:18.664124,193,1,person,0.8741,722.0,199.1,1196.9,714.7,959,456,none
2026-08-10T16:45:18.708669,194,1,person,0.8737,722.0,199.1,1196.9,714.6,959,456,none
2026-08-10T16:45:18.752776,195,1,person,0.8702,722.3,199.2,1197.0,714.7,959,456,none
2026-08-10T16:45:18.797351,196,1,person,0.8705,722.2,199.1,1196.9,714.7,959,456,none
2026-08-10T16:45:18.842114,197,1,person,0.8701,722.2,199.2,1196.9,714.7,959,456,none
2026-08-10T16:45:18.887022,198,1,person,0.8732,722.3,199.2,1196.8,714.7,959,456,none
2026-08-10T16:45:18.931767,199,1,person,0.8766,722.3,199.3,1196.8,714.7,959,457,none
2026-08-10T16:45:18.976560,200,1,person,0.8712,722.3,199.4,1196.7,714.7,959,457,none
2026-08-10T16:45:19.021120,201,1,person,0.8686,722.3,199.6,1196.6,714.7,959,457,none
2026-08-10T16:45:19.066670,202,1,person,0.8714,722.2,199.6,1196.5,714.7,959,457,none
2026-08-10T16:45:19.113056,203,1,person,0.8753,722.1,199.6,1196.5,714.7,959,457,none
2026-08-10T16:45:19.160169,204,1,person,0.8788,722.3,199.6,1196.6,714.6,959,457,none
2026-08-10T16:45:19.207845,205,1,person,0.8882,722.1,199.6,1196.5,714.6,959,457,none
2026-08-10T16:45:19.256044,206,1,person,0.8831,722.0,199.6,1196.4,714.6,959,457,none
2026-08-10T16:45:19.302692,207,1,person,0.8885,722.0,199.7,1196.5,714.6,959,457,none
2026-08-10T16:45:19.349068,208,1,person,0.8905,722.1,199.7,1196.5,714.6,959,457,none
2026-08-10T16:45:19.395476,209,1,person,0.8899,722.0,199.7,1196.5,714.6,959,457,none
2026-08-10T16:45:19.441645,210,1,person,0.8853,722.1,199.8,1196.5,714.6,959,457,none
2026-08-10T16:45:19.487651,211,1,person,0.8859,722.1,199.9,1196.5,714.6,959,457,none
2026-08-10T16:45:19.536570,212,1,person,0.8806,722.0,200.0,1196.5,714.6,959,457,none
2026-08-10T16:45:19.584010,213,1,person,0.8718,722.0,200.0,1196.4,714.6,959,457,none
2026-08-10T16:45:19.630696,214,1,person,0.8727,722.0,199.9,1196.4,714.6,959,457,none
2026-08-10T16:45:19.676447,215,1,person,0.8743,721.9,200.0,1196.3,714.6,959,457,none
2026-08-10T16:45:19.721214,216,1,person,0.8631,721.9,200.2,1196.2,714.6,959,457,none
2026-08-10T16:45:19.765713,217,1,person,0.8665,721.9,200.4,1196.1,714.6,958,457,none
2026-08-10T16:45:19.810800,218,1,person,0.8726,722.0,200.6,1196.1,714.6,959,457,none
2026-08-10T16:45:19.855424,219,1,person,0.8669,722.0,200.6,1196.1,714.5,959,457,none
2026-08-10T16:45:19.900574,220,1,person,0.855,722.0,200.7,1196.1,714.5,959,457,none
2026-08-10T16:45:19.945263,221,1,person,0.8569,722.1,200.7,1196.2,714.5,959,457,none
2026-08-10T16:45:19.990109,222,1,person,0.8589,722.0,200.8,1196.2,714.5,959,457,none
2026-08-10T16:45:20.034720,223,1,person,0.8531,721.6,200.8,1195.9,714.5,958,457,none
2026-08-10T16:45:20.078925,224,1,person,0.8631,721.4,200.9,1195.8,714.5,958,457,none
2026-08-10T16:45:20.123556,225,1,person,0.8649,721.2,200.9,1195.7,714.5,958,457,none
2026-08-10T16:45:20.168032,226,1,person,0.8593,721.1,201.0,1195.7,714.6,958,457,none
2026-08-10T16:45:20.212816,227,1,person,0.8563,721.0,200.9,1195.8,714.6,958,457,none
2026-08-10T16:45:20.258720,228,1,person,0.8568,721.1,200.7,1196.1,714.7,958,457,none
2026-08-10T16:45:20.303199,229,1,person,0.8598,721.4,200.4,1196.5,714.7,958,457,none
2026-08-10T16:45:20.347213,230,1,person,0.8474,721.8,200.1,1197.0,714.7,959,457,none
2026-08-10T16:45:20.391652,231,1,person,0.8384,722.0,200.2,1196.9,714.7,959,457,none
2026-08-10T16:45:20.438708,232,1,person,0.8087,722.5,200.1,1197.2,714.7,959,457,none
2026-08-10T16:45:20.483693,233,1,person,0.7672,722.9,199.8,1197.7,714.8,960,457,none
2026-08-10T16:45:20.528543,234,1,person,0.7113,723.2,199.1,1198.3,714.7,960,456,none
2026-08-10T16:45:20.573487,235,1,person,0.6898,725.0,198.5,1200.5,714.9,962,456,none
2026-08-10T16:45:20.618364,236,1,person,0.6974,724.0,198.3,1199.4,714.7,961,456,none
2026-08-10T16:45:20.663703,237,1,person,0.6869,722.6,198.1,1198.3,714.7,960,456,none
2026-08-10T16:45:20.708919,238,1,person,0.7174,723.5,197.8,1199.1,714.6,961,456,none
2026-08-10T16:45:20.754379,239,1,person,0.7849,725.4,198.0,1200.1,714.6,962,456,none
2026-08-10T16:45:20.799055,240,1,person,0.8284,726.5,198.2,1200.3,714.7,963,456,none
2026-08-10T16:45:20.843816,241,1,person,0.7914,727.5,198.2,1200.7,714.8,964,456,none
2026-08-10T16:45:20.888100,242,1,person,0.874,729.3,198.5,1201.3,714.7,965,456,none
2026-08-10T16:45:20.932521,243,1,person,0.8814,731.1,198.4,1202.1,714.6,966,456,none
2026-08-10T16:45:20.977337,244,1,person,0.8807,732.4,198.4,1202.3,714.5,967,456,none
2026-08-10T16:45:21.021866,245,1,person,0.8827,733.6,198.7,1202.2,714.4,967,456,none
2026-08-10T16:45:21.066547,246,1,person,0.891,734.4,198.8,1201.9,714.4,968,456,none
2026-08-10T16:45:21.111843,247,1,person,0.8861,734.6,198.8,1201.2,714.4,967,456,none
2026-08-10T16:45:21.157595,248,1,person,0.8914,734.4,199.0,1200.2,714.3,967,456,none
2026-08-10T16:45:21.203203,249,1,person,0.8919,733.9,199.0,1199.2,714.3,966,456,none
2026-08-10T16:45:21.248683,250,1,person,0.8888,733.5,198.9,1198.5,714.3,965,456,none
2026-08-10T16:45:21.294239,251,1,person,0.8882,733.1,198.6,1197.9,714.2,965,456,none
2026-08-10T16:45:21.339524,252,1,person,0.8873,733.2,198.6,1197.7,714.2,965,456,none
2026-08-10T16:45:21.384978,253,1,person,0.881,733.1,198.9,1197.1,714.2,965,456,none
2026-08-10T16:45:21.430497,254,1,person,0.8791,733.1,199.2,1196.8,714.2,964,456,none
2026-08-10T16:45:21.475679,255,1,person,0.8814,733.2,199.4,1196.6,714.1,964,456,none
2026-08-10T16:45:21.520503,256,1,person,0.8798,733.2,199.4,1196.6,714.2,964,456,none
2026-08-10T16:45:21.565531,257,1,person,0.8807,733.3,199.5,1196.6,714.2,964,456,none
2026-08-10T16:45:21.612108,258,1,person,0.8844,733.7,199.5,1196.9,714.2,965,456,none
2026-08-10T16:45:21.657741,259,1,person,0.8838,734.2,199.6,1197.2,714.2,965,456,none
2026-08-10T16:45:21.702910,260,1,person,0.8852,734.5,199.6,1197.4,714.2,965,456,none
2026-08-10T16:45:21.748369,261,1,person,0.8887,734.6,199.5,1197.5,714.2,966,456,none
2026-08-10T16:45:21.794024,262,1,person,0.8896,734.6,199.4,1197.4,714.2,966,456,none
2026-08-10T16:45:21.839220,263,1,person,0.8861,734.5,199.3,1197.4,714.3,965,456,none
2026-08-10T16:45:21.884318,264,1,person,0.8875,734.6,199.3,1197.4,714.3,966,456,none
2026-08-10T16:45:21.929378,265,1,person,0.8908,734.9,199.4,1197.4,714.3,966,456,none
2026-08-10T16:45:21.974238,266,1,person,0.8873,735.2,199.3,1197.6,714.3,966,456,none
2026-08-10T16:45:22.019526,267,1,person,0.8806,735.4,199.2,1197.7,714.2,966,456,none
2026-08-10T16:45:22.064422,268,1,person,0.8867,735.6,199.1,1198.0,714.3,966,456,none
2026-08-10T16:45:22.109154,269,1,person,0.881,735.8,199.0,1198.2,714.3,967,456,none
2026-08-10T16:45:22.153977,270,1,person,0.8855,735.9,198.7,1198.5,714.3,967,456,none
2026-08-10T16:45:22.198821,271,1,person,0.8864,736.1,198.7,1198.5,714.4,967,456,none
2026-08-10T16:45:22.243270,272,1,person,0.8784,736.5,198.6,1198.8,714.4,967,456,none
2026-08-10T16:45:22.287797,273,1,person,0.8686,736.9,198.6,1198.8,714.4,967,456,none
2026-08-10T16:45:22.332027,274,1,person,0.8635,737.4,198.4,1198.9,714.3,968,456,none
2026-08-10T16:45:22.376364,275,1,person,0.8768,737.9,197.6,1199.5,714.2,968,455,none
2026-08-10T16:45:22.420538,276,1,person,0.8695,738.6,197.6,1199.9,714.1,969,455,none
2026-08-10T16:45:22.464648,277,1,person,0.8855,739.4,198.1,1200.0,714.2,969,456,none
2026-08-10T16:45:22.508959,278,1,person,0.8992,740.3,198.4,1200.4,714.3,970,456,none
2026-08-10T16:45:22.554138,279,1,person,0.902,741.2,198.7,1200.9,714.3,971,456,none
2026-08-10T16:45:22.600924,280,1,person,0.9046,741.9,198.7,1201.8,714.4,971,456,none
2026-08-10T16:45:22.647756,281,1,person,0.9054,743.0,198.8,1203.1,714.5,973,456,none
2026-08-10T16:45:22.694016,282,1,person,0.9061,744.3,199.1,1204.8,714.6,974,456,none
2026-08-10T16:45:22.739920,283,1,person,0.9044,745.7,199.3,1206.9,714.8,976,457,none
2026-08-10T16:45:22.785269,284,1,person,0.9002,746.9,199.7,1208.7,715.0,977,457,none
2026-08-10T16:45:22.830047,285,1,person,0.9015,747.8,199.9,1210.5,715.0,979,457,none
2026-08-10T16:45:22.874795,286,1,person,0.9025,748.2,199.5,1212.2,715.0,980,457,none
2026-08-10T16:45:22.919179,287,1,person,0.9051,747.8,198.1,1214.0,714.9,980,456,none
2026-08-10T16:45:22.963944,288,1,person,0.906,747.7,197.6,1215.3,714.8,981,456,none
2026-08-10T16:45:23.008386,289,1,person,0.9044,748.4,198.6,1216.1,714.8,982,456,none
2026-08-10T16:45:23.053214,290,1,person,0.9097,748.6,198.1,1217.7,714.8,983,456,none
2026-08-10T16:45:23.098236,291,1,person,0.9113,749.5,199.2,1218.7,714.8,984,456,none
2026-08-10T16:45:23.145756,292,1,person,0.911,749.9,199.5,1219.8,714.8,984,457,none
2026-08-10T16:45:23.190660,293,1,person,0.9128,749.8,199.4,1220.9,714.9,985,457,none
2026-08-10T16:45:23.235259,294,1,person,0.9125,749.6,199.4,1221.6,715.1,985,457,none
2026-08-10T16:45:23.279872,295,1,person,0.9086,749.4,199.5,1222.2,715.1,985,457,none
2026-08-10T16:45:23.324394,296,1,person,0.9074,749.3,199.4,1222.8,715.0,986,457,none
2026-08-10T16:45:23.369167,297,1,person,0.9038,748.5,199.5,1222.9,715.1,985,457,none
2026-08-10T16:45:23.413724,298,1,person,0.8993,748.2,199.3,1223.4,715.0,985,457,none
2026-08-10T16:45:23.458365,299,1,person,0.8994,747.5,199.3,1223.5,715.1,985,457,none
2026-08-10T16:45:23.502504,300,1,person,0.9019,746.6,199.2,1223.1,715.0,984,457,none
2026-08-10T16:45:23.546808,301,1,person,0.9003,746.5,199.1,1223.1,714.9,984,456,none
2026-08-10T16:45:23.591226,302,1,person,0.9009,746.0,199.3,1222.6,714.9,984,457,none
2026-08-10T16:45:23.635117,303,1,person,0.904,745.7,199.4,1222.2,714.9,983,457,none
2026-08-10T16:45:23.679802,304,1,person,0.8963,744.8,199.5,1221.2,714.9,983,457,none
2026-08-10T16:45:23.724383,305,1,person,0.9004,744.3,199.4,1220.5,714.9,982,457,none
2026-08-10T16:45:23.769087,306,1,person,0.9037,744.1,198.8,1220.1,714.8,982,456,none
2026-08-10T16:45:23.813463,307,1,person,0.8897,743.5,199.0,1219.1,714.7,981,456,none
2026-08-10T16:45:23.858106,308,1,person,0.8675,743.6,198.9,1218.6,714.6,981,456,none
2026-08-10T16:45:23.902978,309,1,person,0.7518,743.3,197.3,1219.3,714.8,981,456,none
2026-08-10T16:45:23.947979,310,1,person,0.7801,742.5,197.7,1217.6,714.7,980,456,none
2026-08-10T16:45:23.993019,311,1,person,0.73,741.1,197.1,1216.4,715.0,978,456,none
2026-08-10T16:45:24.038425,312,1,person,0.7534,740.9,196.8,1216.0,715.2,978,456,none
2026-08-10T16:45:24.083751,313,1,person,0.6405,740.5,196.9,1215.0,715.2,977,456,none
2026-08-10T16:45:24.129066,314,1,person,0.5585,741.3,196.9,1214.9,715.1,978,456,none
2026-08-10T16:45:24.130065,314,12,person,0.5841,476.8,193.9,1218.2,715.3,847,454,none
2026-08-10T16:45:24.174733,315,1,person,0.5455,741.6,197.1,1214.4,715.2,978,456,none
2026-08-10T16:45:24.175660,315,12,person,0.5859,477.2,193.3,1219.2,715.2,848,454,none
2026-08-10T16:45:24.220304,316,1,person,0.7087,742.2,197.5,1214.0,715.1,978,456,none
2026-08-10T16:45:24.221251,316,12,person,0.4883,480.0,195.2,1219.3,715.3,849,455,none
2026-08-10T16:45:24.265886,317,1,person,0.8331,742.7,197.5,1213.9,715.1,978,456,none
2026-08-10T16:45:24.310689,318,1,person,0.8281,742.8,197.9,1213.3,715.0,978,456,none
2026-08-10T16:45:24.355907,319,1,person,0.8716,743.3,198.9,1212.5,714.9,977,456,none
2026-08-10T16:45:24.400985,320,1,person,0.8577,743.2,199.2,1211.9,714.9,977,457,none
2026-08-10T16:45:24.445393,321,1,person,0.8672,743.2,199.6,1211.2,714.9,977,457,none
2026-08-10T16:45:24.490317,322,1,person,0.8704,743.0,199.8,1210.6,714.9,976,457,none
2026-08-10T16:45:24.536182,323,1,person,0.861,742.8,199.8,1210.1,714.9,976,457,none
2026-08-10T16:45:24.580773,324,1,person,0.8127,742.9,199.8,1210.0,714.8,976,457,none
2026-08-10T16:45:24.625421,325,1,person,0.8293,743.0,199.7,1209.9,714.8,976,457,none
2026-08-10T16:45:24.670543,326,1,person,0.8527,743.7,199.2,1210.6,714.9,977,457,none
2026-08-10T16:45:24.715288,327,1,person,0.7877,743.6,199.1,1210.4,715.0,976,457,none
2026-08-10T16:45:24.760441,328,1,person,0.6894,743.5,198.8,1210.2,715.1,976,456,none
2026-08-10T16:45:24.805541,329,1,person,0.6899,743.9,198.7,1210.3,715.1,977,456,none
2026-08-10T16:45:24.850415,330,1,person,0.6497,744.1,198.7,1210.2,715.1,977,456,none
2026-08-10T16:45:24.851454,330,12,person,0.4308,476.2,196.5,1213.1,715.1,844,455,none
2026-08-10T16:45:24.895965,331,1,person,0.5337,744.3,198.7,1210.1,715.1,977,456,none
2026-08-10T16:45:24.896929,331,12,person,0.5339,474.1,198.6,1209.2,715.0,841,456,none
2026-08-10T16:45:24.941597,332,1,person,0.6373,744.3,198.7,1209.9,715.2,977,456,none
2026-08-10T16:45:24.942564,332,12,person,0.4444,472.4,197.1,1210.4,715.1,841,456,none
2026-08-10T16:45:24.987341,333,1,person,0.533,744.5,198.7,1209.8,715.2,977,456,none
2026-08-10T16:45:24.988313,333,12,person,0.5369,470.6,198.7,1207.8,715.1,839,456,none
2026-08-10T16:45:25.032846,334,12,person,0.7123,469.2,198.0,1208.6,715.3,838,456,none
2026-08-10T16:45:25.077641,335,12,person,0.7655,467.3,197.8,1208.5,715.6,837,456,none
2026-08-10T16:45:25.122841,336,12,person,0.7509,464.5,197.8,1207.2,715.6,835,456,none
2026-08-10T16:45:25.184458,337,12,person,0.5595,461.7,199.1,1204.3,715.5,833,457,none
2026-08-10T16:45:25.185434,337,1,person,0.4552,742.9,198.8,1208.2,715.2,975,457,none
2026-08-10T16:45:25.231657,338,12,person,0.4292,463.3,197.1,1209.0,715.5,836,456,none
2026-08-10T16:45:25.232797,338,1,person,0.6392,742.7,198.8,1208.0,715.2,975,457,none
2026-08-10T16:45:25.279015,339,12,person,0.4345,463.6,196.3,1210.5,715.5,837,455,none
2026-08-10T16:45:25.280204,339,1,person,0.6399,742.4,198.8,1207.8,715.3,975,457,none
2026-08-10T16:45:25.325027,340,12,person,0.4016,458.9,197.1,1206.3,715.5,832,456,none
2026-08-10T16:45:25.326041,340,1,person,0.6691,742.0,198.8,1207.6,715.3,974,457,none
2026-08-10T16:45:25.370562,341,1,person,0.6969,741.5,199.0,1207.0,715.1,974,457,none
2026-08-10T16:45:25.415540,342,1,person,0.7908,741.3,198.9,1206.9,715.1,974,456,none
2026-08-10T16:45:25.460558,343,1,person,0.7817,740.8,199.0,1206.4,715.0,973,457,none
2026-08-10T16:45:25.505364,344,1,person,0.7842,740.5,199.0,1206.2,715.0,973,457,none
2026-08-10T16:45:25.550440,345,1,person,0.7959,740.5,199.3,1206.0,715.0,973,457,none
2026-08-10T16:45:25.595174,346,1,person,0.8246,740.5,199.5,1205.9,715.0,973,457,none
2026-08-10T16:45:25.639565,347,1,person,0.7862,740.1,199.2,1205.9,714.9,973,457,none
2026-08-10T16:45:25.684420,348,1,person,0.8009,740.3,199.3,1206.0,714.9,973,457,none
2026-08-10T16:45:25.728166,349,1,person,0.7551,740.2,199.5,1206.0,714.9,973,457,none
2026-08-10T16:45:25.771890,350,1,person,0.703,740.0,199.4,1206.0,714.9,973,457,none
2026-08-10T16:45:25.816624,351,1,person,0.6705,739.8,199.3,1205.9,715.0,972,457,none
2026-08-10T16:45:25.864105,352,1,person,0.6644,741.1,200.9,1205.9,715.0,973,457,none
2026-08-10T16:45:25.908406,353,1,person,0.7057,741.3,200.8,1206.1,715.0,973,457,none
2026-08-10T16:45:25.952793,354,1,person,0.716,741.3,201.0,1206.0,715.0,973,458,none
2026-08-10T16:45:25.997723,355,1,person,0.7658,741.5,201.3,1206.0,715.0,973,458,none
2026-08-10T16:45:26.043652,356,1,person,0.7861,741.6,201.7,1205.9,715.0,973,458,none
2026-08-10T16:45:26.088468,357,1,person,0.8009,740.5,200.2,1206.1,714.8,973,457,none
2026-08-10T16:45:26.132905,358,1,person,0.8178,740.0,199.6,1206.3,714.7,973,457,none
2026-08-10T16:45:26.177687,359,1,person,0.8209,739.8,199.3,1206.4,714.7,973,457,none
2026-08-10T16:45:26.222311,360,1,person,0.8105,739.5,199.2,1206.4,714.7,972,456,none
2026-08-10T16:45:26.268470,361,1,person,0.813,739.0,199.1,1206.1,714.7,972,456,none
2026-08-10T16:45:26.313824,362,1,person,0.827,738.8,199.0,1206.0,714.7,972,456,none
2026-08-10T16:45:26.358633,363,1,person,0.8377,738.8,199.1,1206.0,714.7,972,456,none
2026-08-10T16:45:26.403712,364,1,person,0.8313,738.7,199.0,1206.0,714.6,972,456,none
2026-08-10T16:45:26.448616,365,1,person,0.846,738.6,198.9,1206.1,714.6,972,456,none
2026-08-10T16:45:26.493535,366,1,person,0.8563,738.5,198.7,1206.2,714.6,972,456,none
2026-08-10T16:45:26.538230,367,1,person,0.8492,738.4,198.7,1206.2,714.7,972,456,none
2026-08-10T16:45:26.582846,368,1,person,0.8506,738.2,198.8,1206.1,714.7,972,456,none
2026-08-10T16:45:26.627202,369,1,person,0.8101,739.2,200.8,1205.4,714.6,972,457,none
2026-08-10T16:45:26.672173,370,1,person,0.8258,738.4,199.6,1205.7,714.6,972,457,none
2026-08-10T16:45:26.717234,371,1,person,0.8229,738.0,199.1,1205.8,714.6,971,456,none
2026-08-10T16:45:26.762423,372,1,person,0.8389,737.8,198.9,1205.8,714.6,971,456,none
2026-08-10T16:45:26.807438,373,1,person,0.8443,737.7,198.9,1205.7,714.6,971,456,none
2026-08-10T16:45:26.851918,374,1,person,0.8317,737.4,198.9,1205.6,714.6,971,456,none
2026-08-10T16:45:26.896575,375,1,person,0.8366,737.2,198.8,1205.6,714.7,971,456,none
2026-08-10T16:45:26.941266,376,1,person,0.8385,737.0,198.5,1205.7,714.7,971,456,none
2026-08-10T16:45:26.985770,377,1,person,0.833,736.7,198.2,1205.8,714.7,971,456,none
2026-08-10T16:45:27.030175,378,1,person,0.8431,736.5,198.2,1205.6,714.8,971,456,none
2026-08-10T16:45:27.075216,379,1,person,0.8342,737.3,198.9,1205.6,714.5,971,456,none
2026-08-10T16:45:27.120292,380,1,person,0.8093,736.6,198.7,1205.3,714.7,970,456,none
2026-08-10T16:45:27.165178,381,1,person,0.8066,736.3,198.7,1205.3,714.8,970,456,none
2026-08-10T16:45:27.210122,382,1,person,0.7699,736.0,198.6,1205.2,714.8,970,456,none
2026-08-10T16:45:27.254836,383,1,person,0.7612,735.9,198.7,1205.2,714.8,970,456,none
2026-08-10T16:45:27.299336,384,1,person,0.7671,735.8,198.8,1205.1,714.8,970,456,none
2026-08-10T16:45:27.343933,385,1,person,0.8144,735.7,198.6,1205.1,714.8,970,456,none
2026-08-10T16:45:27.388591,386,1,person,0.743,737.0,201.2,1204.3,714.8,970,457,none
2026-08-10T16:45:27.433394,387,1,person,0.7453,735.9,199.7,1204.8,714.8,970,457,none
2026-08-10T16:45:27.478170,388,1,person,0.7629,735.6,199.0,1205.1,714.7,970,456,none
2026-08-10T16:45:27.522678,389,1,person,0.8098,736.4,199.1,1205.5,714.5,970,456,none
2026-08-10T16:45:27.567247,390,1,person,0.7957,735.7,198.6,1205.5,714.7,970,456,none
2026-08-10T16:45:27.611888,391,1,person,0.7992,735.4,198.2,1205.5,714.8,970,456,none
2026-08-10T16:45:27.656574,392,1,person,0.8351,736.2,198.7,1205.8,714.5,970,456,none
2026-08-10T16:45:27.701205,393,1,person,0.825,735.7,198.2,1205.8,714.7,970,456,none
2026-08-10T16:45:27.745915,394,1,person,0.8117,736.3,198.6,1205.7,714.5,971,456,none
2026-08-10T16:45:27.790538,395,1,person,0.8146,736.6,198.9,1205.7,714.4,971,456,none
2026-08-10T16:45:27.836201,396,1,person,0.843,735.9,198.4,1205.6,714.6,970,456,none
2026-08-10T16:45:27.884098,397,1,person,0.8156,735.5,198.3,1205.4,714.8,970,456,none
2026-08-10T16:45:27.930102,398,1,person,0.8315,735.4,198.4,1205.2,714.8,970,456,none
2026-08-10T16:45:27.975468,399,1,person,0.8454,735.3,198.4,1205.2,714.9,970,456,none
2026-08-10T16:45:28.020780,400,1,person,0.8412,735.1,198.3,1204.9,714.9,969,456,none
2026-08-10T16:45:28.065695,401,1,person,0.8313,735.7,198.9,1204.7,714.5,970,456,none
2026-08-10T16:45:28.110949,402,1,person,0.8153,735.9,199.1,1204.6,714.4,970,456,none
2026-08-10T16:45:28.156181,403,1,person,0.8082,735.2,198.7,1204.4,714.6,969,456,none
2026-08-10T16:45:28.201330,404,1,person,0.7853,734.9,198.5,1204.3,714.7,969,456,none
2026-08-10T16:45:28.246415,405,1,person,0.7868,734.7,198.6,1204.0,714.8,969,456,none
2026-08-10T16:45:28.291400,406,1,person,0.7781,735.4,199.0,1203.9,714.5,969,456,none
2026-08-10T16:45:28.336294,407,1,person,0.7455,735.4,199.1,1203.7,714.3,969,456,none
2026-08-10T16:45:28.380694,408,1,person,0.7261,734.7,199.2,1203.2,714.6,968,456,none
2026-08-10T16:45:28.425190,409,1,person,0.7074,733.8,198.8,1202.8,714.6,968,456,none
2026-08-10T16:45:28.470168,410,1,person,0.7113,733.5,198.7,1202.6,714.6,968,456,none
2026-08-10T16:45:28.514892,411,1,person,0.7348,733.1,198.1,1202.8,714.7,967,456,none
2026-08-10T16:45:28.562364,412,1,person,0.7551,733.0,197.9,1202.9,714.7,967,456,none
2026-08-10T16:45:28.606668,413,1,person,0.7901,733.1,197.8,1203.1,714.8,968,456,none
2026-08-10T16:45:28.651257,414,1,person,0.7838,733.2,197.9,1203.0,714.9,968,456,none
2026-08-10T16:45:28.696222,415,1,person,0.7516,733.2,198.1,1202.8,714.9,968,456,none
2026-08-10T16:45:28.740405,416,1,person,0.7051,733.1,198.1,1202.7,714.9,967,456,none
2026-08-10T16:45:28.785039,417,1,person,0.6764,733.1,198.0,1202.7,714.8,967,456,none
2026-08-10T16:45:28.829669,418,1,person,0.6457,733.1,198.0,1202.6,714.8,967,456,none
2026-08-10T16:45:28.874434,419,1,person,0.5622,733.1,198.1,1202.4,714.7,967,456,none
2026-08-10T16:45:28.918925,420,1,person,0.4842,733.9,198.2,1203.0,714.9,968,456,none
2026-08-10T16:45:28.963579,421,1,person,0.4505,734.2,198.5,1202.9,715.0,968,456,none
2026-08-10T16:45:28.964560,421,15,person,0.5358,447.3,199.5,1197.6,715.1,822,457,none
2026-08-10T16:45:29.009255,422,1,person,0.4028,734.4,198.7,1203.0,715.0,968,456,none
2026-08-10T16:45:29.010350,422,15,person,0.5983,441.5,197.3,1196.3,715.8,818,456,none
2026-08-10T16:45:29.054659,423,15,person,0.6669,439.2,196.3,1196.3,716.1,817,456,none
2026-08-10T16:45:29.099431,424,15,person,0.6004,439.5,196.6,1196.6,716.1,818,456,none
2026-08-10T16:45:29.144081,425,15,person,0.6743,439.1,196.6,1196.9,716.2,818,456,none
2026-08-10T16:45:29.188812,426,15,person,0.4871,451.5,198.7,1204.6,715.5,828,457,none
2026-08-10T16:45:29.189756,426,1,person,0.4984,734.8,198.8,1203.2,715.1,968,456,none
2026-08-10T16:45:29.233648,427,1,person,0.5315,735.2,198.9,1203.5,715.1,969,456,none
2026-08-10T16:45:29.277712,428,1,person,0.6611,736.7,200.0,1203.6,714.9,970,457,none
2026-08-10T16:45:29.321906,429,1,person,0.5645,737.9,201.0,1203.7,714.7,970,457,none
2026-08-10T16:45:29.366473,430,1,person,0.6042,738.4,201.3,1203.8,714.6,971,457,none
2026-08-10T16:45:29.411517,431,1,person,0.7587,737.7,199.5,1204.7,714.6,971,457,none
2026-08-10T16:45:29.456131,432,1,person,0.7407,738.6,200.4,1204.7,714.5,971,457,none
2026-08-10T16:45:29.500859,433,1,person,0.4965,739.2,201.4,1204.4,714.6,971,457,none
2026-08-10T16:45:29.501844,433,15,person,0.6366,450.5,199.7,1204.4,716.3,827,458,none
2026-08-10T16:45:29.546310,434,1,person,0.5089,739.4,201.8,1204.4,714.6,971,458,none
2026-08-10T16:45:29.547284,434,15,person,0.6484,449.8,199.7,1205.3,716.5,827,458,none
2026-08-10T16:45:29.591690,435,15,person,0.7598,445.2,195.0,1207.6,716.6,826,455,none
2026-08-10T16:45:29.635365,436,15,person,0.5934,447.3,198.2,1207.0,717.1,827,457,none
2026-08-10T16:45:29.636261,436,1,person,0.5636,739.4,201.9,1204.7,714.9,972,458,none
2026-08-10T16:45:29.680667,437,1,person,0.8261,738.3,199.5,1205.6,714.9,971,457,none
2026-08-10T16:45:29.725566,438,1,person,0.8025,738.9,200.4,1205.5,715.0,972,457,none
2026-08-10T16:45:29.770589,439,1,person,0.8111,738.1,199.0,1205.8,715.0,971,456,none
2026-08-10T16:45:29.815718,440,1,person,0.8301,738.1,198.4,1206.1,714.9,972,456,none
2026-08-10T16:45:29.861008,441,1,person,0.8545,738.2,198.2,1206.2,714.9,972,456,none
2026-08-10T16:45:29.906014,442,1,person,0.8503,738.1,198.1,1206.1,714.9,972,456,none
2026-08-10T16:45:29.951018,443,1,person,0.8431,738.1,198.2,1205.7,714.9,971,456,none
2026-08-10T16:45:29.996158,444,1,person,0.8329,737.9,198.2,1205.4,714.9,971,456,none
2026-08-10T16:45:30.040736,445,1,person,0.8259,737.9,198.6,1204.9,714.8,971,456,none
2026-08-10T16:45:30.085855,446,1,person,0.8547,738.6,199.2,1204.6,714.5,971,456,none
2026-08-10T16:45:30.130946,447,1,person,0.7553,738.9,200.6,1203.7,714.6,971,457,none
2026-08-10T16:45:30.176672,448,1,person,0.778,738.7,201.0,1203.2,714.7,970,457,none
2026-08-10T16:45:30.221956,449,1,person,0.7434,738.4,201.3,1202.7,714.7,970,457,none
2026-08-10T16:45:30.266869,450,1,person,0.7693,738.3,201.5,1202.5,714.7,970,458,none
2026-08-10T16:45:30.312210,451,1,person,0.7187,738.1,201.6,1202.2,714.7,970,458,none
2026-08-10T16:45:30.357591,452,1,person,0.7725,738.1,201.7,1202.2,714.7,970,458,none
2026-08-10T16:45:30.402675,453,1,person,0.8049,736.9,199.8,1202.5,714.7,969,457,none
2026-08-10T16:45:30.447338,454,1,person,0.8064,736.3,199.4,1202.2,714.7,969,457,none
2026-08-10T16:45:30.492087,455,1,person,0.8738,736.7,199.7,1202.0,714.4,969,457,none
2026-08-10T16:45:30.544734,456,1,person,0.811,735.8,199.2,1201.7,714.6,968,456,none
2026-08-10T16:45:30.589664,457,1,person,0.829,735.2,198.8,1201.5,714.6,968,456,none
2026-08-10T16:45:30.635081,458,1,person,0.754,735.9,201.3,1200.1,714.7,967,457,none
2026-08-10T16:45:30.679865,459,1,person,0.8053,735.7,200.3,1200.5,714.4,968,457,none
2026-08-10T16:45:30.724579,460,1,person,0.795,735.5,200.0,1200.3,714.3,967,457,none
2026-08-10T16:45:30.769003,461,1,person,0.8373,735.7,200.1,1200.3,714.3,967,457,none
2026-08-10T16:45:30.813669,462,1,person,0.8853,735.7,200.0,1200.3,714.3,967,457,none
2026-08-10T16:45:30.858493,463,1,person,0.8913,735.2,199.9,1199.9,714.4,967,457,none
2026-08-10T16:45:30.903532,464,1,person,0.8904,734.8,199.9,1199.4,714.4,967,457,none
2026-08-10T16:45:30.948080,465,1,person,0.8937,734.3,199.8,1198.9,714.4,966,457,none
2026-08-10T16:45:30.991824,466,1,person,0.8891,733.7,199.9,1198.4,714.5,966,457,none
2026-08-10T16:45:31.036680,467,1,person,0.8909,732.9,199.8,1197.6,714.5,965,457,none
2026-08-10T16:45:31.081320,468,1,person,0.885,732.5,199.7,1197.2,714.5,964,457,none
2026-08-10T16:45:31.125755,469,1,person,0.8678,732.2,199.5,1196.9,714.4,964,456,none
2026-08-10T16:45:31.170502,470,1,person,0.8489,731.1,199.7,1195.7,714.6,963,457,none
2026-08-10T16:45:31.215211,471,1,person,0.8574,730.3,200.0,1194.6,714.6,962,457,none
2026-08-10T16:45:31.262408,472,1,person,0.8655,730.0,200.5,1193.8,714.7,961,457,none
2026-08-10T16:45:31.306978,473,1,person,0.8721,729.7,200.4,1193.5,714.7,961,457,none
2026-08-10T16:45:31.351557,474,1,person,0.8705,729.7,200.4,1193.4,714.6,961,457,none
2026-08-10T16:45:31.396208,475,1,person,0.8779,729.6,200.0,1193.4,714.6,961,457,none
2026-08-10T16:45:31.440808,476,1,person,0.8714,729.7,200.4,1193.1,714.6,961,457,none
2026-08-10T16:45:31.485396,477,1,person,0.872,729.5,200.5,1192.8,714.6,961,457,none
2026-08-10T16:45:31.529864,478,1,person,0.8729,729.4,200.6,1192.6,714.7,961,457,none
2026-08-10T16:45:31.574765,479,1,person,0.8826,729.5,200.6,1192.6,714.7,961,457,none
2026-08-10T16:45:31.620464,480,1,person,0.8793,729.9,199.8,1193.8,714.8,961,457,none
2026-08-10T16:45:31.664887,481,1,person,0.8876,730.2,199.6,1194.3,714.9,962,457,none
2026-08-10T16:45:31.709554,482,1,person,0.8861,729.7,200.5,1192.9,714.9,961,457,none
2026-08-10T16:45:31.753882,483,1,person,0.8847,729.5,200.9,1192.3,714.8,960,457,none
2026-08-10T16:45:31.798370,484,1,person,0.8852,730.3,200.2,1193.7,714.9,962,457,none
2026-08-10T16:45:31.843129,485,1,person,0.8824,730.7,200.2,1194.0,714.9,962,457,none
2026-08-10T16:45:31.887820,486,1,person,0.8792,730.9,200.1,1194.3,714.8,962,457,none
2026-08-10T16:45:31.932561,487,1,person,0.8799,731.0,200.1,1194.3,714.7,962,457,none
2026-08-10T16:45:31.977342,488,1,person,0.8784,731.1,199.9,1194.5,714.7,962,457,none
2026-08-10T16:45:32.022293,489,1,person,0.8784,731.2,199.8,1194.8,714.7,962,457,none
2026-08-10T16:45:32.066814,490,1,person,0.8761,731.2,199.7,1194.8,714.7,962,457,none
2026-08-10T16:45:32.111635,491,1,person,0.8775,731.1,199.6,1194.9,714.7,963,457,none
2026-08-10T16:45:32.156178,492,1,person,0.8704,731.1,199.5,1195.1,714.7,963,457,none
2026-08-10T16:45:32.200866,493,1,person,0.8731,731.1,199.5,1195.2,714.6,963,457,none
2026-08-10T16:45:32.245965,494,1,person,0.8602,731.0,199.0,1195.4,714.6,963,456,none
2026-08-10T16:45:32.290505,495,1,person,0.8625,731.0,198.9,1195.6,714.6,963,456,none
2026-08-10T16:45:32.335242,496,1,person,0.8632,731.2,198.8,1195.8,714.5,963,456,none
2026-08-10T16:45:32.379674,497,1,person,0.8724,731.3,198.8,1195.9,714.5,963,456,none
2026-08-10T16:45:32.424110,498,1,person,0.8679,731.4,198.9,1195.9,714.5,963,456,none
2026-08-10T16:45:32.468621,499,1,person,0.8651,731.5,199.0,1195.9,714.5,963,456,none
2026-08-10T16:45:32.513087,500,1,person,0.8627,731.5,199.0,1195.9,714.5,963,456,none
2026-08-10T16:45:32.557737,501,1,person,0.8576,731.5,198.9,1195.9,714.5,963,456,none
2026-08-10T16:45:32.602435,502,1,person,0.8585,731.4,198.9,1195.9,714.5,963,456,none
2026-08-10T16:45:32.647505,503,1,person,0.8552,731.3,198.9,1195.8,714.5,963,456,none
2026-08-10T16:45:32.692443,504,1,person,0.857,731.3,198.9,1195.8,714.5,963,456,none
2026-08-10T16:45:32.736306,505,1,person,0.8631,731.2,199.0,1195.8,714.5,963,456,none
2026-08-10T16:45:32.780567,506,1,person,0.8622,731.2,199.1,1195.8,714.4,963,456,none
2026-08-10T16:45:32.825248,507,1,person,0.8579,731.2,199.1,1195.7,714.4,963,456,none
2026-08-10T16:45:32.869738,508,1,person,0.8648,731.2,199.1,1195.8,714.4,963,456,none
2026-08-10T16:45:32.914130,509,1,person,0.8595,731.4,200.0,1195.1,714.7,963,457,none
2026-08-10T16:45:32.958247,510,1,person,0.8512,731.7,200.5,1194.8,714.8,963,457,none
2026-08-10T16:45:33.002725,511,1,person,0.8574,731.6,200.6,1194.4,714.9,963,457,none
2026-08-10T16:45:33.047563,512,1,person,0.8624,731.5,200.7,1194.1,714.9,962,457,none
2026-08-10T16:45:33.092058,513,1,person,0.8593,731.7,201.0,1193.9,715.0,962,457,none
2026-08-10T16:45:33.136256,514,1,person,0.8583,731.7,201.1,1193.6,714.9,962,458,none
2026-08-10T16:45:33.181068,515,1,person,0.8525,731.6,201.1,1193.5,714.9,962,457,none
2026-08-10T16:45:33.225534,516,1,person,0.8676,731.8,200.1,1194.4,714.6,963,457,none
2026-08-10T16:45:33.270143,517,1,person,0.8648,731.7,200.6,1193.9,714.8,962,457,none
2026-08-10T16:45:33.314846,518,1,person,0.8712,731.7,199.9,1194.6,714.6,963,457,none
2026-08-10T16:45:33.359311,519,1,person,0.8716,731.5,199.6,1194.8,714.5,963,457,none
2026-08-10T16:45:33.403805,520,1,person,0.8695,731.4,200.4,1194.0,714.8,962,457,none
2026-08-10T16:45:33.448129,521,1,person,0.8648,731.4,200.8,1193.7,714.8,962,457,none
2026-08-10T16:45:33.492797,522,1,person,0.8568,731.5,201.1,1193.5,714.8,962,457,none
2026-08-10T16:45:33.537794,523,1,person,0.8319,731.4,201.1,1193.2,714.7,962,457,none
2026-08-10T16:45:33.582983,524,1,person,0.8268,731.5,201.1,1193.3,714.7,962,457,none
2026-08-10T16:45:33.628088,525,1,person,0.8308,731.7,201.2,1193.4,714.7,962,457,none
2026-08-10T16:45:33.673153,526,1,person,0.8354,731.9,201.2,1193.5,714.8,962,457,none
2026-08-10T16:45:33.718085,527,1,person,0.8372,731.8,201.2,1193.3,714.8,962,457,none
2026-08-10T16:45:33.763081,528,1,person,0.8327,731.6,201.2,1193.1,714.8,962,457,none
2026-08-10T16:45:33.807866,529,1,person,0.8256,731.6,201.2,1193.1,714.7,962,457,none
2026-08-10T16:45:33.852501,530,1,person,0.842,731.6,201.2,1193.1,714.7,962,457,none
2026-08-10T16:45:33.897398,531,1,person,0.8509,731.7,200.1,1194.2,714.5,962,457,none
2026-08-10T16:45:33.944763,532,1,person,0.8511,731.7,199.7,1194.7,714.5,963,457,none
2026-08-10T16:45:33.989326,533,1,person,0.8594,731.5,200.6,1193.8,714.7,962,457,none
2026-08-10T16:45:34.034588,534,1,person,0.8555,730.9,200.7,1193.2,714.9,962,457,none
2026-08-10T16:45:34.079636,535,1,person,0.8083,730.5,200.9,1192.7,714.9,961,457,none
2026-08-10T16:45:34.124793,536,1,person,0.7607,730.4,200.3,1193.2,714.6,961,457,none
2026-08-10T16:45:34.169438,537,1,person,0.8049,729.3,201.7,1191.5,714.9,960,458,none
2026-08-10T16:45:34.214254,538,1,person,0.7088,729.1,200.9,1192.1,714.6,960,457,none
2026-08-10T16:45:34.259128,539,1,person,0.6531,728.7,201.2,1191.8,714.5,960,457,none
2026-08-10T16:45:34.303483,540,1,person,0.7093,726.9,200.9,1190.5,714.4,958,457,none
2026-08-10T16:45:34.348039,541,1,person,0.7836,723.9,202.4,1187.2,715.0,955,458,none
2026-08-10T16:45:34.392594,542,1,person,0.7821,721.8,203.7,1185.3,715.3,953,459,none
2026-08-10T16:45:34.436870,543,1,person,0.496,721.8,203.3,1186.1,715.1,953,459,none
2026-08-10T16:45:34.481651,544,1,person,0.77,642.4,204.1,1126.8,715.4,884,459,none
2026-08-10T16:45:34.526774,545,1,person,0.9072,611.2,205.5,1112.2,715.8,861,460,none
2026-08-10T16:45:34.571449,546,1,person,0.6621,598.9,207.0,1114.4,716.6,856,461,none
2026-08-10T16:45:34.616006,547,1,person,0.8948,591.7,206.9,1120.3,716.6,856,461,none
2026-08-10T16:45:34.660754,548,1,person,0.8992,588.7,206.5,1128.5,716.5,858,461,none
2026-08-10T16:45:34.705166,549,1,person,0.9179,591.1,206.0,1140.0,716.9,865,461,none
2026-08-10T16:45:34.749859,550,1,person,0.9231,591.3,205.5,1147.9,717.1,869,461,none
2026-08-10T16:45:34.794449,551,1,person,0.9141,592.5,205.1,1154.4,716.5,873,460,none
2026-08-10T16:45:34.839228,552,1,person,0.9182,592.7,204.8,1159.2,716.4,875,460,none
2026-08-10T16:45:34.883908,553,1,person,0.8917,592.6,205.0,1162.3,716.0,877,460,none
2026-08-10T16:45:34.929076,554,1,person,0.7766,596.0,204.8,1168.0,715.9,882,460,none
2026-08-10T16:45:34.974246,555,1,person,0.8387,600.3,202.9,1175.1,716.1,887,459,none
2026-08-10T16:45:35.020253,556,1,person,0.8156,600.8,201.3,1177.7,716.2,889,458,none
2026-08-10T16:45:35.065551,557,1,person,0.7883,606.3,203.5,1179.9,715.8,893,459,none
2026-08-10T16:45:35.111077,558,1,person,0.7614,603.5,202.4,1179.1,716.0,891,459,none
2026-08-10T16:45:35.156269,559,1,person,0.8065,610.8,202.8,1184.0,715.7,897,459,none
2026-08-10T16:45:35.201226,560,1,person,0.7845,618.7,201.9,1189.9,715.6,904,458,none
2026-08-10T16:45:35.246149,561,1,person,0.8903,622.9,201.6,1191.8,716.3,907,458,none
2026-08-10T16:45:35.290549,562,1,person,0.8913,626.9,201.7,1192.5,716.6,909,459,none
2026-08-10T16:45:35.335020,563,1,person,0.8842,630.9,201.6,1192.7,716.4,911,458,none
2026-08-10T16:45:35.380143,564,1,person,0.8628,635.1,201.5,1192.8,716.1,913,458,none
2026-08-10T16:45:35.425650,565,1,person,0.809,637.2,201.4,1191.3,715.9,914,458,none
2026-08-10T16:45:35.474007,566,1,person,0.8169,639.5,201.2,1190.2,715.9,914,458,none
2026-08-10T16:45:35.522660,567,1,person,0.8699,642.1,201.4,1188.9,715.8,915,458,none
2026-08-10T16:45:35.569031,568,1,person,0.7947,643.5,201.5,1186.6,715.3,915,458,none
2026-08-10T16:45:35.615749,569,1,person,0.8202,651.2,201.6,1189.6,715.5,920,458,none
2026-08-10T16:45:35.661338,570,1,person,0.7831,659.6,201.9,1191.9,715.2,925,458,none
2026-08-10T16:45:35.707103,571,1,person,0.7252,662.5,201.6,1190.1,714.9,926,458,none
2026-08-10T16:45:35.753348,572,1,person,0.7422,667.2,202.3,1189.4,715.0,928,458,none
2026-08-10T16:45:35.799132,573,1,person,0.8203,671.0,202.3,1188.4,715.0,929,458,none
2026-08-10T16:45:35.844620,574,1,person,0.7202,670.6,202.2,1184.5,714.9,927,458,none
2026-08-10T16:45:35.889592,575,1,person,0.7003,667.9,202.0,1179.4,715.0,923,458,none
2026-08-10T16:45:35.890627,575,22,person,0.4656,475.7,206.3,1161.2,716.5,818,461,none
2026-08-10T16:45:35.936065,576,1,person,0.7619,668.9,202.8,1177.0,715.1,922,458,none
2026-08-10T16:45:35.981651,577,1,person,0.7707,669.4,202.9,1175.1,715.1,922,459,none
2026-08-10T16:45:36.027310,578,1,person,0.7522,670.9,203.3,1174.1,715.2,922,459,none
2026-08-10T16:45:36.072605,579,1,person,0.6497,671.5,203.0,1172.9,715.2,922,459,none
2026-08-10T16:45:36.073758,579,22,person,0.7547,470.7,204.4,1158.3,715.9,814,460,none
2026-08-10T16:45:36.118988,580,22,person,0.7477,477.5,202.3,1166.3,715.2,821,458,none
2026-08-10T16:45:36.164859,581,22,person,0.6951,489.6,201.2,1177.1,714.8,833,457,none
2026-08-10T16:45:36.210460,582,22,person,0.8352,482.8,202.4,1169.3,715.4,826,458,none
2026-08-10T16:45:36.261344,583,22,person,0.8804,480.0,201.7,1168.2,716.1,824,458,none
2026-08-10T16:45:36.307752,584,22,person,0.8988,479.8,201.4,1168.1,716.3,823,458,none
2026-08-10T16:45:36.354511,585,22,person,0.8828,480.5,201.2,1168.9,716.5,824,458,none
2026-08-10T16:45:36.400101,586,22,person,0.8894,480.0,201.2,1167.9,716.3,823,458,none
2026-08-10T16:45:36.445994,587,22,person,0.8605,482.2,201.4,1169.4,716.4,825,458,none
2026-08-10T16:45:36.491316,588,22,person,0.8476,487.0,202.0,1172.1,716.4,829,459,none
2026-08-10T16:45:36.538650,589,22,person,0.8779,486.6,202.0,1171.5,716.8,829,459,none
2026-08-10T16:45:36.584743,590,22,person,0.8956,487.1,202.3,1171.3,717.1,829,459,none
2026-08-10T16:45:36.630814,591,1,person,0.7514,680.3,202.7,1176.6,714.9,928,458,none
2026-08-10T16:45:41.550661,704,-1,person,0.7725,764.1,208.0,1059.1,524.3,911,366,none
2026-08-10T16:51:07.508094,1,1,person,0.8785,687.3,220.3,1165.0,715.1,926,467,none
2026-08-10T16:51:07.824763,2,1,person,0.8756,687.3,220.6,1164.7,715.0,925,467,none
2026-08-10T16:51:07.875767,3,1,person,0.87,687.3,220.6,1164.6,714.9,925,467,none
2026-08-10T16:51:07.928022,4,1,person,0.8743,687.3,220.3,1165.0,714.9,926,467,none
2026-08-10T16:51:07.978064,5,1,person,0.8754,687.1,219.2,1165.6,714.9,926,467,none
2026-08-10T16:51:08.025599,6,1,person,0.8768,687.1,218.8,1165.8,715.0,926,466,none
2026-08-10T16:51:08.072388,7,1,person,0.8773,687.2,218.9,1165.7,714.9,926,466,none
2026-08-10T16:51:08.119134,8,1,person,0.8673,687.3,218.8,1165.6,714.9,926,466,none
2026-08-10T16:51:08.175357,9,1,person,0.8674,687.3,218.8,1165.4,714.8,926,466,none
2026-08-10T16:51:08.221856,10,1,person,0.8701,687.6,219.5,1165.0,714.9,926,467,none
2026-08-10T16:51:08.267901,11,1,person,0.8811,688.0,219.9,1165.0,715.0,926,467,none
2026-08-10T16:51:08.314205,12,1,person,0.8802,688.0,219.8,1165.0,715.0,926,467,none
2026-08-10T16:51:08.360432,13,1,person,0.8841,688.3,220.0,1165.0,715.1,926,467,none
2026-08-10T16:51:08.406280,14,1,person,0.8771,688.2,220.4,1164.3,715.1,926,467,none
2026-08-10T16:51:08.451608,15,1,person,0.8681,687.9,220.6,1163.9,715.1,925,467,none
2026-08-10T16:51:08.497578,16,1,person,0.8619,687.9,220.7,1163.7,715.1,925,467,none
2026-08-10T16:51:08.543292,17,1,person,0.8706,688.0,220.4,1164.1,715.1,926,467,none
2026-08-10T16:51:08.592013,18,1,person,0.8811,688.4,220.6,1164.2,715.2,926,467,none
2026-08-10T16:51:08.637869,19,1,person,0.8855,688.8,220.8,1164.4,715.2,926,467,none
2026-08-10T16:51:08.685588,20,1,person,0.8881,688.8,220.7,1164.4,715.2,926,467,none
2026-08-10T16:51:08.733231,21,1,person,0.892,689.5,221.1,1164.5,715.2,926,468,none
2026-08-10T16:51:08.781331,22,1,person,0.8874,689.9,221.1,1164.3,715.0,927,468,none
2026-08-10T16:51:08.827011,23,1,person,0.8923,689.8,221.0,1163.9,714.9,926,467,none
2026-08-10T16:51:08.872446,24,1,person,0.8917,689.5,220.6,1164.0,715.1,926,467,none
2026-08-10T16:51:08.918208,25,1,person,0.8918,689.5,221.0,1163.8,715.1,926,468,none
2026-08-10T16:51:08.964639,26,1,person,0.8934,689.6,221.2,1163.8,715.2,926,468,none
2026-08-10T16:51:09.010728,27,1,person,0.8891,689.4,221.0,1163.8,715.2,926,468,none
2026-08-10T16:51:09.056165,28,1,person,0.887,689.3,221.1,1163.7,715.2,926,468,none
2026-08-10T16:51:09.101832,29,1,person,0.888,689.2,221.2,1163.5,715.2,926,468,none
2026-08-10T16:51:09.147681,30,1,person,0.8926,689.0,221.0,1163.6,715.3,926,468,none
2026-08-10T16:51:09.193729,31,1,person,0.8869,688.9,221.0,1163.4,715.3,926,468,none
2026-08-10T16:51:09.239455,32,1,person,0.8744,688.6,220.8,1163.4,715.3,926,468,none
2026-08-10T16:51:09.285313,33,1,person,0.8768,689.1,219.3,1164.5,715.0,926,467,none
2026-08-10T16:51:09.331118,34,1,person,0.8853,688.7,217.5,1165.4,715.0,927,466,none
2026-08-10T16:51:09.376820,35,1,person,0.8916,689.9,217.3,1166.0,714.9,927,466,none
2026-08-10T16:51:09.436923,36,1,person,0.8934,691.1,214.9,1168.3,714.8,929,464,none
2026-08-10T16:51:09.557202,37,1,person,0.8852,692.1,211.7,1171.1,714.8,931,463,none
2026-08-10T16:51:09.645857,38,1,person,0.8933,693.6,210.2,1173.3,715.1,933,462,none
2026-08-10T16:51:09.726218,39,1,person,0.8826,694.7,208.4,1174.9,714.9,934,461,none
2026-08-10T16:51:09.846404,40,1,person,0.8867,696.3,206.5,1177.6,714.9,936,460,none
2026-08-10T16:51:09.926133,41,1,person,0.8917,697.8,205.9,1179.2,715.0,938,460,none
2026-08-10T16:51:10.046992,42,1,person,0.897,698.4,205.7,1179.6,715.2,938,460,none
2026-08-10T16:51:10.125877,43,1,person,0.8974,698.7,205.4,1179.7,715.3,939,460,none
2026-08-10T16:51:10.246870,44,1,person,0.8938,699.2,206.0,1179.3,715.3,939,460,none
2026-08-10T16:51:10.326895,45,1,person,0.8951,699.7,206.7,1178.8,715.3,939,461,none
2026-08-10T16:51:10.446206,46,1,person,0.8925,700.0,207.4,1178.3,715.3,939,461,none
2026-08-10T16:51:10.525951,47,1,person,0.8963,700.3,207.6,1178.2,715.3,939,461,none
2026-08-10T16:51:10.647026,48,1,person,0.8896,700.2,207.3,1178.2,715.3,939,461,none
2026-08-10T16:51:10.725503,49,1,person,0.8905,700.3,207.5,1178.0,715.3,939,461,none
2026-08-10T16:51:10.846266,50,1,person,0.8917,700.3,207.1,1178.1,715.3,939,461,none
2026-08-10T16:51:10.925808,51,1,person,0.8921,701.1,206.8,1179.0,715.4,940,461,none
2026-08-10T16:51:11.046814,52,1,person,0.888,701.1,205.9,1179.4,715.3,940,460,none
2026-08-10T16:51:11.126402,53,1,person,0.8951,702.1,205.8,1180.5,715.4,941,460,none
2026-08-10T16:51:11.248470,54,1,person,0.8976,704.5,206.0,1182.6,715.4,943,460,none
2026-08-10T16:51:11.326053,55,1,person,0.9041,706.3,206.1,1184.0,715.6,945,460,none
2026-08-10T16:51:11.446390,56,1,person,0.9022,706.8,206.1,1184.2,715.6,945,460,none
2026-08-10T16:51:11.526359,57,1,person,0.9014,707.4,206.4,1184.2,715.6,945,461,none
2026-08-10T16:51:11.618644,58,1,person,0.9015,707.9,205.6,1185.1,715.4,946,460,none
2026-08-10T16:51:11.736753,59,1,person,0.9023,707.7,204.9,1185.4,715.5,946,460,none
2026-08-10T16:51:11.856866,60,1,person,0.9052,706.1,204.9,1184.0,715.8,945,460,none
2026-08-10T16:51:11.936466,61,1,person,0.8848,705.4,203.7,1184.0,715.7,944,459,none
2026-08-10T16:51:12.019296,62,1,person,0.8518,704.7,203.4,1183.4,715.7,944,459,none
2026-08-10T16:51:12.136586,63,1,person,0.5503,704.2,204.2,1182.4,715.5,943,459,none
2026-08-10T16:51:12.219668,64,1,person,0.8732,602.1,201.1,1110.1,717.7,856,459,none
2026-08-10T16:51:12.337100,65,1,person,0.8258,559.1,199.0,1091.5,717.9,825,458,none
2026-08-10T16:51:12.419751,66,1,person,0.8717,543.2,201.5,1091.6,717.0,817,459,none
2026-08-10T16:51:12.536794,67,1,person,0.913,533.3,202.4,1097.9,716.8,815,459,none
2026-08-10T16:51:12.619202,68,1,person,0.8543,521.7,202.6,1102.3,716.5,811,459,none
2026-08-10T16:51:12.736719,69,1,person,0.7221,515.0,204.7,1108.9,716.8,811,460,none
2026-08-10T16:51:12.856018,70,1,person,0.7813,504.9,201.4,1116.5,716.9,810,459,none
2026-08-10T16:51:12.936807,71,1,person,0.7946,496.8,200.1,1122.6,716.9,809,458,none
2026-08-10T16:51:13.056675,72,1,person,0.8371,488.8,199.6,1127.4,717.3,808,458,none
2026-08-10T16:51:13.136676,73,1,person,0.8905,484.1,199.2,1134.3,718.3,809,458,none
2026-08-10T16:51:13.219270,74,1,person,0.9376,481.0,200.9,1137.9,717.8,809,459,none
2026-08-10T16:51:13.336836,75,1,person,0.9379,476.8,201.5,1141.5,717.6,809,459,none
2026-08-10T16:51:13.456462,76,1,person,0.9219,472.3,201.4,1144.5,717.0,808,459,none
2026-08-10T16:51:13.537205,77,1,person,0.9065,465.5,200.9,1145.8,716.5,805,458,none
2026-08-10T16:51:13.626327,78,1,person,0.9078,461.2,201.0,1148.6,716.6,804,458,none
2026-08-10T16:51:13.747659,79,1,person,0.9209,456.7,201.2,1150.9,716.6,803,458,none
2026-08-10T16:51:13.826060,80,1,person,0.9233,454.2,201.5,1154.0,716.6,804,459,none
2026-08-10T16:51:13.946897,81,1,person,0.911,452.2,202.2,1156.4,716.5,804,459,none
2026-08-10T16:51:14.026033,82,1,person,0.9088,449.2,202.5,1158.3,716.4,803,459,none
2026-08-10T16:51:14.147273,83,1,person,0.8721,448.6,202.8,1161.4,716.1,804,459,none
2026-08-10T16:51:14.226510,84,1,person,0.816,444.6,200.7,1164.8,716.6,804,458,none
2026-08-10T16:51:14.346893,85,1,person,0.8572,441.1,198.5,1168.5,717.2,804,457,none
2026-08-10T16:51:14.426625,86,1,person,0.8506,437.3,197.7,1169.6,717.6,803,457,none
2026-08-10T16:51:14.546760,87,1,person,0.6105,449.7,206.2,1176.8,717.1,813,461,none
2026-08-10T16:51:14.626323,88,1,person,0.7569,435.1,200.8,1172.3,716.5,803,458,none
2026-08-10T16:51:14.746597,89,1,person,0.835,541.7,201.1,1251.9,715.7,896,458,none
2026-08-10T16:51:14.827212,90,1,person,0.7978,588.5,202.3,1273.7,715.1,931,458,none
2026-08-10T16:51:14.946506,91,1,person,0.8759,607.5,201.9,1273.6,715.2,940,458,none
2026-08-10T16:51:15.026139,92,1,person,0.8819,618.0,200.9,1267.0,715.2,942,458,none
2026-08-10T16:51:15.147060,93,1,person,0.8702,625.6,201.0,1257.2,714.8,941,457,none
2026-08-10T16:51:15.226095,94,1,person,0.8604,631.0,201.6,1247.1,714.8,939,458,none
2026-08-10T16:51:15.346474,95,1,person,0.8515,636.4,202.1,1238.4,714.6,937,458,none
2026-08-10T16:51:15.426639,96,1,person,0.8507,641.3,202.2,1231.0,714.6,936,458,none
2026-08-10T16:51:15.548102,97,1,person,0.8533,646.3,202.6,1224.5,714.6,935,458,none
2026-08-10T16:51:15.637508,98,1,person,0.8614,650.5,202.6,1219.4,714.9,934,458,none
2026-08-10T16:51:15.719447,99,1,person,0.8704,654.8,202.4,1214.5,714.6,934,458,none
2026-08-10T16:51:15.837098,100,1,person,0.8767,658.1,202.3,1210.3,714.9,934,458,none
2026-08-10T16:51:15.918828,101,1,person,0.8645,661.7,202.5,1206.7,715.0,934,458,none
2026-08-10T16:51:16.037019,102,1,person,0.869,664.8,202.3,1203.4,715.0,934,458,none
2026-08-10T16:51:16.118892,103,1,person,0.8679,667.9,202.3,1200.7,715.0,934,458,none
2026-08-10T16:51:16.237087,104,1,person,0.8636,670.5,201.7,1198.5,715.0,934,458,none
2026-08-10T16:51:16.356810,105,1,person,0.8578,672.3,200.1,1196.6,715.0,934,457,none
2026-08-10T16:51:16.436659,106,1,person,0.8631,674.2,198.8,1195.0,715.0,934,456,none
2026-08-10T16:51:16.526026,107,1,person,0.8693,676.2,197.1,1194.1,715.0,935,456,none
2026-08-10T16:51:16.637252,108,1,person,0.8029,679.1,197.0,1193.1,714.7,936,455,none
2026-08-10T16:51:16.719360,109,1,person,0.8121,681.9,198.0,1191.4,714.6,936,456,none
2026-08-10T16:51:16.837316,110,1,person,0.8022,684.1,198.2,1190.3,714.5,937,456,none
2026-08-10T16:51:16.923822,111,1,person,0.7288,686.0,198.3,1189.2,714.3,937,456,none
2026-08-10T16:51:17.040001,112,1,person,0.7738,687.3,197.8,1188.3,714.3,937,456,none
2026-08-10T16:51:17.119171,113,1,person,0.7834,688.0,197.2,1187.1,714.4,937,455,none
2026-08-10T16:51:17.237270,114,1,person,0.7706,572.0,195.6,1100.3,715.3,836,455,none
2026-08-10T16:51:17.319020,115,1,person,0.8266,555.8,198.6,1097.9,715.0,826,456,none
2026-08-10T16:51:17.437326,116,1,person,0.9209,533.0,199.9,1092.9,715.5,812,457,none
2026-08-10T16:51:17.522519,117,1,person,0.9035,542.0,200.5,1112.8,715.7,827,458,none
2026-08-10T16:51:17.619223,118,1,person,0.8886,549.6,200.9,1128.7,715.5,839,458,none
2026-08-10T16:51:17.737170,119,1,person,0.9198,534.1,201.1,1125.0,715.3,829,458,none
2026-08-10T16:51:17.818809,120,1,person,0.9192,521.9,201.5,1124.4,715.2,823,458,none
2026-08-10T16:51:17.937499,121,1,person,0.9226,518.5,201.6,1131.1,715.4,824,458,none
2026-08-10T16:51:18.018698,122,1,person,0.9154,515.0,201.6,1137.0,716.0,826,458,none
2026-08-10T16:51:18.137101,123,1,person,0.9175,505.5,201.3,1137.8,716.7,821,458,none
2026-08-10T16:51:18.218981,124,1,person,0.9096,506.8,201.5,1145.4,716.7,826,459,none
2026-08-10T16:51:18.337225,125,1,person,0.9189,496.1,201.2,1142.7,716.1,819,458,none
2026-08-10T16:51:18.419050,126,1,person,0.903,487.1,201.1,1142.3,716.3,814,458,none
2026-08-10T16:51:18.537274,127,1,person,0.9133,481.6,201.8,1143.4,716.2,812,458,none
2026-08-10T16:51:18.618477,128,1,person,0.8946,476.9,202.5,1144.5,715.7,810,459,none
2026-08-10T16:51:18.737181,129,1,person,0.8505,569.2,203.3,1217.7,715.3,893,459,none
2026-08-10T16:51:18.819441,130,1,person,0.7131,501.5,207.3,1164.5,717.4,833,462,none
2026-08-10T16:51:18.937309,131,1,person,0.5096,497.0,214.6,1159.1,716.5,828,465,none
2026-08-10T16:51:19.018898,132,1,person,0.7286,565.0,213.5,1211.4,715.7,888,464,none
2026-08-10T16:51:19.137372,133,1,person,0.8008,588.4,212.4,1221.2,715.6,904,463,none
2026-08-10T16:51:19.219421,134,1,person,0.7517,593.2,218.5,1207.1,715.4,900,466,none
2026-08-10T16:51:19.337341,135,1,person,0.8544,590.3,222.4,1190.7,715.8,890,469,none
2026-08-10T16:51:19.456755,136,1,person,0.8578,583.0,223.3,1175.1,715.8,879,469,none
2026-08-10T16:51:19.537485,137,1,person,0.8649,581.8,227.2,1163.8,715.9,872,471,none
2026-08-10T16:51:19.618784,138,1,person,0.8576,581.8,229.8,1156.0,715.9,868,472,none
2026-08-10T16:51:19.737179,139,1,person,0.8709,583.4,230.5,1152.2,715.9,867,473,none
2026-08-10T16:51:19.818745,140,1,person,0.8605,585.5,230.1,1150.3,715.8,867,472,none
2026-08-10T16:51:19.941651,141,1,person,0.859,589.7,230.5,1150.1,716.0,869,473,none
2026-08-10T16:51:20.056833,142,1,person,0.8421,595.4,227.8,1153.7,715.9,874,471,none
2026-08-10T16:51:20.139996,143,1,person,0.87,604.8,226.7,1158.3,715.6,881,471,none
2026-08-10T16:51:20.220127,144,1,person,0.6387,609.8,224.3,1161.6,716.2,885,470,none
2026-08-10T16:51:20.337978,145,1,person,0.7394,564.9,222.7,1126.5,716.9,845,469,none
2026-08-10T16:51:20.419481,146,1,person,0.7922,571.6,218.5,1137.3,717.2,854,467,none
2026-08-10T16:51:20.537457,147,1,person,0.8996,565.0,214.2,1135.5,716.4,850,465,none
2026-08-10T16:51:20.619662,148,1,person,0.8852,575.7,213.6,1144.3,715.9,859,464,none
2026-08-10T16:51:20.737160,149,1,person,0.8397,590.5,211.3,1156.1,716.3,873,463,none
2026-08-10T16:51:20.819490,150,1,person,0.7273,525.0,208.6,1105.5,715.9,815,462,none
2026-08-10T16:51:20.937731,151,1,person,0.8522,503.1,209.1,1093.4,716.1,798,462,none
2026-08-10T16:51:21.019549,152,1,person,0.8207,492.2,206.6,1092.8,715.6,792,461,none
2026-08-10T16:51:21.137390,153,1,person,0.9024,491.7,207.2,1097.9,715.8,794,461,none
2026-08-10T16:51:21.218999,154,1,person,0.8852,491.9,207.9,1102.9,716.2,797,462,none
2026-08-10T16:51:21.337673,155,1,person,0.9066,492.3,208.1,1107.1,715.8,799,461,none
2026-08-10T16:51:21.419970,156,1,person,0.9029,493.6,208.2,1111.0,715.6,802,461,none
2026-08-10T16:51:21.537783,157,1,person,0.9072,497.2,209.0,1115.4,715.5,806,462,none
2026-08-10T16:51:21.618817,158,1,person,0.9151,495.0,209.1,1116.0,715.8,805,462,none
2026-08-10T16:51:21.737697,159,1,person,0.9141,494.5,209.0,1117.9,715.9,806,462,none
2026-08-10T16:51:21.857125,160,1,person,0.8965,495.4,208.5,1121.3,716.3,808,462,none
2026-08-10T16:51:21.938091,161,1,person,0.9127,497.5,207.2,1124.7,715.0,811,461,none
2026-08-10T16:51:22.019849,162,1,person,0.9159,500.1,205.1,1129.7,715.0,814,460,none
2026-08-10T16:51:22.137620,163,1,person,0.9297,510.4,204.2,1140.2,714.8,825,459,none
2026-08-10T16:51:22.257976,164,1,person,0.9189,522.7,199.8,1155.5,714.6,839,457,none
2026-08-10T16:51:22.337080,165,1,person,0.9303,536.4,193.6,1174.6,714.9,855,454,none
2026-08-10T16:51:22.420139,166,1,person,0.9391,559.6,188.8,1198.8,714.3,879,451,none
2026-08-10T16:51:22.538083,167,1,person,0.9324,597.0,186.1,1237.2,714.2,917,450,none
2026-08-10T16:51:22.619880,168,1,person,0.9065,627.6,183.0,1266.9,713.5,947,448,none
2026-08-10T16:51:22.737750,169,1,person,0.8718,682.3,180.7,1280.0,713.5,981,447,none
2026-08-10T16:51:22.819555,170,1,person,0.8185,700.1,177.7,1280.0,712.9,990,445,none
2026-08-10T16:51:22.937253,171,1,person,0.9215,716.0,179.9,1280.0,712.9,998,446,none
2026-08-10T16:51:23.020073,172,1,person,0.9303,738.3,190.4,1280.0,713.1,1009,451,none
2026-08-10T16:51:23.137636,173,1,person,0.947,762.4,200.1,1280.0,713.2,1021,456,none
2026-08-10T16:51:23.220148,174,1,person,0.9398,780.6,205.9,1280.0,712.8,1030,459,none
2026-08-10T16:51:23.337883,175,1,person,0.925,797.7,210.7,1280.0,712.7,1038,461,none
2026-08-10T16:51:23.419640,176,1,person,0.9325,810.8,214.7,1280.0,712.5,1045,463,none
2026-08-10T16:51:23.537510,177,1,person,0.938,823.0,215.9,1280.0,713.6,1051,464,none
2026-08-10T16:51:23.620364,178,1,person,0.9347,833.9,215.4,1280.0,714.1,1056,464,none
2026-08-10T16:51:23.737632,179,1,person,0.8898,852.0,214.9,1280.0,714.0,1065,464,none
2026-08-10T16:51:23.822595,180,1,person,0.8622,873.9,216.3,1280.0,714.4,1076,465,none
2026-08-10T16:51:23.938461,181,1,person,0.909,892.0,218.2,1280.0,714.4,1085,466,none
2026-08-10T16:51:24.022575,182,1,person,0.9119,907.6,218.6,1280.0,714.6,1093,466,none
2026-08-10T16:51:24.137698,183,1,person,0.8855,925.6,223.6,1280.0,714.8,1102,469,none
2026-08-10T16:51:24.219079,184,1,person,0.8755,945.0,231.6,1280.0,714.0,1112,472,none
2026-08-10T16:51:24.338184,185,1,person,0.8061,970.3,262.1,1280.0,713.6,1125,487,none
2026-08-10T16:51:24.419205,186,1,person,0.5134,987.4,279.9,1280.0,713.7,1133,496,none
2026-08-10T16:51:24.618833,188,1,person,0.4924,1048.5,430.0,1277.8,714.8,1163,572,none
2026-08-10T16:51:24.737327,189,1,person,0.5681,1054.2,451.2,1269.4,715.0,1161,583,none
2026-08-10T16:51:24.819427,190,1,person,0.708,1055.0,463.1,1264.1,714.8,1159,588,none
2026-08-10T16:51:25.628305,198,1,person,0.5432,1039.4,510.9,1229.8,717.7,1134,614,none
2026-08-10T16:51:25.747302,199,1,person,0.5655,1026.5,511.4,1231.7,716.9,1129,614,none
2026-08-10T16:51:25.826887,200,1,person,0.5035,1034.4,515.9,1244.2,717.0,1139,616,none
2026-08-10T16:51:25.947685,201,1,person,0.5182,1040.4,517.4,1254.3,716.6,1147,616,none
2026-08-10T16:51:26.027548,202,1,person,0.4001,1029.9,520.0,1249.5,716.0,1139,618,none
2026-08-10T16:51:26.227440,204,3,person,0.8548,875.0,305.9,1234.9,715.5,1054,510,none
2026-08-10T16:51:26.427648,206,3,person,0.594,922.5,262.7,1280.0,713.9,1101,488,none
2026-08-10T16:51:26.547809,207,3,person,0.8713,913.8,269.7,1280.0,712.1,1096,490,none
2026-08-10T16:51:26.627165,208,3,person,0.9107,899.1,292.3,1265.7,711.7,1082,502,none
2026-08-10T16:51:26.747857,209,3,person,0.8772,881.8,312.4,1243.2,711.5,1062,511,none
2026-08-10T16:51:26.827344,210,3,person,0.8552,864.1,322.6,1229.9,711.5,1047,517,none
2026-08-10T16:51:26.947561,211,3,person,0.9053,802.9,317.5,1196.9,712.6,999,515,none
2026-08-10T16:51:27.027109,212,3,person,0.8464,814.1,304.5,1228.5,712.6,1021,508,none
2026-08-10T16:51:27.148079,213,3,person,0.8803,802.3,288.1,1241.1,713.4,1021,500,none
2026-08-10T16:51:27.227369,214,3,person,0.845,802.2,272.4,1259.5,713.7,1030,493,none
2026-08-10T16:51:27.347577,215,3,person,0.7036,796.7,257.6,1267.9,714.2,1032,485,none
2026-08-10T16:51:27.429113,216,3,person,0.7982,712.8,244.8,1212.3,715.1,962,479,none
2026-08-10T16:51:27.548514,217,3,person,0.9322,665.0,233.8,1186.6,715.0,925,474,none
2026-08-10T16:51:27.638294,218,3,person,0.9367,630.1,221.4,1173.7,716.0,901,468,none
2026-08-10T16:51:27.719939,219,3,person,0.9346,601.5,214.2,1157.1,715.0,879,464,none
2026-08-10T16:51:27.839601,220,3,person,0.9243,579.5,210.3,1142.3,714.0,860,462,none
2026-08-10T16:51:27.958618,221,3,person,0.9428,561.9,208.7,1129.5,714.4,845,461,none
2026-08-10T16:51:28.037987,222,3,person,0.9307,544.8,205.3,1117.2,713.9,830,459,none
2026-08-10T16:51:28.119151,223,3,person,0.9368,531.8,205.5,1105.1,713.9,818,459,none
2026-08-10T16:51:28.239006,224,3,person,0.9316,519.9,204.5,1094.6,713.9,807,459,none
2026-08-10T16:51:28.319158,225,3,person,0.8693,511.1,203.5,1086.0,713.4,798,458,none
2026-08-10T16:51:28.438170,226,3,person,0.8787,506.1,202.7,1080.0,713.5,793,458,none
2026-08-10T16:51:28.519475,227,3,person,0.901,499.1,202.9,1072.8,714.4,785,458,none
2026-08-10T16:51:28.638211,228,3,person,0.9451,489.0,202.8,1062.3,714.6,775,458,none
2026-08-10T16:51:28.719932,229,3,person,0.931,480.4,202.9,1052.7,714.0,766,458,none
2026-08-10T16:51:28.839745,230,3,person,0.9329,476.4,203.2,1048.6,713.5,762,458,none
2026-08-10T16:51:28.919949,231,3,person,0.936,476.7,203.7,1048.7,713.1,762,458,none
2026-08-10T16:51:29.038263,232,3,person,0.9375,476.6,204.6,1048.3,712.9,762,458,none
2026-08-10T16:51:29.119217,233,3,person,0.9381,475.8,204.4,1047.8,712.8,761,458,none
2026-08-10T16:51:29.237973,234,3,person,0.9406,475.5,204.0,1047.9,712.8,761,458,none
2026-08-10T16:51:29.319445,235,3,person,0.9391,475.1,204.4,1047.4,713.2,761,458,none
2026-08-10T16:51:29.438488,236,3,person,0.9299,474.9,205.3,1046.4,713.5,760,459,none
2026-08-10T16:51:29.520609,237,3,person,0.9198,474.5,207.1,1044.3,713.4,759,460,none
2026-08-10T16:51:29.638662,238,3,person,0.8526,477.2,208.8,1044.4,713.3,760,461,none
2026-08-10T16:51:29.757852,239,3,person,0.881,480.5,210.2,1045.3,714.0,762,462,none
2026-08-10T16:51:29.837992,240,3,person,0.8798,507.0,212.6,1061.8,714.6,784,463,none
2026-08-10T16:51:29.918884,241,3,person,0.9106,524.4,222.1,1061.1,714.5,792,468,none
2026-08-10T16:51:30.038373,242,3,person,0.9031,523.7,227.1,1049.8,714.7,786,470,none
2026-08-10T16:51:30.119226,243,3,person,0.8917,514.1,232.7,1032.3,715.7,773,474,none
2026-08-10T16:51:30.238688,244,3,person,0.88,505.7,238.5,1017.4,716.3,761,477,none
2026-08-10T16:51:30.319595,245,3,person,0.8867,497.5,241.3,1006.3,716.0,751,478,none
2026-08-10T16:51:30.438158,246,3,person,0.8414,487.9,242.8,996.9,715.9,742,479,none
2026-08-10T16:51:30.519887,247,3,person,0.8424,482.2,242.1,993.0,715.8,737,478,none
2026-08-10T16:51:30.638610,248,3,person,0.8467,474.3,239.1,989.0,716.0,731,477,none
2026-08-10T16:51:30.757798,249,3,person,0.8662,465.7,234.9,985.6,716.5,725,475,none
2026-08-10T16:51:30.838418,250,3,person,0.8717,457.1,232.6,979.7,716.0,718,474,none
2026-08-10T16:51:30.919164,251,3,person,0.867,451.9,231.5,976.3,715.3,714,473,none
2026-08-10T16:51:31.038435,252,3,person,0.8717,446.7,229.8,974.0,714.8,710,472,none
2026-08-10T16:51:31.119187,253,3,person,0.8622,444.5,229.6,972.1,713.1,708,471,none
2026-08-10T16:51:31.239056,254,3,person,0.8654,441.9,228.8,971.4,712.6,706,470,none
2026-08-10T16:51:31.318794,255,3,person,0.868,439.6,229.1,970.5,713.1,705,471,none
2026-08-10T16:51:31.439234,256,3,person,0.8632,439.5,229.6,971.1,712.8,705,471,none
2026-08-10T16:51:31.520317,257,3,person,0.8785,440.1,228.6,973.5,713.0,706,470,none
2026-08-10T16:51:31.638191,258,3,person,0.8714,443.0,225.5,981.0,713.7,711,469,none
2026-08-10T16:51:31.719812,259,3,person,0.8314,458.6,225.6,996.5,714.4,727,469,none
2026-08-10T16:51:31.839031,260,3,person,0.8103,484.3,226.5,1019.2,714.5,751,470,none
2026-08-10T16:51:31.919398,261,3,person,0.9023,518.0,226.7,1049.3,714.2,783,470,none
2026-08-10T16:51:32.038852,262,3,person,0.911,550.0,229.3,1078.4,714.4,814,471,none
2026-08-10T16:51:32.118900,263,3,person,0.8941,572.3,233.8,1098.2,714.6,835,474,none
2026-08-10T16:51:32.238462,264,3,person,0.7939,616.8,238.3,1135.4,714.7,876,476,none
2026-08-10T16:51:32.319200,265,3,person,0.7205,650.7,239.9,1164.2,714.7,907,477,none
2026-08-10T16:51:32.438651,266,3,person,0.6064,667.7,237.5,1180.3,713.9,924,475,none
2026-08-10T16:51:32.558724,267,3,person,0.5123,697.9,236.2,1203.6,713.6,950,474,none
2026-08-10T16:51:32.638439,268,3,person,0.5846,710.2,237.3,1208.1,713.6,959,475,none
2026-08-10T16:51:32.718844,269,3,person,0.5491,714.0,237.7,1206.1,713.7,960,475,none
2026-08-10T16:51:32.838131,270,3,person,0.6195,720.0,238.0,1205.6,713.9,962,475,none
2026-08-10T16:51:32.918939,271,3,person,0.5603,721.7,238.8,1201.0,714.2,961,476,none
2026-08-10T16:51:33.038968,272,3,person,0.4457,720.5,239.5,1194.0,713.7,957,476,none
2026-08-10T16:51:33.040040,272,50,person,0.6137,536.4,241.0,1162.0,714.4,849,477,none
2026-08-10T16:51:33.120106,273,3,person,0.5571,720.0,238.8,1190.0,714.0,954,476,none
2026-08-10T16:51:33.239281,274,3,person,0.5567,717.5,238.5,1184.6,714.0,951,476,none
2026-08-10T16:51:33.318605,275,3,person,0.826,724.7,236.8,1188.4,714.3,956,475,none
2026-08-10T16:51:33.438269,276,3,person,0.7792,718.5,236.0,1180.4,714.0,949,474,none
2026-08-10T16:51:33.521133,277,3,person,0.7642,727.3,236.9,1183.6,713.7,955,475,none
2026-08-10T16:51:33.648250,278,3,person,0.5664,731.9,238.2,1183.6,713.7,957,475,none
2026-08-10T16:51:33.729334,279,3,person,0.8438,733.4,237.2,1183.1,713.5,958,475,none
2026-08-10T16:51:33.848820,280,3,person,0.8558,737.1,238.5,1183.3,713.5,960,476,none
2026-08-10T16:51:33.928442,281,3,person,0.7351,737.7,240.1,1181.1,713.6,959,476,none
2026-08-10T16:51:34.050361,282,3,person,0.7903,738.0,240.8,1179.9,713.9,958,477,none
2026-08-10T16:51:34.128142,283,3,person,0.791,740.0,241.3,1180.2,713.8,960,477,none
2026-08-10T16:51:34.249783,284,3,person,0.7562,738.6,240.6,1178.5,713.7,958,477,none
2026-08-10T16:51:34.328310,285,3,person,0.741,732.9,239.9,1173.5,713.7,953,476,none
2026-08-10T16:51:34.449347,286,3,person,0.7255,731.1,239.3,1171.8,713.7,951,476,none
2026-08-10T16:51:34.528390,287,3,person,0.8415,733.7,239.1,1173.2,713.6,953,476,none
2026-08-10T16:51:34.649291,288,3,person,0.7154,729.5,238.5,1169.9,714.0,949,476,none
2026-08-10T16:51:34.728876,289,3,person,0.8277,737.0,238.0,1176.1,714.5,956,476,none
2026-08-10T16:51:34.848795,290,3,person,0.8653,706.9,239.5,1153.0,715.9,929,477,none
2026-08-10T16:51:34.928467,291,50,person,0.5721,554.8,240.4,1178.1,716.1,866,478,none
2026-08-10T16:51:35.049388,292,50,person,0.6634,529.4,240.4,1157.8,715.9,843,478,none
2026-08-10T16:51:35.128602,293,3,person,0.6489,719.0,238.9,1165.2,714.9,942,476,none
2026-08-10T16:51:35.249159,294,3,person,0.6701,716.2,238.6,1163.7,714.9,939,476,none
2026-08-10T16:51:35.328361,295,3,person,0.7475,714.4,238.5,1162.9,714.9,938,476,none
2026-08-10T16:51:35.449219,296,3,person,0.5721,714.6,239.1,1163.1,714.9,938,476,none
2026-08-10T16:51:35.531218,297,3,person,0.6389,715.2,239.2,1163.8,714.9,939,477,none
2026-08-10T16:51:35.619324,298,3,person,0.7531,716.5,239.8,1164.6,714.6,940,477,none
2026-08-10T16:51:35.738720,299,3,person,0.7875,719.3,240.1,1166.8,714.5,943,477,none
2026-08-10T16:51:35.858654,300,3,person,0.7526,721.2,240.4,1167.8,714.5,944,477,none
2026-08-10T16:51:35.938519,301,3,person,0.6109,722.9,241.4,1168.8,715.1,945,478,none
2026-08-10T16:51:36.019562,302,3,person,0.6699,722.8,240.7,1168.8,715.0,945,477,none
2026-08-10T16:51:36.138323,303,3,person,0.6885,722.6,239.6,1169.1,715.0,945,477,none
2026-08-10T16:51:36.219165,304,3,person,0.7623,722.1,239.1,1168.4,714.8,945,476,none
2026-08-10T16:51:36.339570,305,3,person,0.7413,722.1,238.8,1167.8,714.9,944,476,none
2026-08-10T16:51:36.419135,306,3,person,0.7202,719.0,234.9,1167.4,715.0,943,474,none
2026-08-10T16:51:36.538904,307,3,person,0.5896,719.3,232.7,1168.8,715.3,944,473,none
2026-08-10T16:51:36.539986,307,50,person,0.439,477.1,231.0,1133.9,714.6,805,472,none
2026-08-10T16:51:36.658969,308,3,person,0.6732,719.6,231.6,1168.9,715.5,944,473,none
2026-08-10T16:51:36.660060,308,50,person,0.4111,507.1,230.4,1159.7,714.8,833,472,none
2026-08-10T16:51:36.738740,309,3,person,0.6165,719.9,231.6,1168.5,715.8,944,473,none
2026-08-10T16:51:36.819819,310,3,person,0.8403,721.7,232.3,1168.3,715.7,944,474,none
2026-08-10T16:51:36.938986,311,3,person,0.7239,716.5,231.8,1164.5,715.9,940,473,none
2026-08-10T16:51:37.023070,312,3,person,0.5,718.3,233.7,1165.5,716.1,941,474,none
2026-08-10T16:51:37.139537,313,3,person,0.5127,726.0,236.6,1171.5,716.5,948,476,none
2026-08-10T16:51:37.219867,314,3,person,0.6724,717.4,237.0,1165.9,716.4,941,476,none
2026-08-10T16:51:37.338576,315,3,person,0.7311,715.8,241.8,1164.2,715.9,939,478,none
2026-08-10T16:51:37.419948,316,3,person,0.7928,711.6,242.7,1163.4,715.5,937,479,none
2026-08-10T16:51:37.539612,317,3,person,0.612,709.0,243.6,1164.8,716.3,936,479,none
2026-08-10T16:51:37.628919,318,3,person,0.7755,707.0,244.9,1165.3,715.2,936,480,none
2026-08-10T16:51:37.749377,319,3,person,0.8904,702.5,245.3,1164.2,714.6,933,479,none
2026-08-10T16:51:37.829439,320,3,person,0.8933,699.0,244.8,1165.6,715.2,932,479,none
2026-08-10T16:51:37.949296,321,3,person,0.8966,699.5,245.4,1169.9,715.0,934,480,none
2026-08-10T16:51:38.028321,322,3,person,0.9005,698.9,246.1,1172.2,715.1,935,480,none
2026-08-10T16:51:38.148788,323,3,person,0.9054,700.2,246.2,1177.5,715.0,938,480,none
2026-08-10T16:51:38.229541,324,3,person,0.8961,699.1,245.7,1180.9,715.3,940,480,none
2026-08-10T16:51:38.349182,325,3,person,0.9002,696.9,245.3,1182.4,715.3,939,480,none
2026-08-10T16:51:38.428498,326,3,person,0.9008,695.2,244.6,1185.4,715.5,940,480,none
2026-08-10T16:51:38.549243,327,3,person,0.9018,692.2,245.6,1184.5,715.4,938,480,none
2026-08-10T16:51:38.628303,328,3,person,0.9032,686.5,245.7,1179.9,715.3,933,480,none
2026-08-10T16:51:38.749144,329,3,person,0.8958,684.0,245.3,1178.1,715.1,931,480,none
2026-08-10T16:51:38.831033,330,3,person,0.9066,683.5,246.5,1176.6,714.8,930,480,none
2026-08-10T16:51:38.949544,331,3,person,0.8999,683.0,247.2,1175.6,714.6,929,480,none
2026-08-10T16:51:39.028671,332,3,person,0.8961,683.8,248.5,1175.7,715.0,929,481,none
2026-08-10T16:51:39.148850,333,3,person,0.8951,684.8,248.3,1176.9,715.1,930,481,none
2026-08-10T16:51:39.228939,334,3,person,0.8907,685.6,248.3,1177.3,715.1,931,481,none
2026-08-10T16:51:39.348791,335,3,person,0.8894,686.3,248.6,1177.1,715.2,931,481,none
2026-08-10T16:51:39.428687,336,3,person,0.8862,687.0,248.4,1177.5,715.4,932,481,none
2026-08-10T16:51:39.549368,337,3,person,0.8477,692.8,248.9,1181.6,715.2,937,482,none
2026-08-10T16:51:39.648560,338,3,person,0.8702,692.3,249.2,1180.7,715.4,936,482,none
2026-08-10T16:51:39.729252,339,3,person,0.8567,691.1,249.3,1179.4,715.5,935,482,none
2026-08-10T16:51:39.849996,340,3,person,0.858,691.0,249.5,1178.8,715.5,934,482,none
2026-08-10T16:51:39.928925,341,3,person,0.8678,689.7,249.0,1178.1,715.5,933,482,none
2026-08-10T16:51:40.049177,342,3,person,0.8234,689.6,248.9,1177.9,715.4,933,482,none
2026-08-10T16:51:40.129020,343,3,person,0.8653,690.3,249.2,1178.0,715.2,934,482,none
2026-08-10T16:51:40.248509,344,3,person,0.8359,691.3,249.5,1178.1,715.4,934,482,none
2026-08-10T16:51:40.328569,345,3,person,0.7084,695.7,248.3,1182.1,715.7,938,481,none
2026-08-10T16:51:40.449148,346,3,person,0.5096,702.5,247.8,1185.3,714.9,943,481,none
2026-08-10T16:51:40.528983,347,3,person,0.7071,706.8,248.8,1185.3,715.1,946,481,none
2026-08-10T16:51:40.650892,348,3,person,0.7084,713.0,249.0,1186.6,715.1,949,482,none
2026-08-10T16:51:40.728548,349,3,person,0.6357,719.1,246.8,1188.2,714.6,953,480,none
2026-08-10T16:51:40.849052,350,3,person,0.525,714.3,246.5,1180.6,715.8,947,481,none
2026-08-10T16:51:40.930915,351,3,person,0.5249,714.4,245.0,1176.9,715.5,945,480,none
2026-08-10T16:51:41.049188,352,3,person,0.6331,710.4,244.0,1169.9,715.4,940,479,none
2026-08-10T16:51:41.129091,353,3,person,0.8433,614.5,246.0,1092.8,716.1,853,481,none
2026-08-10T16:51:41.249976,354,3,person,0.8436,670.6,244.6,1143.5,715.9,907,480,none
2026-08-10T16:51:41.328612,355,3,person,0.7926,692.8,244.6,1159.6,715.9,926,480,none
2026-08-10T16:51:41.448688,356,3,person,0.8025,700.5,244.7,1161.2,715.9,930,480,none
2026-08-10T16:51:41.528912,357,3,person,0.7597,702.7,244.7,1158.0,716.1,930,480,none
2026-08-10T16:51:41.620253,358,3,person,0.8166,704.2,244.5,1154.5,716.0,929,480,none
2026-08-10T16:51:41.739320,359,3,person,0.8171,705.8,244.0,1151.7,715.9,928,479,none
2026-08-10T16:51:41.858997,360,3,person,0.8056,708.0,244.1,1149.5,715.9,928,479,none
2026-08-10T16:51:41.939151,361,3,person,0.82,710.0,242.8,1148.7,715.8,929,479,none
2026-08-10T16:51:42.019752,362,3,person,0.7612,712.5,242.8,1147.8,715.8,930,479,none
2026-08-10T16:51:42.138869,363,3,person,0.8187,716.0,242.5,1148.2,715.8,932,479,none
2026-08-10T16:51:42.219786,364,3,person,0.8258,716.6,239.9,1147.9,715.9,932,477,none
2026-08-10T16:51:42.339823,365,3,person,0.8462,718.3,239.3,1147.5,715.9,932,477,none
2026-08-10T16:51:42.459236,366,3,person,0.8571,719.6,239.1,1146.4,715.9,933,477,none
2026-08-10T16:51:42.539189,367,3,person,0.866,719.9,238.6,1144.9,715.9,932,477,none
2026-08-10T16:51:42.619705,368,3,person,0.8721,719.3,238.1,1142.7,715.9,930,476,none
2026-08-10T16:51:42.739259,369,3,person,0.8686,718.2,237.6,1140.4,716.0,929,476,none
2026-08-10T16:51:42.819722,370,3,person,0.8655,717.4,237.3,1138.3,716.2,927,476,none
2026-08-10T16:51:42.939101,371,3,person,0.8705,717.6,238.0,1136.7,716.3,927,477,none
2026-08-10T16:51:43.060069,372,3,person,0.8772,718.2,238.5,1135.4,716.2,926,477,none
2026-08-10T16:51:43.139142,373,3,person,0.876,718.9,239.4,1134.2,716.3,926,477,none
2026-08-10T16:51:43.219635,374,3,person,0.8809,718.6,239.2,1133.3,716.4,925,477,none
2026-08-10T16:51:43.339507,375,3,person,0.8907,717.1,238.8,1131.8,716.6,924,477,none
2026-08-10T16:51:43.420582,376,3,person,0.8952,713.1,237.3,1128.4,716.5,920,476,none
2026-08-10T16:51:43.539847,377,3,person,0.8705,706.5,236.4,1122.6,716.2,914,476,none
2026-08-10T16:51:43.619590,378,3,person,0.7264,699.2,233.6,1117.1,715.4,908,474,none
2026-08-10T16:51:43.739586,379,3,person,0.891,690.5,233.0,1109.2,715.4,899,474,none
2026-08-10T16:51:43.820317,380,3,person,0.7867,679.4,231.5,1100.7,714.9,890,473,none
2026-08-10T16:51:43.943737,381,3,person,0.9101,668.0,230.1,1091.7,715.1,879,472,none
2026-08-10T16:51:44.060432,382,3,person,0.9111,658.0,230.9,1082.4,714.7,870,472,none
2026-08-10T16:51:44.139460,383,3,person,0.9125,648.7,231.1,1074.5,714.6,861,472,none
2026-08-10T16:51:44.220483,384,3,person,0.8918,632.9,230.4,1063.6,714.5,848,472,none
2026-08-10T16:51:44.339732,385,3,person,0.8961,625.5,230.8,1059.7,714.8,842,472,none
2026-08-10T16:51:44.419639,386,3,person,0.904,626.2,231.1,1063.2,715.1,844,473,none
2026-08-10T16:51:44.539002,387,3,person,0.9024,625.7,232.0,1065.2,715.2,845,473,none
2026-08-10T16:51:44.659514,388,3,person,0.9032,628.6,233.8,1068.8,715.0,848,474,none
2026-08-10T16:51:44.739248,389,3,person,0.9075,632.7,236.3,1072.5,714.9,852,475,none
2026-08-10T16:51:44.820240,390,3,person,0.9006,633.6,236.5,1075.4,714.9,854,475,none
2026-08-10T16:51:44.939750,391,3,person,0.8863,632.4,236.7,1076.6,715.0,854,475,none
2026-08-10T16:51:45.019500,392,3,person,0.8931,625.4,236.8,1073.8,715.1,849,475,none
2026-08-10T16:51:45.139250,393,3,person,0.9103,633.9,236.3,1083.7,715.2,858,475,none
2026-08-10T16:51:45.220068,394,3,person,0.9224,638.5,236.5,1088.8,715.3,863,475,none
2026-08-10T16:51:45.340782,395,3,person,0.9205,640.0,235.8,1091.5,715.4,865,475,none
2026-08-10T16:51:45.420718,396,3,person,0.9214,640.4,237.1,1091.0,715.3,865,476,none
2026-08-10T16:51:45.540533,397,3,person,0.9156,639.4,238.9,1089.2,715.3,864,477,none
2026-08-10T16:51:45.660160,398,3,person,0.9153,638.4,239.6,1088.4,715.3,863,477,none
2026-08-10T16:51:45.739511,399,3,person,0.9166,637.6,239.5,1088.5,715.4,863,477,none
2026-08-10T16:51:45.821109,400,3,person,0.9146,637.5,240.8,1088.1,715.4,862,478,none
2026-08-10T16:51:45.940399,401,3,person,0.9116,637.0,241.4,1087.9,715.4,862,478,none
2026-08-10T16:51:46.020503,402,3,person,0.9109,636.5,241.9,1087.9,715.5,862,478,none
2026-08-10T16:51:46.139634,403,3,person,0.9117,637.0,243.6,1087.8,715.6,862,479,none
2026-08-10T16:51:46.259691,404,3,person,0.9138,637.1,244.6,1087.8,715.6,862,480,none
2026-08-10T16:51:46.340170,405,3,person,0.9147,637.3,245.0,1088.4,715.6,862,480,none
2026-08-10T16:51:46.420690,406,3,person,0.9142,638.1,245.8,1089.3,715.7,863,480,none
2026-08-10T16:51:46.540159,407,3,person,0.9152,638.9,246.2,1090.4,715.8,864,481,none
2026-08-10T16:51:46.620632,408,3,person,0.9149,639.6,246.7,1091.0,715.9,865,481,none
2026-08-10T16:51:46.739994,409,3,person,0.9144,639.7,246.9,1091.2,715.8,865,481,none
2026-08-10T16:51:46.819826,410,3,person,0.9128,639.6,246.6,1091.8,715.9,865,481,none
2026-08-10T16:51:46.939705,411,3,person,0.912,640.3,246.5,1092.8,715.9,866,481,none
2026-08-10T16:51:47.020229,412,3,person,0.914,640.9,245.9,1094.1,715.9,867,480,none
2026-08-10T16:51:47.139960,413,3,person,0.9146,641.2,245.6,1094.7,715.9,867,480,none
2026-08-10T16:51:47.230828,414,3,person,0.9151,641.3,245.5,1095.0,715.9,868,480,none
2026-08-10T16:51:47.350068,415,3,person,0.9151,641.3,245.6,1095.0,715.8,868,480,none
2026-08-10T16:51:47.430716,416,3,person,0.9176,641.3,246.1,1094.7,715.8,867,480,none
2026-08-10T16:51:47.550677,417,3,person,0.917,640.7,246.2,1094.4,715.8,867,481,none
2026-08-10T16:51:47.629951,418,3,person,0.9167,640.4,246.2,1094.3,715.8,867,480,none
2026-08-10T16:51:47.749569,419,3,person,0.916,640.1,246.3,1094.2,715.7,867,481,none
2026-08-10T16:51:47.829605,420,3,person,0.9171,640.0,244.9,1095.5,715.6,867,480,none
2026-08-10T16:51:47.950459,421,3,person,0.9189,638.5,236.6,1101.1,715.2,869,475,none
2026-08-10T16:51:48.029489,422,3,person,0.9125,630.3,213.8,1113.2,715.0,871,464,none
2026-08-10T16:51:48.150469,423,3,person,0.9054,619.9,195.4,1118.6,715.0,869,455,none
2026-08-10T16:51:48.229602,424,3,person,0.9191,613.2,184.7,1120.0,715.1,866,449,none
2026-08-10T16:51:48.349421,425,3,person,0.9008,600.8,178.3,1110.9,714.7,855,446,none
2026-08-10T16:51:48.429795,426,3,person,0.9074,590.2,178.9,1098.5,714.6,844,446,none
2026-08-10T16:51:48.550994,427,3,person,0.9204,568.8,180.1,1076.7,714.4,822,447,none
2026-08-10T16:51:48.631333,428,3,person,0.9178,549.7,182.1,1058.0,714.4,803,448,none
2026-08-10T16:51:48.750402,429,3,person,0.9058,536.5,186.4,1044.8,714.2,790,450,none
2026-08-10T16:51:48.829190,430,3,person,0.9046,530.8,190.2,1039.8,713.9,785,452,none
2026-08-10T16:51:48.950408,431,3,person,0.902,536.8,193.0,1047.4,713.5,792,453,none
2026-08-10T16:51:49.030528,432,3,person,0.918,549.9,194.8,1062.4,713.3,806,454,none
2026-08-10T16:51:49.149939,433,3,person,0.9067,565.0,194.5,1081.8,713.8,823,454,none
2026-08-10T16:51:49.231135,434,3,person,0.8659,597.3,190.8,1117.5,713.9,857,452,none
2026-08-10T16:51:49.351013,435,3,person,0.816,632.9,186.3,1155.1,713.9,893,450,none
2026-08-10T16:51:49.429293,436,3,person,0.6293,673.1,183.5,1194.0,714.2,933,448,none
2026-08-10T16:51:49.550319,437,3,person,0.8535,713.2,181.2,1230.1,714.0,971,447,none
2026-08-10T16:51:49.631286,438,3,person,0.9273,752.5,179.2,1264.4,714.5,1008,446,none
2026-08-10T16:51:49.750337,439,3,person,0.926,789.4,178.3,1280.0,714.6,1034,446,none
2026-08-10T16:51:49.831202,440,3,person,0.9308,821.3,177.1,1280.0,714.3,1050,445,none
2026-08-10T16:51:49.951303,441,3,person,0.9328,846.1,176.3,1280.0,714.0,1063,445,none
2026-08-10T16:51:50.029382,442,3,person,0.9314,863.7,177.3,1280.0,714.3,1071,445,none
2026-08-10T16:51:50.150247,443,3,person,0.9205,879.9,177.6,1280.0,713.9,1079,445,none
2026-08-10T16:51:50.231202,444,3,person,0.9148,890.5,177.5,1280.0,713.9,1085,445,none
2026-08-10T16:51:50.350303,445,3,person,0.9185,899.5,179.2,1280.0,714.0,1089,446,none
2026-08-10T16:51:50.430656,446,3,person,0.924,906.9,181.8,1280.0,714.4,1093,448,none
2026-08-10T16:51:50.550439,447,3,person,0.9263,911.9,183.0,1280.0,714.4,1095,448,none
2026-08-10T16:51:50.629110,448,3,person,0.9267,915.2,183.5,1280.0,714.5,1097,449,none
2026-08-10T16:51:50.750414,449,3,person,0.9239,915.2,182.2,1280.0,714.7,1097,448,none
2026-08-10T16:51:50.830803,450,3,person,0.9248,914.8,181.7,1280.0,714.5,1097,448,none
2026-08-10T16:51:50.950433,451,3,person,0.9298,914.6,183.6,1280.0,714.3,1097,448,none
2026-08-10T16:51:51.030453,452,3,person,0.9318,913.0,184.3,1280.0,714.3,1096,449,none
2026-08-10T16:51:51.151131,453,3,person,0.9312,910.4,184.2,1280.0,714.2,1095,449,none
2026-08-10T16:51:51.230882,454,3,person,0.9333,906.9,182.4,1280.0,714.1,1093,448,none
2026-08-10T16:51:51.350088,455,3,person,0.936,905.4,182.1,1280.0,714.1,1092,448,none
2026-08-10T16:51:51.430365,456,3,person,0.938,904.4,182.4,1280.0,714.1,1092,448,none
2026-08-10T16:51:51.551279,457,3,person,0.9364,903.3,181.5,1280.0,714.1,1091,447,none
2026-08-10T16:51:51.642305,458,3,person,0.9351,902.9,180.9,1280.0,714.0,1091,447,none
2026-08-10T16:51:51.721368,459,3,person,0.9339,901.6,180.1,1280.0,713.9,1090,446,none
2026-08-10T16:51:51.840412,460,3,person,0.9327,899.3,179.8,1280.0,713.9,1089,446,none
2026-08-10T16:51:51.960130,461,3,person,0.9435,894.7,181.5,1275.9,713.3,1085,447,none
2026-08-10T16:51:52.039584,462,3,person,0.9407,888.4,183.8,1271.0,713.9,1079,448,none
2026-08-10T16:51:52.120780,463,3,person,0.9342,881.5,186.8,1265.4,713.8,1073,450,none
2026-08-10T16:51:52.241363,464,3,person,0.9363,867.0,192.1,1252.7,714.8,1059,453,none
2026-08-10T16:51:52.320748,465,3,person,0.9287,845.7,196.9,1233.7,715.0,1039,455,none
2026-08-10T16:51:52.440461,466,3,person,0.9399,823.1,199.0,1216.3,715.2,1019,457,none
2026-08-10T16:51:52.559878,467,3,person,0.9366,801.1,200.6,1200.1,714.9,1000,457,none
2026-08-10T16:51:52.639570,468,3,person,0.9345,785.0,200.4,1190.6,714.1,987,457,none
2026-08-10T16:51:52.720443,469,3,person,0.9374,777.8,199.8,1189.0,713.8,983,456,none
2026-08-10T16:51:52.842138,470,3,person,0.9354,780.2,199.8,1195.3,714.1,987,456,none
2026-08-10T16:51:52.920911,471,3,person,0.9435,787.5,197.9,1206.6,714.6,997,456,none
2026-08-10T16:51:53.040279,472,3,person,0.9393,796.6,196.5,1217.8,714.7,1007,455,none
2026-08-10T16:51:53.160033,473,3,person,0.9305,805.3,196.0,1227.5,714.4,1016,455,none
2026-08-10T16:51:53.239952,474,3,person,0.9323,814.5,196.0,1236.7,714.3,1025,455,none
2026-08-10T16:51:53.320583,475,3,person,0.9328,823.4,195.8,1245.0,714.7,1034,455,none
2026-08-10T16:51:53.440153,476,3,person,0.9375,830.0,195.3,1250.2,714.4,1040,454,none
2026-08-10T16:51:53.560209,477,3,person,0.9313,829.8,195.3,1248.9,714.4,1039,454,none
2026-08-10T16:51:53.649949,478,3,person,0.9312,846.8,199.0,1257.0,714.0,1051,456,none
2026-08-10T16:51:53.731385,479,3,person,0.9106,860.3,203.8,1257.2,713.4,1058,458,none
2026-08-10T16:51:53.851010,480,3,person,0.9104,871.7,207.7,1256.4,713.6,1064,460,none
2026-08-10T16:51:53.930390,481,3,person,0.8987,880.7,208.8,1256.2,713.8,1068,461,none
2026-08-10T16:51:54.052342,482,3,person,0.9068,889.1,208.7,1257.1,713.7,1073,461,none
2026-08-10T16:51:54.131238,483,3,person,0.9177,893.8,206.4,1257.2,713.8,1075,460,none
2026-08-10T16:51:54.250943,484,3,person,0.9236,897.0,202.7,1258.0,713.3,1077,458,none
2026-08-10T16:51:54.331804,485,3,person,0.9348,896.4,199.8,1256.7,713.3,1076,456,none
2026-08-10T16:51:54.450394,486,3,person,0.9387,897.5,199.8,1257.4,713.6,1077,456,none
2026-08-10T16:51:54.530657,487,3,person,0.9439,900.0,198.9,1260.7,713.7,1080,456,none
2026-08-10T16:51:54.650103,488,3,person,0.9344,901.6,197.8,1264.8,713.7,1083,455,none
2026-08-10T16:51:54.731471,489,3,person,0.9163,900.5,195.4,1268.1,714.1,1084,454,none
2026-08-10T16:51:54.850229,490,3,person,0.9168,897.4,192.0,1269.9,714.5,1083,453,none
2026-08-10T16:51:54.931886,491,3,person,0.9197,894.9,187.9,1272.1,714.7,1083,451,none
2026-08-10T16:51:55.050438,492,3,person,0.9085,891.8,185.9,1272.4,714.8,1082,450,none
2026-08-10T16:51:55.130883,493,3,person,0.9209,887.3,183.7,1271.3,714.7,1079,449,none
2026-08-10T16:51:55.249822,494,3,person,0.9208,882.5,181.5,1270.1,714.3,1076,447,none
2026-08-10T16:51:55.331089,495,3,person,0.9271,880.4,179.2,1271.0,714.0,1075,446,none
2026-08-10T16:51:55.450095,496,3,person,0.8894,882.2,176.9,1275.1,714.2,1078,445,none
2026-08-10T16:51:55.531605,497,3,person,0.9182,814.5,180.9,1222.7,713.9,1018,447,none
2026-08-10T16:51:55.621382,498,3,person,0.9323,777.1,184.9,1200.9,713.3,989,449,none
2026-08-10T16:51:55.740621,499,3,person,0.9101,740.1,186.2,1185.1,713.7,962,449,none
2026-08-10T16:51:55.860390,500,3,person,0.7648,829.1,185.4,1266.5,712.8,1047,449,none
2026-08-10T16:51:55.939980,501,3,person,0.9117,857.7,185.9,1280.0,712.9,1068,449,none
2026-08-10T16:51:56.020980,502,3,person,0.9213,858.7,187.3,1280.0,712.8,1069,450,none
2026-08-10T16:51:56.141155,503,3,person,0.9391,850.0,189.7,1279.3,713.5,1064,451,none
2026-08-10T16:51:56.260445,504,3,person,0.9373,844.2,190.5,1275.0,714.4,1059,452,none
2026-08-10T16:51:56.340344,505,3,person,0.9315,844.7,193.9,1274.5,714.9,1059,454,none
2026-08-10T16:51:56.420396,506,3,person,0.9137,841.0,198.3,1269.7,714.6,1055,456,none
2026-08-10T16:51:56.540324,507,3,person,0.8899,830.3,198.8,1262.4,713.8,1046,456,none
2026-08-10T16:51:56.622435,508,3,person,0.9117,821.9,192.4,1262.4,713.0,1042,452,none
2026-08-10T16:51:56.741111,509,3,person,0.9172,811.4,192.4,1257.3,713.0,1034,452,none
2026-08-10T16:51:56.821320,510,3,person,0.8845,794.2,196.7,1245.8,713.8,1019,455,none
2026-08-10T16:51:56.941108,511,3,person,0.8489,776.4,201.3,1237.0,717.2,1006,459,none
2026-08-10T16:51:57.020519,512,3,person,0.8754,776.9,203.9,1241.3,715.8,1009,459,none
2026-08-10T16:51:57.140672,513,3,person,0.8411,776.4,204.3,1246.6,715.6,1011,459,none
2026-08-10T16:51:57.220957,514,3,person,0.879,775.4,203.3,1250.7,714.3,1013,458,none
2026-08-10T16:51:57.340764,515,3,person,0.9124,777.1,202.6,1256.8,713.8,1016,458,none
2026-08-10T16:51:57.460773,516,3,person,0.9226,776.6,202.2,1260.2,713.6,1018,457,none
2026-08-10T16:51:57.540789,517,3,person,0.9243,778.1,203.2,1263.9,714.1,1021,458,none
2026-08-10T16:51:57.631269,518,3,person,0.9345,777.9,203.2,1266.8,714.8,1022,459,none
2026-08-10T16:51:57.749692,519,3,person,0.9295,777.3,202.9,1268.7,715.1,1022,459,none
2026-08-10T16:51:57.831665,520,3,person,0.9274,777.1,202.8,1270.2,715.0,1023,458,none
2026-08-10T16:51:57.953068,521,3,person,0.9259,777.1,202.7,1271.9,715.2,1024,458,none
2026-08-10T16:51:58.036763,522,3,person,0.9136,779.1,202.5,1274.8,715.3,1026,458,none
2026-08-10T16:51:58.150904,523,3,person,0.9025,795.7,200.3,1280.0,715.4,1037,457,none
2026-08-10T16:51:58.231212,524,3,person,0.9161,815.0,199.5,1280.0,715.0,1047,457,none
2026-08-10T16:51:58.350864,525,3,person,0.8838,842.4,197.2,1280.0,714.2,1061,455,none
2026-08-10T16:51:58.430954,526,3,person,0.8886,858.2,196.3,1280.0,713.9,1069,455,none
2026-08-10T16:51:58.550110,527,3,person,0.8997,870.9,195.4,1280.0,714.3,1075,454,none
2026-08-10T16:51:58.630814,528,3,person,0.9159,882.7,196.5,1280.0,714.6,1081,455,none
2026-08-10T16:51:58.750779,529,3,person,0.9384,900.9,198.8,1280.0,714.0,1090,456,none
2026-08-10T16:51:58.830417,530,3,person,0.934,918.5,202.3,1280.0,713.4,1099,457,none
2026-08-10T16:51:58.950237,531,3,person,0.9197,935.3,204.4,1280.0,712.5,1107,458,none
2026-08-10T16:51:59.030176,532,3,person,0.9292,951.6,205.4,1280.0,712.7,1115,459,none
2026-08-10T16:51:59.150252,533,3,person,0.9195,968.3,206.6,1280.0,712.6,1124,459,none
2026-08-10T16:51:59.230732,534,3,person,0.9245,983.2,204.2,1280.0,712.5,1131,458,none
2026-08-10T16:51:59.350349,535,3,person,0.9209,975.0,202.7,1280.0,713.1,1127,457,none
2026-08-10T16:51:59.430739,536,3,person,0.9367,974.0,203.4,1280.0,713.4,1126,458,none
2026-08-10T16:51:59.551038,537,3,person,0.9357,974.0,204.0,1280.0,713.4,1127,458,none
2026-08-10T16:51:59.632033,538,3,person,0.9325,975.4,205.1,1280.0,713.2,1127,459,none
2026-08-10T16:51:59.750468,539,3,person,0.9297,977.3,205.9,1280.0,713.0,1128,459,none
2026-08-10T16:51:59.830931,540,3,person,0.9358,978.5,205.7,1280.0,713.2,1129,459,none
2026-08-10T16:51:59.950297,541,3,person,0.9329,978.3,206.0,1280.0,713.2,1129,459,none
2026-08-10T16:52:00.031627,542,3,person,0.9332,976.1,202.6,1280.0,712.6,1128,457,none
2026-08-10T16:52:00.153666,543,3,person,0.9355,965.8,200.4,1280.0,713.1,1122,456,none
2026-08-10T16:52:00.231619,544,3,person,0.9089,944.7,201.3,1268.6,713.7,1106,457,none
2026-08-10T16:52:00.353137,545,3,person,0.879,916.9,201.4,1249.7,714.2,1083,457,none
2026-08-10T16:52:00.434059,546,3,person,0.9039,893.6,198.8,1237.9,714.0,1065,456,none
2026-08-10T16:52:00.551255,547,3,person,0.9027,877.6,197.3,1233.0,713.9,1055,455,none
2026-08-10T16:52:00.634802,548,3,person,0.8647,859.5,195.0,1227.1,712.4,1043,453,none
2026-08-10T16:52:00.750943,549,3,person,0.856,841.0,194.6,1221.7,712.3,1031,453,none
2026-08-10T16:52:00.830638,550,3,person,0.7581,829.4,196.1,1219.5,709.1,1024,452,none
2026-08-10T16:52:00.950570,551,3,person,0.7876,824.5,197.5,1221.7,704.2,1023,450,none
2026-08-10T16:52:01.031045,552,3,person,0.8011,808.4,200.1,1218.8,706.9,1013,453,none
2026-08-10T16:52:01.150895,553,3,person,0.8276,793.0,201.7,1213.0,702.0,1003,451,none
2026-08-10T16:52:01.230176,554,3,person,0.857,775.6,202.6,1208.9,700.4,992,451,none
2026-08-10T16:52:01.351131,555,3,person,0.8187,762.1,203.4,1208.0,698.1,985,450,none
2026-08-10T16:52:01.430931,556,3,person,0.6838,754.1,202.8,1211.4,694.7,982,448,none
2026-08-10T16:52:01.551286,557,3,person,0.6623,749.0,201.3,1216.8,690.8,982,446,none
2026-08-10T16:52:01.552304,557,76,person,0.4484,874.4,200.6,1280.0,677.5,1077,439,none
2026-08-10T16:52:01.632242,558,76,person,0.799,851.1,199.2,1280.0,697.0,1065,448,none
2026-08-10T16:52:01.751026,559,76,person,0.9129,834.7,192.8,1280.0,712.1,1057,452,none
2026-08-10T16:52:01.830576,560,76,person,0.8819,830.9,186.2,1280.0,716.2,1055,451,none
2026-08-10T16:52:01.951146,561,76,person,0.8947,833.6,181.8,1280.0,717.0,1056,449,none
2026-08-10T16:52:02.031050,562,76,person,0.9068,834.1,171.4,1280.0,716.7,1057,444,none
2026-08-10T16:52:02.150250,563,76,person,0.8963,836.3,169.8,1280.0,716.7,1058,443,none
2026-08-10T16:52:02.230619,564,76,person,0.904,837.0,173.0,1280.0,715.8,1058,444,none
2026-08-10T16:52:02.351031,565,76,person,0.9108,835.7,174.6,1280.0,715.0,1057,444,none
2026-08-10T16:52:02.430633,566,76,person,0.9182,835.0,179.5,1280.0,715.0,1057,447,none
2026-08-10T16:52:02.550781,567,76,person,0.9245,831.9,185.3,1275.3,714.7,1053,449,none
2026-08-10T16:52:02.630791,568,76,person,0.9296,824.4,190.0,1262.1,714.8,1043,452,none
2026-08-10T16:52:02.751814,569,76,person,0.9097,820.4,193.6,1253.0,714.8,1036,454,none
2026-08-10T16:52:02.830937,570,76,person,0.8997,819.4,195.2,1248.2,715.0,1033,455,none
2026-08-10T16:52:02.951119,571,76,person,0.881,821.9,197.9,1245.4,715.1,1033,456,none
2026-08-10T16:52:03.030330,572,76,person,0.8804,826.5,201.0,1244.2,714.8,1035,457,none
2026-08-10T16:52:03.151479,573,76,person,0.9033,837.7,203.8,1250.1,714.7,1043,459,none
2026-08-10T16:52:03.230402,574,76,person,0.8962,854.2,205.3,1262.6,714.8,1058,460,none
2026-08-10T16:52:03.351041,575,76,person,0.9144,873.4,205.5,1279.6,714.5,1076,460,none
2026-08-10T16:52:03.431016,576,76,person,0.9306,883.4,206.6,1280.0,714.1,1081,460,none
2026-08-10T16:52:03.551120,577,76,person,0.8937,892.7,209.9,1280.0,713.7,1086,461,none
2026-08-10T16:52:03.640531,578,76,person,0.9268,908.9,209.9,1280.0,713.1,1094,461,none
2026-08-10T16:52:03.760940,579,76,person,0.9285,919.8,211.1,1280.0,713.4,1099,462,none
2026-08-10T16:52:03.840965,580,76,person,0.9128,923.8,214.5,1280.0,712.8,1101,463,none
2026-08-10T16:52:03.964009,581,76,person,0.8486,919.3,215.3,1280.0,713.0,1099,464,none
2026-08-10T16:52:04.040576,582,76,person,0.8644,905.5,217.6,1280.0,713.4,1092,465,none
2026-08-10T16:52:04.160988,583,76,person,0.7299,900.5,217.1,1277.3,712.8,1088,464,none
2026-08-10T16:52:04.240901,584,76,person,0.6679,891.8,208.5,1276.0,712.8,1083,460,none
2026-08-10T16:52:04.361211,585,76,person,0.81,883.2,202.5,1272.9,711.6,1078,457,none
2026-08-10T16:52:04.440812,586,76,person,0.8217,878.9,197.0,1273.8,711.5,1076,454,none
2026-08-10T16:52:04.561074,587,76,person,0.6802,860.7,195.1,1262.1,711.4,1061,453,none
2026-08-10T16:52:04.641733,588,76,person,0.6185,809.9,196.1,1227.3,713.1,1018,454,none
2026-08-10T16:52:04.760651,589,76,person,0.5287,813.7,202.3,1234.7,713.3,1024,457,none
2026-08-10T16:52:04.841716,590,76,person,0.7292,798.0,206.8,1219.1,699.7,1008,453,none
2026-08-10T16:52:04.962930,591,76,person,0.8341,760.1,208.8,1202.4,705.4,981,457,none
2026-08-10T16:52:05.041175,592,76,person,0.8587,733.3,208.7,1197.4,710.1,965,459,none
2026-08-10T16:52:05.161408,593,76,person,0.8112,728.7,208.5,1206.6,710.0,967,459,none
2026-08-10T16:52:05.240746,594,76,person,0.8691,709.9,211.4,1204.4,714.5,957,462,none
2026-08-10T16:52:05.360671,595,76,person,0.88,696.6,216.3,1202.9,715.1,949,465,none
2026-08-10T16:52:05.441113,596,76,person,0.913,688.1,218.0,1206.3,714.1,947,466,none
2026-08-10T16:52:05.561194,597,76,person,0.9054,682.1,218.5,1213.7,715.5,947,466,none
2026-08-10T16:52:05.650767,598,76,person,0.8834,691.6,215.9,1232.7,715.3,962,465,none
2026-08-10T16:52:05.731361,599,76,person,0.9045,718.2,209.7,1264.7,715.3,991,462,none
2026-08-10T16:52:05.851321,600,76,person,0.8977,746.2,205.9,1280.0,715.3,1013,460,none
2026-08-10T16:52:05.930836,601,76,person,0.9253,777.4,204.8,1280.0,715.3,1028,460,none
2026-08-10T16:52:06.050200,602,76,person,0.9088,797.2,202.3,1280.0,714.4,1038,458,none
2026-08-10T16:52:06.130844,603,76,person,0.9207,807.1,199.3,1280.0,713.2,1043,456,none
2026-08-10T16:52:06.251853,604,76,person,0.9139,812.7,197.3,1280.0,713.2,1046,455,none
2026-08-10T16:52:06.330925,605,76,person,0.9159,817.3,196.0,1280.0,713.0,1048,454,none
2026-08-10T16:52:06.451575,606,76,person,0.9158,824.8,195.5,1280.0,713.1,1052,454,none
2026-08-10T16:52:06.530695,607,76,person,0.9257,823.9,195.5,1280.0,713.2,1051,454,none
2026-08-10T16:52:06.650939,608,76,person,0.9359,823.4,195.6,1280.0,713.6,1051,454,none
2026-08-10T16:52:06.731186,609,76,person,0.9337,823.1,195.7,1280.0,713.7,1051,454,none
2026-08-10T16:52:06.852018,610,76,person,0.9361,823.5,196.1,1280.0,714.2,1051,455,none
2026-08-10T16:52:06.930919,611,76,person,0.9383,827.7,196.0,1280.0,714.5,1053,455,none
2026-08-10T16:52:07.051571,612,76,person,0.944,827.8,196.3,1280.0,714.5,1053,455,none
2026-08-10T16:52:07.130842,613,76,person,0.9408,823.8,197.0,1279.2,714.5,1051,455,none
2026-08-10T16:52:07.251306,614,76,person,0.9432,818.3,199.3,1274.2,715.1,1046,457,none
2026-08-10T16:52:07.330995,615,76,person,0.9359,815.7,201.4,1271.4,714.4,1043,457,none
2026-08-10T16:52:07.451502,616,76,person,0.9426,832.7,205.8,1280.0,714.3,1056,460,none
2026-08-10T16:52:07.531295,617,76,person,0.9283,852.3,208.9,1280.0,714.0,1066,461,none
2026-08-10T16:52:07.651811,618,76,person,0.899,852.8,211.7,1278.7,713.8,1065,462,none
2026-08-10T16:52:07.730776,619,76,person,0.8922,861.0,214.0,1272.3,713.9,1066,463,none
2026-08-10T16:52:07.851215,620,76,person,0.9155,836.8,214.7,1246.2,714.5,1041,464,none
2026-08-10T16:52:07.935057,621,76,person,0.8509,784.7,212.5,1207.4,713.2,996,462,none
2026-08-10T16:52:08.052016,622,76,person,0.9378,746.5,212.0,1189.5,713.5,967,462,none
2026-08-10T16:52:08.131336,623,76,person,0.9455,713.8,212.3,1178.5,713.1,946,462,none
2026-08-10T16:52:08.251482,624,76,person,0.9394,687.9,212.0,1174.9,713.0,931,462,none
2026-08-10T16:52:08.330882,625,76,person,0.937,666.8,210.0,1176.7,712.8,921,461,none
2026-08-10T16:52:08.450779,626,76,person,0.9382,647.6,207.6,1180.1,712.7,913,460,none
2026-08-10T16:52:08.531285,627,76,person,0.9435,634.5,206.5,1186.8,713.0,910,459,none
2026-08-10T16:52:08.652579,628,76,person,0.9175,624.4,205.5,1195.4,714.1,909,459,none
2026-08-10T16:52:08.731153,629,76,person,0.9046,618.7,204.7,1205.8,715.2,912,459,none
2026-08-10T16:52:08.851464,630,76,person,0.8678,613.2,202.5,1215.2,715.3,914,458,none
2026-08-10T16:52:08.931330,631,76,person,0.9362,609.5,200.8,1223.5,714.6,916,457,none
2026-08-10T16:52:09.051350,632,76,person,0.9445,606.8,198.5,1231.4,713.4,919,455,none
2026-08-10T16:52:09.133150,633,76,person,0.9477,605.9,196.3,1240.6,713.8,923,455,none
2026-08-10T16:52:09.251434,634,76,person,0.9207,610.9,196.0,1252.2,715.2,931,455,none
2026-08-10T16:52:09.331458,635,76,person,0.8913,614.7,195.4,1260.1,715.3,937,455,none
2026-08-10T16:52:09.451729,636,76,person,0.8842,621.1,195.3,1268.1,715.1,944,455,none
2026-08-10T16:52:09.530911,637,76,person,0.9132,629.1,196.2,1275.2,715.1,952,455,none
2026-08-10T16:52:09.651373,638,76,person,0.8782,635.9,194.1,1280.0,713.3,957,453,none
2026-08-10T16:52:09.732052,639,76,person,0.7844,641.3,192.1,1280.0,712.1,960,452,none
2026-08-10T16:52:09.851856,640,76,person,0.8214,660.6,191.9,1280.0,692.8,970,442,none
2026-08-10T16:52:09.931256,641,76,person,0.7921,666.0,191.1,1280.0,691.3,973,441,none
2026-08-10T16:52:10.051473,642,76,person,0.7557,661.5,190.6,1280.0,699.0,970,444,none
2026-08-10T16:52:10.131329,643,76,person,0.7264,657.3,190.4,1280.0,707.4,968,448,none
2026-08-10T16:52:10.251380,644,76,person,0.7488,664.8,190.8,1280.0,710.6,972,450,none
2026-08-10T16:52:10.331311,645,76,person,0.7484,716.5,190.2,1280.0,711.8,998,451,none
2026-08-10T16:52:10.452254,646,76,person,0.7569,736.8,190.1,1280.0,712.5,1008,451,none
2026-08-10T16:52:10.531468,647,76,person,0.7646,736.5,189.6,1280.0,712.8,1008,451,none
2026-08-10T16:52:10.652186,648,76,person,0.77,739.0,188.8,1280.0,712.6,1009,450,none
2026-08-10T16:52:10.731224,649,76,person,0.7708,738.1,189.3,1280.0,712.2,1009,450,none
2026-08-10T16:52:10.851024,650,76,person,0.7306,751.2,191.7,1280.0,711.9,1015,451,none
2026-08-10T16:52:10.931198,651,76,person,0.7755,724.8,194.2,1280.0,712.8,1002,453,none
2026-08-10T16:52:11.051627,652,76,person,0.729,710.9,195.4,1278.8,712.6,994,453,none
2026-08-10T16:52:11.131547,653,76,person,0.7787,701.3,195.7,1270.5,711.4,985,453,none
2026-08-10T16:52:11.251725,654,76,person,0.7808,695.0,196.0,1260.7,703.9,977,449,none
2026-08-10T16:52:11.331026,655,76,person,0.7202,698.7,196.1,1257.4,693.0,978,444,none
2026-08-10T16:52:11.451893,656,76,person,0.7555,697.2,198.1,1250.2,683.7,973,440,none
2026-08-10T16:52:11.532645,657,76,person,0.7797,696.1,198.3,1250.7,680.1,973,439,none
2026-08-10T16:52:11.622237,658,76,person,0.7824,690.2,199.1,1249.5,679.3,969,439,none
2026-08-10T16:52:11.742234,659,76,person,0.7472,686.5,199.6,1250.7,679.1,968,439,none
2026-08-10T16:52:11.861671,660,76,person,0.762,684.8,198.4,1254.5,678.3,969,438,none
2026-08-10T16:52:11.942389,661,76,person,0.7946,681.2,195.2,1260.5,680.4,970,437,none
2026-08-10T16:52:12.062224,662,76,person,0.7661,681.2,192.3,1264.0,678.2,972,435,none
2026-08-10T16:52:12.141398,663,76,person,0.6731,679.3,185.2,1275.7,683.1,977,434,none
2026-08-10T16:52:12.261556,664,76,person,0.7473,724.0,179.7,1280.0,698.3,1002,439,none
2026-08-10T16:52:12.342587,665,76,person,0.6523,725.6,171.7,1280.0,707.4,1002,439,none
2026-08-10T16:52:12.462039,666,76,person,0.8241,718.4,165.8,1280.0,711.4,999,438,none
2026-08-10T16:52:12.541694,667,76,person,0.8542,727.8,160.6,1280.0,712.3,1003,436,none
2026-08-10T16:52:12.662144,668,76,person,0.864,737.8,160.9,1280.0,713.3,1008,437,none
2026-08-10T16:52:12.741249,669,76,person,0.8924,743.5,162.4,1280.0,713.9,1011,438,none
2026-08-10T16:52:12.861536,670,76,person,0.8968,764.0,163.6,1280.0,714.6,1021,439,none
2026-08-10T16:52:12.941599,671,76,person,0.9026,772.4,163.0,1280.0,714.8,1026,438,none
2026-08-10T16:52:13.064282,672,76,person,0.9105,777.7,162.0,1280.0,714.9,1028,438,none
2026-08-10T16:52:13.142367,673,76,person,0.9091,782.9,161.4,1280.0,714.7,1031,438,none
2026-08-10T16:52:13.262980,674,76,person,0.9206,786.8,161.4,1280.0,714.7,1033,438,none
2026-08-10T16:52:13.341418,675,76,person,0.921,790.3,161.4,1280.0,714.6,1035,437,none
2026-08-10T16:52:13.461397,676,76,person,0.9137,794.0,161.2,1280.0,714.2,1037,437,none
2026-08-10T16:52:13.542074,677,76,person,0.9263,797.7,163.7,1280.0,713.8,1038,438,none
2026-08-10T16:52:13.631608,678,76,person,0.9021,802.1,165.2,1280.0,713.4,1041,439,none
2026-08-10T16:52:13.751747,679,76,person,0.8987,806.7,165.7,1280.0,713.3,1043,439,none
2026-08-10T16:52:13.831464,680,76,person,0.8143,810.2,166.6,1280.0,713.2,1045,439,none
2026-08-10T16:52:13.951680,681,76,person,0.8714,816.3,166.9,1280.0,713.3,1048,440,none
2026-08-10T16:52:14.031212,682,76,person,0.7977,823.2,165.9,1280.0,712.1,1051,438,none
2026-08-10T16:52:14.151411,683,76,person,0.7643,828.2,166.5,1280.0,711.6,1054,439,none
2026-08-10T16:52:14.232711,684,76,person,0.7519,830.3,166.5,1280.0,711.0,1055,438,none
2026-08-10T16:52:14.351843,685,76,person,0.6327,830.6,164.5,1280.0,711.6,1055,438,none
2026-08-10T16:52:14.431396,686,76,person,0.6719,826.2,166.3,1280.0,711.9,1053,439,none
2026-08-10T16:52:14.551578,687,76,person,0.7042,818.0,171.2,1280.0,712.1,1048,441,none
2026-08-10T16:52:14.631275,688,76,person,0.7673,801.0,174.4,1265.9,712.2,1033,443,none
2026-08-10T16:52:14.751619,689,76,person,0.7652,787.4,177.0,1256.1,712.2,1021,444,none
2026-08-10T16:52:14.831804,690,76,person,0.7682,775.8,178.6,1247.8,708.9,1011,443,none
2026-08-10T16:52:14.952723,691,76,person,0.7699,761.8,179.2,1236.4,700.7,999,439,none
2026-08-10T16:52:15.031537,692,76,person,0.7457,747.6,176.9,1230.1,694.9,988,435,none
2026-08-10T16:52:15.152030,693,76,person,0.7095,747.6,171.6,1234.7,685.3,991,428,none
2026-08-10T16:52:15.231195,694,76,person,0.6678,749.0,171.0,1239.0,679.4,993,425,none
2026-08-10T16:52:15.351647,695,76,person,0.7376,709.8,170.8,1230.4,699.4,970,435,none
2026-08-10T16:52:15.431580,696,76,person,0.8621,684.2,170.4,1225.5,708.1,954,439,none
2026-08-10T16:52:15.551591,697,76,person,0.8735,666.9,168.8,1225.0,712.0,945,440,none
2026-08-10T16:52:15.633756,698,76,person,0.9153,654.1,169.2,1225.9,715.1,939,442,none
2026-08-10T16:52:15.752282,699,76,person,0.9292,645.9,168.5,1229.4,716.0,937,442,none
2026-08-10T16:52:15.831312,700,76,person,0.9059,644.8,168.9,1236.1,715.9,940,442,none
2026-08-10T16:52:15.951624,701,76,person,0.9164,654.2,173.5,1245.7,715.3,949,444,none
2026-08-10T16:52:16.034500,702,76,person,0.9047,673.4,178.6,1260.9,714.9,967,446,none
2026-08-10T16:52:16.151772,703,76,person,0.9049,690.0,182.8,1272.4,714.5,981,448,none
2026-08-10T16:52:16.231719,704,76,person,0.9032,712.3,186.6,1280.0,714.3,996,450,none
2026-08-10T16:52:16.351472,705,76,person,0.929,761.5,189.1,1280.0,713.6,1020,451,none
2026-08-10T16:52:16.431481,706,76,person,0.9392,800.4,189.7,1280.0,713.5,1040,451,none
2026-08-10T16:52:16.551921,707,76,person,0.8785,808.0,187.9,1280.0,713.4,1044,450,none
2026-08-10T16:52:16.632411,708,76,person,0.8217,762.4,185.7,1280.0,714.0,1021,449,none
2026-08-10T16:52:16.753034,709,76,person,0.9285,796.1,181.9,1280.0,714.2,1038,448,none
2026-08-10T16:52:16.833928,710,76,person,0.9255,820.9,181.0,1280.0,714.8,1050,447,none
2026-08-10T16:52:16.955244,711,76,person,0.9058,844.9,183.8,1280.0,713.5,1062,448,none
2026-08-10T16:52:17.034294,712,76,person,0.9274,854.7,186.3,1280.0,712.8,1067,449,none
2026-08-10T16:52:17.151681,713,76,person,0.9292,860.7,191.4,1280.0,713.2,1070,452,none
2026-08-10T16:52:17.231825,714,76,person,0.9245,869.3,195.7,1280.0,713.1,1074,454,none
2026-08-10T16:52:17.352077,715,76,person,0.912,880.1,203.5,1280.0,713.4,1080,458,none
2026-08-10T16:52:17.431969,716,76,person,0.9232,886.9,203.1,1280.0,713.8,1083,458,none
2026-08-10T16:52:17.552312,717,76,person,0.9254,889.3,200.4,1280.0,714.1,1084,457,none
2026-08-10T16:52:17.632417,718,76,person,0.9345,884.4,201.0,1280.0,714.3,1082,457,none
2026-08-10T16:52:17.752156,719,76,person,0.9355,870.9,198.1,1280.0,714.3,1075,456,none
2026-08-10T16:52:17.832992,720,76,person,0.9219,861.7,192.1,1280.0,714.1,1070,453,none
2026-08-10T16:52:17.951959,721,76,person,0.9384,849.5,184.7,1276.0,714.2,1062,449,none
2026-08-10T16:52:18.032165,722,76,person,0.9279,827.4,180.7,1259.3,714.6,1043,447,none
2026-08-10T16:52:18.152153,723,76,person,0.789,804.9,179.2,1240.3,715.6,1022,447,none
2026-08-10T16:52:18.231565,724,76,person,0.7628,780.6,174.4,1221.1,714.9,1000,444,none
2026-08-10T16:52:18.352828,725,76,person,0.7811,755.0,174.2,1198.5,714.5,976,444,none
2026-08-10T16:52:18.431813,726,76,person,0.8379,726.4,183.2,1166.5,714.1,946,448,none
2026-08-10T16:52:18.552770,727,76,person,0.6774,667.9,213.0,1098.1,714.6,883,463,none
2026-08-10T16:52:18.632105,728,76,person,0.8986,635.5,253.7,1046.7,714.6,841,484,none
2026-08-10T16:52:18.752881,729,76,person,0.7652,589.4,291.7,988.5,713.6,788,502,none
2026-08-10T16:52:18.831849,730,76,person,0.8544,556.8,319.7,953.7,714.3,755,517,none
2026-08-10T16:52:18.952891,731,76,person,0.858,531.6,323.6,945.0,714.6,738,519,none
2026-08-10T16:52:19.032201,732,76,person,0.8852,508.8,307.7,954.8,715.0,731,511,none
2026-08-10T16:52:19.152221,733,76,person,0.6737,491.3,289.2,968.9,714.6,730,501,none
2026-08-10T16:52:19.232215,734,76,person,0.8902,479.2,258.7,997.6,714.8,738,486,none
2026-08-10T16:52:19.352567,735,76,person,0.865,478.4,229.7,1030.2,714.3,754,472,none
2026-08-10T16:52:19.431999,736,76,person,0.8768,487.3,208.2,1061.1,714.5,774,461,none
2026-08-10T16:52:19.552418,737,76,person,0.9092,503.7,196.3,1085.0,714.1,794,455,none
2026-08-10T16:52:19.633453,738,76,person,0.9181,517.2,190.0,1098.8,714.4,808,452,none
2026-08-10T16:52:19.753860,739,76,person,0.916,526.0,188.2,1102.2,714.4,814,451,none
2026-08-10T16:52:19.832033,740,76,person,0.9099,534.7,184.1,1107.1,714.7,820,449,none
2026-08-10T16:52:19.953041,741,76,person,0.8952,543.3,180.9,1110.9,714.8,827,447,none
2026-08-10T16:52:20.031815,742,76,person,0.8977,551.0,181.2,1110.9,714.8,830,447,none
2026-08-10T16:52:20.152343,743,76,person,0.8994,560.3,180.6,1113.2,714.7,836,447,none
2026-08-10T16:52:20.232222,744,76,person,0.902,569.1,179.9,1115.4,714.6,842,447,none
2026-08-10T16:52:20.353427,745,76,person,0.9095,577.2,179.9,1116.6,714.4,846,447,none
2026-08-10T16:52:20.432166,746,76,person,0.9089,585.4,179.8,1118.5,714.4,851,447,none
2026-08-10T16:52:20.552634,747,76,person,0.9205,591.9,181.2,1118.2,714.6,855,447,none
2026-08-10T16:52:20.632035,748,76,person,0.9146,596.3,182.5,1116.6,714.7,856,448,none
2026-08-10T16:52:20.752323,749,76,person,0.9103,598.8,183.3,1114.1,714.9,856,449,none
2026-08-10T16:53:40.368191,1,1,person,0.9264,550.6,198.2,1023.2,716.1,786,457,none
2026-08-10T16:53:40.706256,2,1,person,0.9254,549.8,195.9,1024.3,715.9,787,455,none
2026-08-10T16:53:40.769059,3,1,person,0.9228,548.5,193.3,1025.4,716.1,786,454,none
2026-08-10T16:53:40.827038,4,1,person,0.9247,548.8,191.8,1026.8,716.1,787,453,none
2026-08-10T16:53:40.883931,5,1,person,0.924,550.3,191.1,1028.4,715.8,789,453,none
2026-08-10T16:53:40.938223,6,1,person,0.9244,552.4,190.9,1030.3,715.5,791,453,none
2026-08-10T16:53:40.991765,7,1,person,0.9254,554.5,190.1,1033.3,715.5,793,452,none
2026-08-10T16:53:41.054057,8,1,person,0.9163,554.9,187.1,1036.2,715.3,795,451,none
2026-08-10T16:53:41.106629,9,1,person,0.9185,557.8,185.2,1040.7,715.2,799,450,none
2026-08-10T16:53:41.159040,10,1,person,0.9097,562.2,186.9,1043.6,715.1,802,451,none
2026-08-10T16:53:41.211749,11,1,person,0.9139,565.4,190.9,1044.3,715.3,804,453,none
2026-08-10T16:53:41.262986,12,1,person,0.8921,569.6,195.1,1045.9,715.2,807,455,none
2026-08-10T16:53:41.315187,13,1,person,0.8879,579.1,199.6,1051.8,715.4,815,457,none
2026-08-10T16:53:41.369598,14,1,person,0.9203,583.4,202.0,1054.6,715.6,818,458,none
2026-08-10T16:53:41.421703,15,1,person,0.9232,585.4,203.4,1055.8,715.6,820,459,none
2026-08-10T16:53:41.472452,16,1,person,0.924,586.6,204.2,1056.6,715.7,821,459,none
2026-08-10T16:53:41.524451,17,1,person,0.9078,592.3,203.9,1061.6,715.7,826,459,none
2026-08-10T16:53:41.577717,18,1,person,0.9009,596.2,204.4,1064.0,715.7,830,460,none
2026-08-10T16:53:41.628734,19,1,person,0.9068,599.3,204.9,1065.4,715.6,832,460,none
2026-08-10T16:53:41.681467,20,1,person,0.907,604.0,205.2,1068.1,715.5,836,460,none
2026-08-10T16:53:41.734107,21,1,person,0.906,606.9,205.2,1069.5,715.5,838,460,none
2026-08-10T16:53:41.787431,22,1,person,0.9048,608.4,205.3,1069.6,715.4,838,460,none
2026-08-10T16:53:41.838718,23,1,person,0.9058,608.3,205.0,1069.0,715.5,838,460,none
2026-08-10T16:53:41.889421,24,1,person,0.9049,608.2,204.9,1068.3,715.4,838,460,none
2026-08-10T16:53:41.940791,25,1,person,0.9018,607.2,204.9,1066.8,715.3,837,460,none
2026-08-10T16:53:41.995734,26,1,person,0.9054,608.7,205.2,1067.2,715.3,837,460,none
2026-08-10T16:53:42.046878,27,1,person,0.9082,608.8,205.6,1066.6,715.4,837,460,none
2026-08-10T16:53:42.097729,28,1,person,0.8971,607.1,205.0,1065.4,715.3,836,460,none
2026-08-10T16:53:42.148163,29,1,person,0.8862,603.2,204.8,1062.7,715.3,832,460,none
2026-08-10T16:53:42.198162,30,1,person,0.9055,602.7,204.9,1063.0,715.4,832,460,none
2026-08-10T16:53:42.247794,31,1,person,0.911,601.0,201.8,1064.3,715.4,832,458,none
2026-08-10T16:53:42.297702,32,1,person,0.9135,599.9,200.3,1064.8,715.6,832,457,none
2026-08-10T16:53:42.347849,33,1,person,0.9169,599.4,200.0,1064.7,715.7,832,457,none
2026-08-10T16:53:42.398529,34,1,person,0.9171,598.9,199.5,1064.9,715.6,831,457,none
2026-08-10T16:53:42.449731,35,1,person,0.9143,599.3,201.0,1064.4,715.5,831,458,none
2026-08-10T16:53:42.500287,36,1,person,0.9125,599.7,201.6,1064.6,715.5,832,458,none
2026-08-10T16:53:42.550878,37,1,person,0.9103,600.2,202.3,1064.8,715.5,832,458,none
2026-08-10T16:53:42.606578,38,1,person,0.909,600.2,202.2,1065.2,715.5,832,458,none
2026-08-10T16:53:42.656621,39,1,person,0.9088,600.1,201.8,1065.8,715.6,832,458,none
2026-08-10T16:53:42.706452,40,1,person,0.9077,599.7,201.2,1066.1,715.7,832,458,none
2026-08-10T16:53:42.809575,41,1,person,0.9097,599.7,200.4,1066.7,715.6,833,457,none
2026-08-10T16:53:42.890127,42,1,person,0.9108,599.1,199.4,1066.9,715.5,832,457,none
2026-08-10T16:53:43.010180,43,1,person,0.9127,598.2,198.7,1066.5,715.5,832,457,none
2026-08-10T16:53:43.090312,44,1,person,0.9205,598.2,199.5,1065.7,715.4,831,457,none
2026-08-10T16:53:43.210335,45,1,person,0.9194,598.1,200.0,1065.0,715.2,831,457,none
2026-08-10T16:53:43.289700,46,1,person,0.9181,597.4,200.6,1063.8,715.2,830,457,none
2026-08-10T16:53:43.409641,47,1,person,0.9193,596.4,201.7,1062.0,715.1,829,458,none
2026-08-10T16:53:43.490433,48,1,person,0.9153,594.7,202.7,1059.8,715.2,827,458,none
2026-08-10T16:53:43.609733,49,1,person,0.9101,592.5,203.3,1057.5,715.4,825,459,none
2026-08-10T16:53:43.690297,50,1,person,0.9187,588.4,204.2,1053.9,715.6,821,459,none
2026-08-10T16:53:43.810033,51,1,person,0.9176,585.7,205.0,1051.7,715.9,818,460,none
2026-08-10T16:53:43.889959,52,1,person,0.92,582.1,204.5,1049.5,716.0,815,460,none
2026-08-10T16:53:44.009665,53,1,person,0.9191,580.1,204.6,1047.9,715.9,814,460,none
2026-08-10T16:53:44.090566,54,1,person,0.9204,577.3,205.1,1045.5,715.8,811,460,none
2026-08-10T16:53:44.210010,55,1,person,0.9272,572.9,205.8,1041.5,715.6,807,460,none
2026-08-10T16:53:44.290217,56,1,person,0.9219,569.4,207.3,1037.4,715.4,803,461,none
2026-08-10T16:53:44.410535,57,1,person,0.9159,563.3,207.4,1031.8,715.1,797,461,none
2026-08-10T16:53:44.501785,58,1,person,0.9061,559.5,210.3,1025.7,714.9,792,462,none
2026-08-10T16:53:44.583237,59,1,person,0.9071,548.4,210.3,1016.2,714.9,782,462,none
2026-08-10T16:53:44.703851,60,1,person,0.9075,538.1,208.4,1009.1,715.0,773,461,none
2026-08-10T16:53:44.783261,61,1,person,0.9105,530.2,206.9,1004.6,715.3,767,461,none
2026-08-10T16:53:44.901146,62,1,person,0.9155,524.0,206.6,1000.6,715.6,762,461,none
2026-08-10T16:53:44.982988,63,1,person,0.9205,520.6,207.0,998.2,715.4,759,461,none
2026-08-10T16:53:45.101003,64,1,person,0.9252,519.1,207.5,997.5,715.2,758,461,none
2026-08-10T16:53:45.181443,65,1,person,0.9171,519.2,208.1,998.6,715.6,758,461,none
2026-08-10T16:53:45.300757,66,1,person,0.9107,522.8,207.7,1003.0,715.1,762,461,none
2026-08-10T16:53:45.382785,67,1,person,0.9054,527.0,208.9,1007.1,715.2,767,462,none
2026-08-10T16:53:45.501146,68,1,person,0.908,531.5,209.6,1011.6,715.4,771,462,none
2026-08-10T16:53:45.582436,69,1,person,0.9123,533.2,208.4,1015.0,715.4,774,461,none
2026-08-10T16:53:45.700813,70,1,person,0.7925,532.9,209.3,1015.4,715.6,774,462,none
2026-08-10T16:53:45.782045,71,1,person,0.9256,505.2,208.9,996.3,716.0,750,462,none
2026-08-10T16:53:45.901101,72,1,person,0.9233,501.4,208.7,997.8,716.1,749,462,none
2026-08-10T16:53:45.982948,73,1,person,0.9272,500.2,208.7,1001.2,716.3,750,462,none
2026-08-10T16:53:46.101772,74,1,person,0.9111,499.4,208.3,1004.9,716.7,752,462,none
2026-08-10T16:53:46.183417,75,1,person,0.9117,498.3,208.2,1007.1,716.1,752,462,none
2026-08-10T16:53:46.300643,76,1,person,0.923,496.7,208.7,1008.6,716.5,752,462,none
2026-08-10T16:53:46.381721,77,1,person,0.9267,495.3,207.0,1011.3,716.5,753,461,none
2026-08-10T16:53:46.470925,78,1,person,0.9317,494.5,206.0,1013.5,716.3,754,461,none
2026-08-10T16:53:46.590746,79,1,person,0.8536,512.3,206.4,1029.1,716.6,770,461,none
2026-08-10T16:53:46.670841,80,1,person,0.9112,527.4,205.7,1040.9,716.0,784,460,none
2026-08-10T16:53:46.790800,81,1,person,0.9136,535.4,205.3,1045.6,715.8,790,460,none
2026-08-10T16:53:46.870553,82,1,person,0.9104,541.1,205.4,1047.8,715.3,794,460,none
2026-08-10T16:53:46.990568,83,1,person,0.9154,549.1,206.0,1052.2,715.1,800,460,none
2026-08-10T16:53:47.070143,84,1,person,0.9105,557.6,206.5,1057.2,715.2,807,460,none
2026-08-10T16:53:47.190445,85,1,person,0.899,568.7,206.0,1065.4,715.3,817,460,none
2026-08-10T16:53:47.270894,86,1,person,0.9017,579.4,206.6,1072.4,715.3,825,460,none
2026-08-10T16:53:47.389601,87,1,person,0.8881,588.6,206.8,1078.2,715.3,833,461,none
2026-08-10T16:53:47.470337,88,1,person,0.8906,598.6,207.1,1084.2,715.2,841,461,none
2026-08-10T16:53:47.590634,89,1,person,0.8971,601.4,206.4,1085.3,715.3,843,460,none
2026-08-10T16:53:47.670272,90,1,person,0.8993,604.2,206.1,1086.0,715.4,845,460,none
2026-08-10T16:53:47.789586,91,1,person,0.9003,605.7,206.1,1085.5,715.6,845,460,none
2026-08-10T16:53:47.870787,92,1,person,0.9005,605.7,205.3,1084.5,715.9,845,460,none
2026-08-10T16:53:47.990082,93,1,person,0.9038,607.0,205.9,1083.3,715.8,845,460,none
2026-08-10T16:53:48.071360,94,1,person,0.9072,607.2,207.1,1080.7,715.5,843,461,none
2026-08-10T16:53:48.190375,95,1,person,0.901,607.9,207.2,1080.2,715.5,844,461,none
2026-08-10T16:53:48.270271,96,1,person,0.8954,611.9,207.2,1084.1,715.8,848,461,none
2026-08-10T16:53:48.390004,97,1,person,0.8978,619.6,206.6,1092.8,715.8,856,461,none
2026-08-10T16:53:48.481127,98,1,person,0.8949,634.3,208.6,1107.6,715.9,870,462,none
2026-08-10T16:53:48.564557,99,1,person,0.8845,649.8,212.1,1122.4,715.6,886,463,none
2026-08-10T16:53:48.681930,100,1,person,0.8071,667.1,213.3,1141.3,715.5,904,464,none
2026-08-10T16:53:48.763669,101,1,person,0.7979,681.8,215.5,1156.8,714.8,919,465,none
2026-08-10T16:53:48.882126,102,1,person,0.7224,684.9,217.2,1163.6,714.5,924,465,none
2026-08-10T16:53:48.963590,103,1,person,0.7781,699.7,218.6,1178.9,714.0,939,466,none
2026-08-10T16:53:49.081656,104,1,person,0.87,706.1,220.2,1185.9,714.5,946,467,none
2026-08-10T16:53:49.200513,105,1,person,0.8933,708.6,220.9,1189.2,714.6,948,467,none
2026-08-10T16:53:49.280927,106,1,person,0.8868,705.8,220.5,1188.5,715.0,947,467,none
2026-08-10T16:53:49.364445,107,1,person,0.7968,698.2,216.5,1185.0,715.1,941,465,none
2026-08-10T16:53:49.482008,108,1,person,0.8162,679.5,212.5,1171.0,715.7,925,464,none
2026-08-10T16:53:49.600500,109,1,person,0.8558,661.2,208.9,1156.3,716.0,908,462,none
2026-08-10T16:53:49.681114,110,1,person,0.9024,636.1,205.6,1133.1,716.1,884,460,none
2026-08-10T16:53:49.800780,111,1,person,0.8754,616.2,208.5,1108.0,715.5,862,461,none
2026-08-10T16:53:49.882497,112,1,person,0.8448,591.5,215.3,1076.0,715.0,833,465,none
2026-08-10T16:53:49.963993,113,1,person,0.8809,572.1,225.5,1046.3,714.9,809,470,none
2026-08-10T16:53:50.081591,114,1,person,0.9055,552.4,233.0,1019.6,715.0,786,474,none
2026-08-10T16:53:50.200508,115,1,person,0.9186,532.2,245.4,989.1,714.8,760,480,none
2026-08-10T16:53:50.282411,116,1,person,0.9267,509.8,250.4,964.5,715.1,737,482,none
2026-08-10T16:53:50.368609,117,1,person,0.9169,497.9,263.7,944.0,715.3,720,489,none
2026-08-10T16:53:50.489947,118,1,person,0.9219,487.6,266.2,934.4,714.7,710,490,none
2026-08-10T16:53:50.571184,119,1,person,0.9198,480.5,263.1,933.1,714.5,706,488,none
2026-08-10T16:53:50.691154,120,1,person,0.9201,475.6,253.5,939.3,714.7,707,484,none
2026-08-10T16:53:50.770927,121,1,person,0.917,473.6,240.7,950.0,715.0,711,477,none
2026-08-10T16:53:50.890054,122,1,person,0.9133,474.8,226.2,963.4,715.2,719,470,none
2026-08-10T16:53:50.970453,123,1,person,0.924,478.5,208.0,980.5,715.0,729,461,none
2026-08-10T16:53:51.089899,124,1,person,0.9119,480.8,190.4,994.8,714.4,737,452,none
2026-08-10T16:53:51.171202,125,1,person,0.9205,481.4,176.8,1004.0,714.3,742,445,none
2026-08-10T16:53:51.290456,126,1,person,0.9106,483.5,170.0,1008.6,714.1,746,442,none
2026-08-10T16:53:51.371509,127,1,person,0.9197,485.8,166.4,1010.7,713.9,748,440,none
2026-08-10T16:53:51.489984,128,1,person,0.9225,489.1,165.2,1012.4,714.0,750,439,none
2026-08-10T16:53:51.571211,129,1,person,0.919,493.4,166.4,1013.4,714.1,753,440,none
2026-08-10T16:53:51.690462,130,1,person,0.9088,500.9,169.8,1016.1,714.4,758,442,none
2026-08-10T16:53:51.771113,131,1,person,0.9093,513.7,180.5,1018.1,714.8,765,447,none
2026-08-10T16:53:51.894516,132,1,person,0.9023,525.6,192.4,1018.2,715.1,771,453,none
2026-08-10T16:53:51.970825,133,1,person,0.9046,535.6,204.1,1016.4,715.1,776,459,none
2026-08-10T16:53:52.090642,134,1,person,0.915,542.3,215.4,1011.8,714.7,777,465,none
2026-08-10T16:53:52.171241,135,1,person,0.9044,546.9,225.4,1006.9,714.6,776,470,none
2026-08-10T16:53:52.289872,136,1,person,0.9093,550.4,228.8,1007.6,715.5,778,472,none
2026-08-10T16:53:52.372967,137,1,person,0.9076,555.2,230.8,1009.8,715.5,782,473,none
2026-08-10T16:53:52.490450,138,1,person,0.9062,556.9,231.1,1011.0,715.6,783,473,none
2026-08-10T16:53:52.572276,139,1,person,0.9085,557.3,231.1,1010.9,714.8,784,472,none
2026-08-10T16:53:52.690068,140,1,person,0.9136,556.1,226.5,1013.8,714.7,784,470,none
2026-08-10T16:53:52.771010,141,1,person,0.9154,554.5,220.2,1018.0,714.8,786,467,none
2026-08-10T16:53:52.890327,142,1,person,0.9141,554.0,215.8,1021.5,714.9,787,465,none
2026-08-10T16:53:52.971126,143,1,person,0.9128,555.0,210.0,1027.9,715.0,791,462,none
2026-08-10T16:53:53.090239,144,1,person,0.9154,557.4,205.1,1035.0,715.3,796,460,none
2026-08-10T16:53:53.170947,145,1,person,0.9098,560.3,201.5,1041.8,715.4,801,458,none
2026-08-10T16:53:53.291723,146,1,person,0.8817,568.7,197.9,1053.9,715.1,811,456,none
2026-08-10T16:53:53.371966,147,1,person,0.8732,580.4,196.6,1067.0,715.2,823,455,none
2026-08-10T16:53:53.490999,148,1,person,0.8958,594.6,197.9,1080.1,715.6,837,456,none
2026-08-10T16:53:53.571653,149,1,person,0.8951,606.2,200.2,1089.4,715.6,847,457,none
2026-08-10T16:53:53.690787,150,1,person,0.8981,611.4,200.1,1093.9,715.2,852,457,none
2026-08-10T16:53:53.771725,151,1,person,0.9056,615.7,201.5,1096.5,715.3,856,458,none
2026-08-10T16:53:53.890998,152,1,person,0.9075,619.2,203.4,1097.6,715.4,858,459,none
2026-08-10T16:53:53.971133,153,1,person,0.9098,618.8,203.8,1096.4,715.8,857,459,none
2026-08-10T16:53:54.090873,154,1,person,0.9074,617.4,203.7,1094.4,716.1,855,459,none
2026-08-10T16:53:54.171330,155,1,person,0.9066,616.9,203.1,1093.4,716.1,855,459,none
2026-08-10T16:53:54.293720,156,1,person,0.908,616.2,204.4,1090.8,716.1,853,460,none
2026-08-10T16:53:54.371486,157,1,person,0.907,615.0,205.4,1087.7,715.9,851,460,none
2026-08-10T16:53:54.490661,158,1,person,0.9066,612.8,205.4,1084.3,715.7,848,460,none
2026-08-10T16:53:54.571151,159,1,person,0.9049,609.6,206.2,1079.6,715.5,844,460,none
2026-08-10T16:53:54.690470,160,1,person,0.9057,604.9,205.9,1074.9,715.5,839,460,none
2026-08-10T16:53:54.771538,161,1,person,0.9119,600.6,205.9,1070.1,715.3,835,460,none
2026-08-10T16:53:54.890750,162,1,person,0.9153,596.3,206.1,1065.5,715.2,830,460,none
2026-08-10T16:53:54.975005,163,1,person,0.9135,592.6,206.2,1062.0,715.3,827,460,none
2026-08-10T16:53:55.090491,164,1,person,0.9107,591.9,205.6,1061.6,715.4,826,460,none
2026-08-10T16:53:55.171019,165,1,person,0.9176,589.6,205.0,1060.0,715.3,824,460,none
2026-08-10T16:53:55.290800,166,1,person,0.9219,587.5,203.9,1059.4,715.5,823,459,none
2026-08-10T16:53:55.371699,167,1,person,0.9235,587.0,203.0,1060.2,715.5,823,459,none
2026-08-10T16:53:55.490541,168,1,person,0.9244,587.5,202.7,1061.4,715.4,824,459,none
2026-08-10T16:53:55.570994,169,1,person,0.9243,588.2,203.3,1062.1,715.2,825,459,none
2026-08-10T16:53:55.690605,170,1,person,0.9269,589.8,204.9,1063.3,715.2,826,460,none
2026-08-10T16:53:55.771023,171,1,person,0.923,591.6,205.3,1065.3,715.1,828,460,none
2026-08-10T16:53:55.890563,172,1,person,0.9239,592.7,205.2,1067.3,715.2,830,460,none
2026-08-10T16:53:55.972397,173,1,person,0.9188,591.0,205.1,1067.3,715.2,829,460,none
2026-08-10T16:53:56.091496,174,1,person,0.8993,594.3,205.3,1071.8,715.3,833,460,none
2026-08-10T16:53:56.171499,175,1,person,0.8957,589.6,205.3,1069.8,715.1,829,460,none
2026-08-10T16:53:56.290706,176,1,person,0.8968,585.5,205.9,1068.6,715.1,827,460,none
2026-08-10T16:53:56.371224,177,1,person,0.8994,582.2,205.1,1069.4,715.1,825,460,none
2026-08-10T16:53:56.490906,178,1,person,0.9045,580.3,203.9,1071.5,715.0,825,459,none
2026-08-10T16:53:56.572376,179,1,person,0.9023,578.2,204.0,1072.4,715.1,825,459,none
2026-08-10T16:53:56.690768,180,1,person,0.8967,576.9,203.4,1074.4,715.0,825,459,none
2026-08-10T16:53:56.771343,181,1,person,0.9006,578.1,202.1,1078.4,715.1,828,458,none
2026-08-10T16:53:56.890908,182,1,person,0.884,580.9,200.9,1083.0,715.4,831,458,none
2026-08-10T16:53:56.971111,183,1,person,0.8836,587.2,200.3,1088.4,715.3,837,457,none
2026-08-10T16:53:57.090670,184,1,person,0.889,596.5,199.2,1095.4,715.6,845,457,none
2026-08-10T16:53:57.171609,185,1,person,0.8979,599.1,198.0,1095.2,715.6,847,456,none
2026-08-10T16:53:57.291219,186,1,person,0.9044,602.2,199.2,1093.2,715.6,847,457,none
2026-08-10T16:53:57.371236,187,1,person,0.909,605.6,201.4,1090.6,715.3,848,458,none
2026-08-10T16:53:57.491037,188,1,person,0.9037,611.0,203.5,1090.3,715.2,850,459,none
2026-08-10T16:53:57.571168,189,1,person,0.9067,614.1,204.9,1089.2,715.3,851,460,none
2026-08-10T16:53:57.690466,190,1,person,0.9112,618.0,206.7,1088.9,715.4,853,461,none
2026-08-10T16:53:57.771785,191,1,person,0.9129,618.6,208.7,1086.1,715.6,852,462,none
2026-08-10T16:53:57.890931,192,1,person,0.9094,619.0,209.3,1084.6,715.6,851,462,none
2026-08-10T16:53:57.971074,193,1,person,0.905,619.2,209.0,1083.9,715.5,851,462,none
2026-08-10T16:53:58.090761,194,1,person,0.9012,619.4,208.3,1083.6,715.5,851,461,none
2026-08-10T16:53:58.171962,195,1,person,0.9016,620.1,208.0,1083.6,715.5,851,461,none
2026-08-10T16:53:58.294002,196,1,person,0.9002,620.0,207.7,1082.9,715.4,851,461,none
2026-08-10T16:53:58.373913,197,1,person,0.8995,620.7,207.9,1082.5,715.3,851,461,none
2026-08-10T16:53:58.490463,198,1,person,0.8982,621.0,208.0,1081.4,715.2,851,461,none
2026-08-10T16:53:58.572373,199,1,person,0.9033,621.9,208.9,1080.2,715.1,851,462,none
2026-08-10T16:53:58.690864,200,1,person,0.8998,619.7,207.4,1077.6,715.2,848,461,none
2026-08-10T16:53:58.771282,201,1,person,0.8992,618.3,206.7,1075.6,715.1,846,460,none
2026-08-10T16:53:58.890580,202,1,person,0.8305,622.4,207.2,1079.6,715.5,850,461,none
2026-08-10T16:53:58.972198,203,1,person,0.846,633.3,207.6,1088.9,714.3,861,460,none
2026-08-10T16:53:59.091089,204,1,person,0.906,628.1,207.1,1087.4,714.9,857,460,none
2026-08-10T16:53:59.171665,205,1,person,0.8681,617.6,207.1,1082.8,715.4,850,461,none
2026-08-10T16:53:59.290931,206,1,person,0.9173,541.0,206.3,1028.6,714.9,784,460,none
2026-08-10T16:53:59.371919,207,1,person,0.9202,518.6,205.2,1022.8,714.3,770,459,none
2026-08-10T16:53:59.491278,208,1,person,0.9215,498.9,205.3,1018.6,713.8,758,459,none
2026-08-10T16:53:59.571803,209,1,person,0.9041,482.1,205.5,1017.6,713.6,749,459,none
2026-08-10T16:53:59.691093,210,1,person,0.9259,472.4,206.3,1023.6,713.4,747,459,none
2026-08-10T16:53:59.771422,211,1,person,0.9119,465.5,205.4,1035.5,713.6,750,459,none
2026-08-10T16:53:59.890464,212,1,person,0.9051,458.3,205.6,1045.4,714.1,751,459,none
2026-08-10T16:53:59.971182,213,1,person,0.9026,454.0,206.7,1056.5,713.9,755,460,none
2026-08-10T16:54:00.090785,214,1,person,0.8835,450.8,206.7,1069.2,713.9,759,460,none
2026-08-10T16:54:00.172286,215,1,person,0.8804,444.4,208.7,1073.3,714.0,758,461,none
2026-08-10T16:54:00.290452,216,1,person,0.8876,437.0,207.2,1077.3,713.6,757,460,none
2026-08-10T16:54:00.372120,217,1,person,0.8851,431.2,207.1,1077.8,712.9,754,460,none
2026-08-10T16:54:00.491055,218,1,person,0.8808,427.9,207.7,1080.6,713.5,754,460,none
2026-08-10T16:54:00.571135,219,1,person,0.8785,434.2,208.0,1091.7,713.6,762,460,none
2026-08-10T16:54:00.690683,220,1,person,0.8586,433.7,208.2,1096.4,713.5,765,460,none
2026-08-10T16:54:00.772123,221,1,person,0.8937,446.8,209.3,1116.3,713.9,781,461,none
2026-08-10T16:54:00.890690,222,1,person,0.8199,420.7,209.5,1089.6,714.2,755,461,none
2026-08-10T16:54:00.971831,223,1,person,0.8133,431.2,208.8,1107.5,714.5,769,461,none
2026-08-10T16:54:01.090824,224,1,person,0.8704,438.6,208.4,1123.7,714.6,781,461,none
2026-08-10T16:54:01.171434,225,1,person,0.8354,437.0,208.7,1128.4,714.3,782,461,none
2026-08-10T16:54:01.290373,226,1,person,0.8265,435.1,209.0,1133.1,714.1,784,461,none
2026-08-10T16:54:01.372196,227,1,person,0.8471,431.6,208.5,1137.1,713.9,784,461,none
2026-08-10T16:54:01.490899,228,1,person,0.8026,410.7,210.1,1111.4,713.2,761,461,none
2026-08-10T16:54:01.571914,229,1,person,0.7946,422.4,209.7,1131.4,713.8,776,461,none
2026-08-10T16:54:01.691006,230,1,person,0.8361,425.8,208.8,1143.3,713.8,784,461,none
2026-08-10T16:54:01.771309,231,1,person,0.7958,424.7,209.2,1147.7,714.0,786,461,none
2026-08-10T16:54:01.891031,232,1,person,0.7901,421.2,208.3,1150.0,714.4,785,461,none
2026-08-10T16:54:01.972395,233,1,person,0.8373,412.6,207.7,1143.4,714.5,778,461,none
2026-08-10T16:54:02.091237,234,1,person,0.8387,408.6,207.3,1141.3,714.7,774,460,none
2026-08-10T16:54:02.175604,235,1,person,0.9022,398.0,209.4,1124.2,713.2,761,461,none
2026-08-10T16:54:02.291174,236,1,person,0.9273,387.2,209.1,1111.2,713.2,749,461,none
2026-08-10T16:54:02.371896,237,1,person,0.8965,385.2,211.2,1103.7,713.1,744,462,none
2026-08-10T16:54:02.491248,238,1,person,0.9126,379.7,211.3,1092.3,712.3,736,461,none
2026-08-10T16:54:02.572287,239,1,person,0.9007,381.1,212.5,1087.2,712.5,734,462,none
2026-08-10T16:54:02.690937,240,1,person,0.917,382.5,211.8,1084.0,712.4,733,462,none
2026-08-10T16:54:02.771785,241,1,person,0.9184,386.9,211.1,1084.0,712.7,735,461,none
2026-08-10T16:54:02.890669,242,1,person,0.9266,390.2,212.3,1080.2,713.2,735,462,none
2026-08-10T16:54:02.971822,243,1,person,0.9257,394.9,213.9,1076.4,713.4,735,463,none
2026-08-10T16:54:03.091002,244,1,person,0.9421,398.4,213.7,1073.2,713.4,735,463,none
2026-08-10T16:54:03.172179,245,1,person,0.9396,399.8,211.6,1070.8,713.7,735,462,none
2026-08-10T16:54:03.291519,246,1,person,0.8995,396.6,208.4,1067.2,714.1,731,461,none
2026-08-10T16:54:03.371967,247,1,person,0.7348,433.3,208.5,1098.6,713.7,765,461,none
2026-08-10T16:54:03.491598,248,1,person,0.9131,366.3,208.6,1046.9,714.3,706,461,none
2026-08-10T16:54:03.571636,249,1,person,0.8948,363.7,208.4,1076.6,715.1,720,461,none
2026-08-10T16:54:03.690712,250,1,person,0.9191,360.1,207.9,1103.2,715.0,731,461,none
2026-08-10T16:54:03.772053,251,1,person,0.9199,358.0,209.0,1128.5,714.6,743,461,none
2026-08-10T16:54:03.895555,252,1,person,0.9128,347.1,209.2,1143.4,714.4,745,461,none
2026-08-10T16:54:03.972057,253,1,person,0.8996,335.8,209.3,1155.7,714.3,745,461,none
2026-08-10T16:54:04.090984,254,1,person,0.9029,324.5,209.9,1165.0,714.3,744,462,none
2026-08-10T16:54:04.171879,255,1,person,0.8983,314.3,210.6,1173.4,714.4,743,462,none
2026-08-10T16:54:04.291661,256,1,person,0.8857,302.9,210.8,1178.4,714.5,740,462,none
2026-08-10T16:54:04.374330,257,1,person,0.8893,294.0,210.5,1185.0,714.5,739,462,none
2026-08-10T16:54:04.491247,258,1,person,0.8894,287.6,210.2,1192.1,714.4,739,462,none
2026-08-10T16:54:04.571961,259,1,person,0.8939,280.6,209.8,1196.9,714.1,738,461,none
2026-08-10T16:54:04.690950,260,1,person,0.9081,267.9,209.1,1193.0,714.3,730,461,none
2026-08-10T16:54:04.772027,261,1,person,0.9115,238.5,208.0,1162.5,714.6,700,461,none
2026-08-10T16:54:04.890915,262,1,person,0.9128,220.8,210.3,1130.5,714.2,675,462,none
2026-08-10T16:54:04.972782,263,1,person,0.924,242.5,207.5,1144.7,714.5,693,460,none
2026-08-10T16:54:05.091736,264,1,person,0.8733,259.3,207.8,1140.4,713.7,699,460,none
2026-08-10T16:54:05.172227,265,1,person,0.9157,279.1,206.9,1139.9,713.4,709,460,none
2026-08-10T16:54:05.291701,266,1,person,0.9023,299.9,206.6,1138.9,713.3,719,459,none
2026-08-10T16:54:05.372073,267,1,person,0.9167,317.6,208.1,1134.2,713.3,725,460,none
2026-08-10T16:54:05.491679,268,1,person,0.9273,330.8,207.8,1129.8,713.3,730,460,none
2026-08-10T16:54:05.572701,269,1,person,0.9204,344.0,208.2,1126.2,713.1,735,460,none
2026-08-10T16:54:05.692640,270,1,person,0.9292,353.7,209.2,1120.4,713.1,737,461,none
2026-08-10T16:54:05.772347,271,1,person,0.9384,362.6,209.3,1117.2,713.8,739,461,none
2026-08-10T16:54:05.891525,272,1,person,0.9281,367.1,208.7,1111.7,713.2,739,460,none
2026-08-10T16:54:05.971639,273,1,person,0.9013,370.3,208.4,1106.0,712.6,738,460,none
2026-08-10T16:54:06.091399,274,1,person,0.9078,365.0,208.3,1096.0,713.0,730,460,none
2026-08-10T16:54:06.172341,275,1,person,0.7468,428.5,207.7,1141.3,714.1,784,460,none
2026-08-10T16:54:06.292520,276,1,person,0.8832,464.5,207.2,1158.7,714.7,811,460,none
2026-08-10T16:54:06.372500,277,1,person,0.8843,500.9,207.5,1172.9,715.4,836,461,none
2026-08-10T16:54:06.465197,278,1,person,0.8985,525.4,207.7,1175.7,715.5,850,461,none
2026-08-10T16:54:06.583806,279,1,person,0.8986,541.2,207.4,1172.6,715.4,856,461,none
2026-08-10T16:54:06.701832,280,1,person,0.9017,553.3,207.0,1168.2,715.6,860,461,none
2026-08-10T16:54:06.782447,281,1,person,0.9016,565.5,209.0,1163.0,716.1,864,462,none
2026-08-10T16:54:06.901296,282,1,person,0.9011,574.9,210.5,1157.0,716.3,865,463,none
2026-08-10T16:54:06.983076,283,1,person,0.9052,581.1,209.3,1151.9,716.2,866,462,none
2026-08-10T16:54:07.102544,284,1,person,0.9068,586.8,208.9,1146.6,716.1,866,462,none
2026-08-10T16:54:07.182869,285,1,person,0.9068,591.5,208.6,1141.3,716.2,866,462,none
2026-08-10T16:54:07.302048,286,1,person,0.9021,595.1,207.9,1136.1,716.3,865,462,none
2026-08-10T16:54:07.382707,287,1,person,0.8982,598.8,208.5,1130.7,716.2,864,462,none
2026-08-10T16:54:07.502217,288,1,person,0.8989,602.0,208.5,1126.3,716.1,864,462,none
2026-08-10T16:54:07.581933,289,1,person,0.9019,605.7,209.2,1122.2,716.0,863,462,none
2026-08-10T16:54:07.705056,290,1,person,0.9015,608.6,208.9,1118.9,715.7,863,462,none
2026-08-10T16:54:07.783174,291,1,person,0.9051,611.4,208.7,1116.3,715.7,863,462,none
2026-08-10T16:54:07.901966,292,1,person,0.9068,614.4,209.0,1113.9,715.7,864,462,none
2026-08-10T16:54:07.982686,293,1,person,0.9094,616.8,209.0,1111.6,715.8,864,462,none
2026-08-10T16:54:08.102642,294,1,person,0.9109,618.7,209.0,1109.3,715.8,863,462,none
2026-08-10T16:54:08.182866,295,1,person,0.9107,620.3,209.0,1107.2,715.8,863,462,none
2026-08-10T16:54:08.301859,296,1,person,0.9075,621.9,208.9,1105.5,715.8,863,462,none
2026-08-10T16:54:08.392051,297,1,person,0.9071,623.3,208.5,1104.0,715.7,863,462,none
2026-08-10T16:54:08.481822,298,1,person,0.9062,624.5,208.3,1102.6,715.7,863,461,none
2026-08-10T16:54:08.602507,299,1,person,0.9063,625.6,208.2,1101.3,715.8,863,461,none
2026-08-10T16:54:08.682399,300,1,person,0.9051,626.6,208.2,1100.0,715.9,863,462,none
2026-08-10T16:54:08.801896,301,1,person,0.9023,627.5,208.6,1098.6,715.9,863,462,none
2026-08-10T16:54:08.882522,302,1,person,0.902,628.1,208.5,1097.6,716.0,862,462,none
2026-08-10T16:54:09.001578,303,1,person,0.9034,627.9,208.1,1096.2,716.0,862,462,none
2026-08-10T16:54:09.082877,304,1,person,0.9066,627.1,208.0,1094.0,716.1,860,462,none
2026-08-10T16:54:09.166168,305,1,person,0.9059,625.3,207.5,1091.5,716.2,858,461,none
2026-08-10T16:54:09.283178,306,1,person,0.9043,623.7,207.3,1088.8,716.2,856,461,none
2026-08-10T16:54:09.402233,307,1,person,0.8935,624.4,208.0,1086.9,715.9,855,461,none
2026-08-10T16:54:09.482405,308,1,person,0.8855,621.0,211.3,1079.6,715.8,850,463,none
2026-08-10T16:54:09.601490,309,1,person,0.8942,608.7,211.8,1067.6,715.6,838,463,none
2026-08-10T16:54:09.682746,310,1,person,0.8899,598.2,212.0,1058.3,715.5,828,463,none
2026-08-10T16:54:09.802601,311,1,person,0.909,586.6,210.4,1049.8,715.7,818,463,none
2026-08-10T16:54:09.882915,312,1,person,0.9093,574.2,211.8,1038.5,715.4,806,463,none
2026-08-10T16:54:09.966264,313,1,person,0.9006,563.3,213.8,1028.2,715.2,795,464,none
2026-08-10T16:54:10.082629,314,1,person,0.907,551.3,213.8,1018.9,715.2,785,464,none
2026-08-10T16:54:10.202477,315,1,person,0.9091,538.8,211.3,1011.0,714.8,774,463,none
2026-08-10T16:54:10.282927,316,1,person,0.9201,527.0,213.0,1000.4,714.8,763,463,none
2026-08-10T16:54:10.405623,317,1,person,0.926,519.9,215.1,994.0,715.0,756,465,none
2026-08-10T16:54:10.482768,318,1,person,0.9271,514.0,215.1,990.3,714.9,752,464,none
2026-08-10T16:54:10.565089,319,1,person,0.8998,509.3,214.7,987.9,715.0,748,464,none
2026-08-10T16:54:10.684009,320,1,person,0.8303,511.0,215.4,990.4,715.5,750,465,none
2026-08-10T16:54:10.801981,321,1,person,0.9382,479.9,217.3,966.3,714.9,723,466,none
2026-08-10T16:54:10.883074,322,1,person,0.9401,465.3,216.9,960.8,715.1,713,466,none
2026-08-10T16:54:10.965938,323,1,person,0.942,458.4,217.8,960.9,714.8,709,466,none
2026-08-10T16:54:11.083714,324,1,person,0.9364,454.1,218.2,963.7,714.6,708,466,none
2026-08-10T16:54:11.164710,325,1,person,0.876,448.5,218.8,965.8,715.2,707,467,none
2026-08-10T16:54:11.283274,326,1,person,0.8734,484.0,218.9,998.8,715.1,741,467,none
2026-08-10T16:54:11.401904,327,1,person,0.9066,504.0,220.1,1015.4,715.4,759,467,none
2026-08-10T16:54:11.483541,328,1,person,0.9066,516.9,220.8,1025.1,715.3,770,468,none
2026-08-10T16:54:11.603598,329,1,person,0.9089,527.2,221.2,1032.6,715.6,779,468,none
2026-08-10T16:54:11.683632,330,1,person,0.9002,535.9,221.0,1038.6,715.5,787,468,none
2026-08-10T16:54:11.764242,331,1,person,0.899,539.4,219.9,1040.4,715.4,789,467,none
2026-08-10T16:54:11.886492,332,1,person,0.9032,542.3,218.4,1042.6,715.4,792,466,none
2026-08-10T16:54:12.002703,333,1,person,0.9026,546.2,218.6,1044.8,715.2,795,466,none
2026-08-10T16:59:05.922762,1,1,person,0.9376,547.2,210.6,1238.2,714.7,892,462,none
2026-08-10T16:59:06.246322,2,1,person,0.9366,547.1,209.9,1238.9,714.7,893,462,none
2026-08-10T16:59:06.305311,3,1,person,0.9353,547.8,211.0,1238.1,714.7,892,462,none
2026-08-10T16:59:06.368895,4,1,person,0.9342,549.4,212.0,1238.5,714.8,893,463,none
2026-08-10T16:59:06.425304,5,1,person,0.9362,552.6,214.6,1238.2,714.7,895,464,none
2026-08-10T16:59:06.478774,6,1,person,0.9363,552.9,213.9,1239.1,714.6,895,464,none
2026-08-10T16:59:06.532558,7,1,person,0.9392,552.3,213.8,1238.3,714.5,895,464,none
2026-08-10T16:59:06.595224,8,1,person,0.939,551.9,213.8,1237.6,714.4,894,464,none
2026-08-10T16:59:06.647361,9,1,person,0.9398,552.4,214.3,1237.3,714.4,894,464,none
2026-08-10T16:59:06.698830,10,1,person,0.9402,552.6,214.5,1237.1,714.4,894,464,none
2026-08-10T16:59:06.750338,11,1,person,0.9407,552.6,214.7,1236.7,714.3,894,464,none
2026-08-10T16:59:06.801281,12,1,person,0.9422,552.8,215.1,1236.1,714.3,894,464,none
2026-08-10T16:59:06.852452,13,1,person,0.9416,552.6,214.4,1236.4,714.2,894,464,none
2026-08-10T16:59:06.906708,14,1,person,0.9423,552.5,214.2,1236.3,714.2,894,464,none
2026-08-10T16:59:06.956353,15,1,person,0.943,552.3,213.9,1236.3,714.3,894,464,none
2026-08-10T16:59:07.007636,16,1,person,0.943,552.1,213.6,1236.3,714.3,894,463,none
2026-08-10T16:59:07.058367,17,1,person,0.9417,552.2,213.4,1236.4,714.4,894,463,none
2026-08-10T16:59:07.110605,18,1,person,0.9403,552.4,213.4,1236.5,714.5,894,463,none
2026-08-10T16:59:07.161034,19,1,person,0.9384,552.9,213.6,1236.6,714.4,894,463,none
2026-08-10T16:59:07.210234,20,1,person,0.9368,553.6,214.1,1236.3,714.4,894,464,none
2026-08-10T16:59:07.259221,21,1,person,0.938,554.0,214.6,1235.8,714.2,894,464,none
2026-08-10T16:59:07.310826,22,1,person,0.936,554.5,216.0,1234.7,714.3,894,465,none
2026-08-10T16:59:07.360667,23,1,person,0.9356,555.7,218.6,1233.0,714.3,894,466,none
2026-08-10T16:59:07.410927,24,1,person,0.9343,555.7,219.6,1232.4,714.4,894,467,none
2026-08-10T16:59:07.461214,25,1,person,0.9359,555.1,219.6,1232.3,714.4,893,467,none
2026-08-10T16:59:07.514793,26,1,person,0.9375,554.9,219.9,1232.4,714.5,893,467,none
2026-08-10T16:59:07.566526,27,1,person,0.9365,554.7,220.1,1232.3,714.5,893,467,none
2026-08-10T16:59:07.616952,28,1,person,0.9346,554.8,220.3,1232.6,714.5,893,467,none
2026-08-10T16:59:07.666638,29,1,person,0.9324,554.2,219.3,1234.3,714.8,894,467,none
2026-08-10T16:59:07.716371,30,1,person,0.9321,554.1,219.2,1234.3,714.7,894,466,none
2026-08-10T16:59:07.765908,31,1,person,0.9298,553.5,218.9,1234.1,714.6,893,466,none
2026-08-10T16:59:07.815831,32,1,person,0.9323,552.5,218.4,1233.6,714.5,893,466,none
2026-08-10T16:59:07.864845,33,1,person,0.9276,547.6,216.3,1231.3,714.2,889,465,none
2026-08-10T16:59:07.914017,34,1,person,0.93,537.5,210.9,1228.9,714.1,883,462,none
2026-08-10T16:59:07.963771,35,1,person,0.9283,527.1,205.7,1224.7,713.8,875,459,none
2026-08-10T16:59:08.013527,36,1,person,0.9314,514.2,201.6,1216.6,713.8,865,457,none
2026-08-10T16:59:08.063874,37,1,person,0.9321,502.1,198.7,1206.7,713.8,854,456,none
2026-08-10T16:59:08.119066,38,1,person,0.9324,492.2,197.4,1196.6,713.7,844,455,none
2026-08-10T16:59:08.169464,39,1,person,0.9358,482.8,196.7,1185.4,713.4,834,455,none
2026-08-10T16:59:08.227512,40,1,person,0.9294,474.6,197.0,1174.2,713.3,824,455,none
2026-08-10T16:59:08.347660,41,1,person,0.9273,468.4,196.8,1165.4,713.5,816,455,none
2026-08-10T16:59:08.427311,42,1,person,0.9286,465.6,197.0,1158.9,713.1,812,455,none
2026-08-10T16:59:08.547888,43,1,person,0.9329,463.9,196.5,1154.7,713.2,809,454,none
2026-08-10T16:59:08.627814,44,1,person,0.9365,462.4,195.7,1151.0,713.0,806,454,none
2026-08-10T16:59:08.750117,45,1,person,0.9376,461.6,195.5,1147.3,713.0,804,454,none
2026-08-10T16:59:08.828534,46,1,person,0.9383,461.1,195.6,1143.8,713.4,802,454,none
2026-08-10T16:59:08.948115,47,1,person,0.9328,459.7,195.8,1138.6,713.4,799,454,none
2026-08-10T16:59:09.027412,48,1,person,0.9286,457.2,195.7,1132.2,713.7,794,454,none
2026-08-10T16:59:09.147536,49,1,person,0.924,453.4,197.1,1122.0,714.4,787,455,none
2026-08-10T16:59:09.227947,50,1,person,0.9308,446.1,197.3,1106.6,714.2,776,455,none
2026-08-10T16:59:09.348948,51,1,person,0.932,435.4,197.6,1086.0,714.9,760,456,none
2026-08-10T16:59:09.427395,52,1,person,0.9351,427.7,197.4,1068.3,716.0,747,456,none
2026-08-10T16:59:09.547991,53,1,person,0.9402,426.6,197.7,1056.1,716.2,741,456,none
2026-08-10T16:59:09.627144,54,1,person,0.9438,428.6,197.2,1048.0,715.6,738,456,none
2026-08-10T16:59:09.747428,55,1,person,0.9387,432.5,197.5,1043.0,715.6,737,456,none
2026-08-10T16:59:09.827926,56,1,person,0.9397,437.5,197.8,1040.6,715.8,739,456,none
2026-08-10T16:59:09.948364,57,1,person,0.9393,442.7,198.0,1039.5,716.1,741,457,none
2026-08-10T16:59:10.027889,58,1,person,0.9393,454.3,198.8,1046.4,715.8,750,457,none
2026-08-10T16:59:10.107641,59,1,person,0.9242,470.5,196.3,1065.7,714.4,768,455,none
2026-08-10T16:59:10.227484,60,1,person,0.92,479.2,195.2,1080.0,714.5,779,454,none
2026-08-10T16:59:10.307435,61,1,person,0.9098,474.4,198.1,1078.5,714.1,776,456,none
2026-08-10T16:59:10.428678,62,1,person,0.938,475.2,210.6,1073.8,713.6,774,462,none
2026-08-10T16:59:10.507391,63,1,person,0.9228,489.4,230.9,1078.6,713.5,783,472,none
2026-08-10T16:59:10.627464,64,1,person,0.8563,526.0,259.5,1096.1,713.2,811,486,none
2026-08-10T16:59:10.707268,65,1,person,0.704,560.3,311.6,1092.0,714.0,826,512,none
2026-08-10T16:59:10.830176,66,1,person,0.7971,581.2,356.3,1085.0,715.0,833,535,none
2026-08-10T16:59:10.907898,67,1,person,0.7674,590.1,339.6,1136.7,713.7,863,526,none
2026-08-10T16:59:11.027728,68,1,person,0.8424,556.9,268.4,1211.8,712.1,884,490,none
2026-08-10T16:59:11.108848,69,1,person,0.849,517.8,184.6,1280.0,711.5,898,448,none
2026-08-10T16:59:11.227983,70,1,person,0.9156,478.7,89.0,1280.0,712.1,879,400,none
2026-08-10T16:59:11.308479,71,1,person,0.8899,491.7,28.0,1280.0,709.5,885,368,none
2026-08-10T16:59:11.427547,72,1,person,0.8477,541.4,7.7,1280.0,710.5,910,359,none
2026-08-10T16:59:21.068560,161,-1,person,0.8438,341.1,0.6,1264.6,712.7,802,356,none
2026-08-10T16:59:21.148079,162,28,person,0.857,302.1,1.2,1224.9,713.0,763,357,none
2026-08-10T16:59:21.269175,163,28,person,0.8439,290.8,12.4,1199.9,713.7,745,363,none
2026-08-10T16:59:21.350543,164,28,person,0.7982,312.6,74.3,1142.6,713.4,727,393,none
2026-08-10T16:59:21.468804,165,28,person,0.8532,400.3,157.4,1127.1,713.0,763,435,none
2026-08-10T16:59:21.548517,166,28,person,0.8636,459.1,219.0,1110.6,713.6,784,466,none
2026-08-10T16:59:21.669729,167,28,person,0.8735,504.4,250.0,1121.3,713.8,812,481,none
2026-08-10T16:59:21.749218,168,28,person,0.9052,531.1,269.8,1128.4,714.0,829,491,none
2026-08-10T16:59:21.868651,169,28,person,0.9163,541.7,274.7,1138.4,714.2,840,494,none
2026-08-10T16:59:21.948573,170,28,person,0.9324,538.6,262.2,1154.6,714.0,846,488,none
2026-08-10T16:59:22.069020,171,28,person,0.9367,534.4,249.0,1169.5,714.0,851,481,none
2026-08-10T16:59:22.148210,172,28,person,0.9373,535.8,242.2,1180.2,713.9,858,478,none
2026-08-10T16:59:22.228326,173,28,person,0.9364,537.6,238.7,1185.6,713.7,861,476,none
2026-08-10T16:59:22.348775,174,28,person,0.9439,536.7,236.8,1186.0,713.7,861,475,none
2026-08-10T16:59:22.429298,175,28,person,0.9535,534.5,236.0,1183.2,713.6,858,474,none
2026-08-10T16:59:22.548467,176,28,person,0.9557,532.0,235.2,1180.1,713.4,856,474,none
2026-08-10T16:59:22.628399,177,28,person,0.9565,530.9,234.4,1178.2,713.3,854,473,none
2026-08-10T16:59:22.748477,178,28,person,0.9582,531.3,234.0,1177.5,713.2,854,473,none
2026-08-10T16:59:22.828047,179,28,person,0.9574,532.3,233.2,1177.8,713.2,855,473,none
2026-08-10T16:59:22.948743,180,28,person,0.9584,533.2,232.0,1178.7,713.3,855,472,none
2026-08-10T16:59:23.068349,181,28,person,0.9586,534.0,230.8,1179.4,713.3,856,472,none
2026-08-10T16:59:23.149488,182,28,person,0.9577,535.6,230.9,1179.4,713.2,857,472,none
2026-08-10T16:59:23.269269,183,28,person,0.9567,536.8,230.7,1179.8,713.3,858,472,none
2026-08-10T16:59:23.348203,184,28,person,0.9571,538.1,231.1,1179.8,713.4,858,472,none
2026-08-10T16:59:23.468263,185,28,person,0.952,541.0,233.9,1178.8,713.7,859,473,none
2026-08-10T16:59:23.548175,186,28,person,0.9371,546.5,243.9,1172.8,714.0,859,478,none
2026-08-10T16:59:23.668883,187,28,person,0.9089,556.1,268.8,1154.5,714.6,855,491,none
2026-08-10T16:59:23.748396,188,28,person,0.918,559.8,287.1,1140.5,714.7,850,500,none
2026-08-10T16:59:23.869656,189,28,person,0.91,554.9,295.8,1132.4,714.9,843,505,none
2026-08-10T16:59:23.948227,190,28,person,0.8984,542.1,300.6,1124.1,714.6,833,507,none
2026-08-10T16:59:24.069261,191,28,person,0.8882,523.0,296.6,1121.0,714.0,822,505,none
2026-08-10T16:59:24.148052,192,28,person,0.9096,501.5,283.8,1124.8,713.4,813,498,none
2026-08-10T16:59:24.268910,193,28,person,0.9003,484.1,263.2,1140.2,712.9,812,488,none
2026-08-10T16:59:24.348624,194,28,person,0.893,478.5,245.3,1161.5,712.9,819,479,none
2026-08-10T16:59:24.469033,195,28,person,0.9059,480.1,227.5,1186.2,712.3,833,469,none
2026-08-10T16:59:24.548553,196,28,person,0.9036,481.9,207.9,1210.6,712.2,846,460,none
2026-08-10T16:59:24.669091,197,28,person,0.891,485.2,198.0,1221.6,712.3,853,455,none
2026-08-10T16:59:24.748264,198,28,person,0.854,492.1,194.6,1227.3,712.0,859,453,none
2026-08-10T16:59:24.869020,199,28,person,0.9014,466.9,195.7,1186.1,712.2,826,453,none
2026-08-10T16:59:24.950239,200,28,person,0.9079,458.7,197.6,1160.5,712.5,809,455,none
2026-08-10T16:59:25.069035,201,28,person,0.9241,440.8,198.2,1121.0,712.4,780,455,none
2026-08-10T16:59:25.148888,202,28,person,0.8886,436.0,198.5,1095.7,712.4,765,455,none
2026-08-10T16:59:25.269185,203,28,person,0.9203,430.7,199.2,1071.9,712.8,751,455,none
2026-08-10T16:59:25.348293,204,28,person,0.9143,430.3,200.5,1053.7,713.0,741,456,none
2026-08-10T16:59:25.468991,205,28,person,0.9172,431.3,202.4,1038.3,713.1,734,457,none
2026-08-10T16:59:25.548440,206,28,person,0.9132,434.4,205.4,1025.4,713.1,729,459,none
2026-08-10T16:59:25.673516,207,28,person,0.9059,438.2,206.4,1016.6,713.1,727,459,none
2026-08-10T16:59:25.748743,208,28,person,0.8963,440.5,200.6,1013.8,713.1,727,456,none
2026-08-10T16:59:25.869236,209,28,person,0.9148,447.4,199.0,1011.0,713.4,729,456,none
2026-08-10T16:59:25.949050,210,28,person,0.9083,454.7,197.1,1009.2,713.5,731,455,none
2026-08-10T16:59:26.069346,211,28,person,0.9062,459.2,196.5,1004.5,713.4,731,454,none
2026-08-10T16:59:26.148626,212,28,person,0.9045,463.3,197.0,999.8,713.4,731,455,none
2026-08-10T16:59:26.269500,213,28,person,0.9085,467.9,197.9,996.0,713.4,731,455,none
2026-08-10T16:59:26.348864,214,28,person,0.9204,473.1,196.8,995.2,713.4,734,455,none
2026-08-10T16:59:26.469217,215,28,person,0.8958,480.9,195.8,997.3,713.2,739,454,none
2026-08-10T16:59:26.548837,216,28,person,0.8754,491.9,195.9,1001.5,713.0,746,454,none
2026-08-10T16:59:26.669108,217,28,person,0.9187,502.8,195.4,1006.8,712.8,754,454,none
2026-08-10T16:59:26.749821,218,28,person,0.9225,510.2,193.3,1011.1,712.9,760,453,none
2026-08-10T16:59:26.869327,219,28,person,0.926,516.4,191.2,1014.9,713.1,765,452,none
2026-08-10T16:59:26.964347,220,28,person,0.9256,523.5,190.9,1018.2,713.3,770,452,none
2026-08-10T16:59:27.039874,221,28,person,0.9097,531.4,191.5,1021.4,713.4,776,452,none
2026-08-10T16:59:27.159543,222,28,person,0.836,540.9,193.9,1025.1,713.3,782,453,none
2026-08-10T16:59:27.279455,223,28,person,0.7788,549.2,192.7,1030.7,713.4,789,453,none
2026-08-10T16:59:27.360038,224,28,person,0.8148,551.0,192.9,1030.2,713.3,790,453,none
2026-08-10T16:59:27.479467,225,28,person,0.863,549.1,192.6,1028.0,713.4,788,452,none
2026-08-10T16:59:27.558810,226,28,person,0.8635,553.0,192.7,1030.9,713.5,791,453,none
2026-08-10T16:59:27.679128,227,28,person,0.8602,554.0,192.4,1032.7,713.5,793,452,none
2026-08-10T16:59:27.759101,228,28,person,0.8638,560.3,192.2,1040.1,713.6,800,452,none
2026-08-10T16:59:27.879980,229,28,person,0.8712,562.1,192.3,1043.6,713.6,802,452,none
2026-08-10T16:59:27.958847,230,28,person,0.8555,562.3,191.3,1046.3,713.7,804,452,none
2026-08-10T16:59:28.079485,231,28,person,0.8829,553.2,191.0,1036.8,713.6,794,452,none
2026-08-10T16:59:28.159033,232,28,person,0.8853,550.4,191.4,1032.6,713.6,791,452,none
2026-08-10T16:59:28.281656,233,28,person,0.8858,549.8,192.5,1029.8,713.4,789,452,none
2026-08-10T16:59:28.360412,234,28,person,0.8974,550.9,193.5,1029.1,713.3,789,453,none
2026-08-10T16:59:28.480980,235,28,person,0.8982,551.8,194.3,1028.3,713.2,790,453,none
2026-08-10T16:59:28.559374,236,28,person,0.8963,552.1,195.2,1027.0,713.2,789,454,none
2026-08-10T16:59:28.679482,237,28,person,0.8993,552.9,195.7,1026.5,713.3,789,454,none
2026-08-10T16:59:28.759444,238,28,person,0.9014,552.2,195.9,1025.1,713.4,788,454,none
2026-08-10T16:59:28.881722,239,28,person,0.9025,551.2,194.5,1024.7,713.5,787,453,none
2026-08-10T16:59:28.960171,240,28,person,0.8935,548.9,191.2,1024.1,713.3,786,452,none
2026-08-10T16:59:29.039640,241,28,person,0.8828,549.0,187.3,1025.6,713.2,787,450,none
2026-08-10T16:59:29.159354,242,28,person,0.8139,554.9,184.7,1030.1,712.7,792,448,none
2026-08-10T16:59:29.280180,243,28,person,0.8654,552.3,184.3,1026.1,712.9,789,448,none
2026-08-10T16:59:29.359366,244,28,person,0.8743,553.8,184.2,1024.9,713.1,789,448,none
2026-08-10T16:59:29.480542,245,28,person,0.8546,556.3,185.5,1023.3,712.8,789,449,none
2026-08-10T16:59:29.559491,246,28,person,0.863,558.0,188.2,1019.6,712.8,788,450,none
2026-08-10T16:59:29.680330,247,28,person,0.8025,582.8,190.1,1049.4,712.1,816,451,none
2026-08-10T16:59:29.759031,248,28,person,0.8014,581.1,192.9,1052.8,712.2,816,452,none
2026-08-10T16:59:29.839682,249,28,person,0.7604,555.0,198.3,1023.8,712.7,789,455,none
2026-08-10T16:59:29.959816,250,28,person,0.7747,535.5,201.3,1004.9,713.3,770,457,none
2026-08-10T16:59:30.080308,251,28,person,0.8045,523.5,204.9,993.1,713.7,758,459,none
2026-08-10T16:59:30.158877,252,28,person,0.8561,529.7,207.7,1003.2,713.2,766,460,none
2026-08-10T16:59:30.283365,253,28,person,0.8401,510.4,211.5,979.8,712.9,745,462,none
2026-08-10T16:59:30.359161,254,28,person,0.8629,501.1,214.9,967.2,713.3,734,464,none
2026-08-10T16:59:30.480238,255,28,person,0.8654,495.6,216.0,960.8,713.5,728,464,none
2026-08-10T16:59:30.559621,256,28,person,0.8946,488.9,218.2,951.6,713.7,720,465,none
2026-08-10T16:59:30.680769,257,28,person,0.8848,491.0,221.0,951.9,713.7,721,467,none
2026-08-10T16:59:30.759178,258,28,person,0.8977,486.4,221.2,946.2,713.7,716,467,none
2026-08-10T16:59:30.881094,259,28,person,0.9005,484.4,221.6,942.9,713.6,713,467,none
2026-08-10T16:59:30.942643,260,28,person,0.8943,484.9,221.6,942.5,713.7,713,467,none
2026-08-10T16:59:31.059807,261,28,person,0.8937,490.7,221.3,948.0,713.7,719,467,none
2026-08-10T16:59:31.180949,262,28,person,0.9097,489.2,221.9,945.1,713.5,717,467,none
2026-08-10T16:59:31.259094,263,28,person,0.8901,492.2,224.0,947.2,713.5,719,468,none
2026-08-10T16:59:31.380747,264,28,person,0.8769,500.6,224.4,959.6,714.0,730,469,none
2026-08-10T16:59:31.459354,265,28,person,0.9007,503.8,224.0,967.3,714.1,735,469,none
2026-08-10T16:59:31.581099,266,28,person,0.9055,503.8,223.4,971.3,714.2,737,468,none
2026-08-10T16:59:31.660390,267,28,person,0.9117,503.7,223.9,974.3,714.5,739,469,none
2026-08-10T16:59:31.780571,268,28,person,0.915,503.7,224.9,976.1,714.4,739,469,none
2026-08-10T16:59:31.859506,269,28,person,0.9127,502.8,225.2,977.4,714.4,740,469,none
2026-08-10T16:59:31.980610,270,28,person,0.9146,501.1,224.8,977.6,714.2,739,469,none
2026-08-10T16:59:32.060210,271,28,person,0.9204,500.8,223.1,980.3,714.1,740,468,none
2026-08-10T16:59:32.180818,272,28,person,0.9164,498.4,222.0,978.9,713.7,738,467,none
2026-08-10T16:59:32.259363,273,28,person,0.9075,498.5,220.4,980.6,713.7,739,467,none
2026-08-10T16:59:32.380808,274,28,person,0.9004,495.9,217.4,979.6,713.6,737,465,none
2026-08-10T16:59:32.459702,275,28,person,0.9126,498.6,213.1,984.9,713.3,741,463,none
2026-08-10T16:59:32.580682,276,28,person,0.9121,496.7,212.2,983.2,712.8,739,462,none
2026-08-10T16:59:32.660116,277,28,person,0.9056,491.5,210.4,980.4,713.2,735,461,none
2026-08-10T16:59:32.740247,278,28,person,0.8929,484.3,210.1,975.5,713.2,729,461,none
2026-08-10T16:59:32.860333,279,28,person,0.8708,476.0,210.3,971.2,713.0,723,461,none
2026-08-10T16:59:32.949847,280,28,person,0.831,487.0,213.9,978.7,712.7,732,463,none
2026-08-10T16:59:33.069243,281,28,person,0.8225,492.8,215.8,980.0,712.3,736,464,none
2026-08-10T16:59:33.149114,282,28,person,0.7931,493.0,220.5,975.2,712.2,734,466,none
2026-08-10T16:59:33.269166,283,28,person,0.8246,500.4,220.5,981.2,712.0,740,466,none
2026-08-10T16:59:33.349696,284,28,person,0.8057,509.6,219.8,991.4,712.4,750,466,none
2026-08-10T16:59:33.469583,285,28,person,0.7959,518.3,218.4,1001.9,712.3,760,465,none
2026-08-10T16:59:33.549337,286,28,person,0.761,521.9,218.1,1006.3,712.8,764,465,none
2026-08-10T16:59:33.629574,287,28,person,0.7418,532.9,215.2,1025.3,712.3,779,463,none
2026-08-10T16:59:33.749494,288,28,person,0.7805,535.6,211.6,1031.2,712.4,783,462,none
2026-08-10T16:59:33.829593,289,28,person,0.8192,537.0,209.2,1034.7,712.8,785,460,none
2026-08-10T16:59:33.960391,290,28,person,0.8675,537.6,205.8,1038.3,713.1,787,459,none
2026-08-10T16:59:34.039242,291,28,person,0.8255,538.3,207.0,1038.4,713.0,788,459,none
2026-08-10T16:59:34.160312,292,28,person,0.8239,537.5,209.4,1037.2,713.1,787,461,none
2026-08-10T16:59:34.280964,293,28,person,0.8282,537.7,215.2,1034.7,713.2,786,464,none
2026-08-10T16:59:34.360164,294,28,person,0.8729,535.0,212.5,1036.7,713.3,785,462,none
2026-08-10T16:59:34.439777,295,28,person,0.8077,533.2,206.5,1041.6,713.2,787,459,none
2026-08-10T16:59:34.559758,296,28,person,0.8232,534.1,201.2,1047.3,713.4,790,457,none
2026-08-10T16:59:34.639473,297,28,person,0.8422,534.0,193.7,1052.1,713.0,793,453,none
2026-08-10T16:59:34.763494,298,28,person,0.8515,536.8,189.1,1056.1,712.7,796,450,none
2026-08-10T16:59:34.839714,299,28,person,0.8507,539.9,187.1,1057.8,712.7,798,449,none
2026-08-10T16:59:34.961186,300,28,person,0.8207,542.2,186.9,1056.8,712.2,799,449,none
2026-08-10T16:59:35.039454,301,28,person,0.8086,546.1,186.4,1057.7,712.2,801,449,none
2026-08-10T16:59:35.159829,302,28,person,0.8101,521.5,185.6,1038.4,712.5,779,449,none
2026-08-10T16:59:35.241006,303,28,person,0.8166,533.8,184.9,1049.2,712.4,791,448,none
2026-08-10T16:59:35.360536,304,28,person,0.7914,541.3,186.4,1053.6,712.8,797,449,none
2026-08-10T16:59:35.439919,305,28,person,0.8095,548.2,189.9,1055.5,712.9,801,451,none
2026-08-10T16:59:35.559853,306,28,person,0.8303,540.2,192.5,1046.5,712.7,793,452,none
2026-08-10T16:59:35.639617,307,28,person,0.8681,557.4,195.6,1057.4,712.7,807,454,none
2026-08-10T16:59:35.760176,308,28,person,0.7891,563.3,198.1,1058.6,713.5,810,455,none
2026-08-10T16:59:35.839555,309,28,person,0.8054,566.5,197.6,1060.1,712.8,813,455,none
2026-08-10T16:59:35.960903,310,28,person,0.7779,570.8,197.7,1064.3,712.4,817,455,none
2026-08-10T16:59:36.039750,311,28,person,0.8321,571.9,198.0,1065.7,712.8,818,455,none
2026-08-10T16:59:36.160728,312,28,person,0.7785,570.8,199.6,1063.8,713.0,817,456,none
2026-08-10T16:59:36.239543,313,28,person,0.8082,570.4,200.7,1063.2,713.5,816,457,none
2026-08-10T16:59:36.360237,314,28,person,0.7964,570.6,202.0,1063.2,714.1,816,458,none
2026-08-10T16:59:36.440291,315,28,person,0.7956,570.2,202.1,1063.4,714.2,816,458,none
2026-08-10T16:59:36.560626,316,28,person,0.8186,570.9,202.0,1064.2,714.0,817,457,none
2026-08-10T16:59:36.639577,317,28,person,0.8281,571.9,202.7,1064.1,713.4,818,458,none
2026-08-10T16:59:36.761618,318,28,person,0.8095,569.9,203.2,1062.1,713.0,816,458,none
2026-08-10T16:59:36.839440,319,28,person,0.8,569.8,204.2,1061.7,712.9,815,458,none
2026-08-10T16:59:36.931097,320,28,person,0.805,568.9,204.8,1061.1,713.0,815,458,none
2026-08-10T16:59:37.049919,321,28,person,0.7496,567.1,204.7,1060.8,713.4,813,459,none
2026-08-10T16:59:37.130391,322,28,person,0.737,564.8,205.3,1059.6,713.7,812,459,none
2026-08-10T16:59:37.249923,323,28,person,0.7497,576.5,204.4,1074.8,713.2,825,458,none
2026-08-10T16:59:37.330503,324,28,person,0.6913,582.7,204.4,1087.0,712.9,834,458,none
2026-08-10T16:59:37.449896,325,28,person,0.786,585.3,205.3,1092.7,712.6,839,458,none
2026-08-10T16:59:37.529946,326,28,person,0.7891,566.1,204.6,1073.1,712.0,819,458,none
2026-08-10T16:59:37.649669,327,28,person,0.7995,574.5,210.2,1085.8,712.1,830,461,none
2026-08-10T16:59:37.732013,328,28,person,0.8203,576.0,213.0,1095.9,711.7,835,462,none
2026-08-10T16:59:37.850006,329,28,person,0.8188,567.1,217.0,1095.2,711.6,831,464,none
2026-08-10T16:59:37.930165,330,28,person,0.7755,550.0,218.8,1084.9,711.5,817,465,none
2026-08-10T16:59:38.050141,331,28,person,0.831,548.1,219.2,1090.0,711.7,819,465,none
2026-08-10T16:59:38.129932,332,28,person,0.7757,539.4,218.4,1084.8,712.0,812,465,none
2026-08-10T16:59:38.249641,333,28,person,0.7279,508.4,216.0,1050.2,712.5,779,464,none
2026-08-10T16:59:38.330354,334,28,person,0.6918,503.9,214.7,1037.9,712.1,770,463,none
2026-08-10T16:59:38.451106,335,28,person,0.7332,492.6,213.1,1023.0,712.1,757,462,none
2026-08-10T16:59:38.530135,336,28,person,0.754,484.0,211.6,1012.7,712.5,748,462,none
2026-08-10T16:59:38.650078,337,28,person,0.8061,477.1,211.5,1003.5,713.0,740,462,none
2026-08-10T16:59:38.729554,338,28,person,0.8161,477.9,214.5,998.8,713.5,738,463,none
2026-08-10T16:59:38.852972,339,28,person,0.8515,471.9,216.5,990.1,713.6,731,465,none
2026-08-10T16:59:38.951585,340,28,person,0.8152,460.8,219.3,977.9,713.7,719,466,none
2026-08-10T16:59:39.030026,341,28,person,0.7558,458.8,223.9,972.2,713.7,715,468,none
2026-08-10T16:59:39.150221,342,28,person,0.7304,478.2,224.5,986.1,713.6,732,469,none
2026-08-10T16:59:39.230282,343,28,person,0.6975,491.5,225.6,992.5,713.2,742,469,none
2026-08-10T16:59:39.352343,344,28,person,0.7142,499.3,226.8,993.8,713.5,746,470,none
2026-08-10T16:59:39.433359,345,28,person,0.7254,496.3,228.1,990.3,713.3,743,470,none
2026-08-10T16:59:39.550000,346,28,person,0.8058,486.2,229.8,981.1,713.4,733,471,none
2026-08-10T16:59:39.630105,347,28,person,0.8309,481.6,228.8,981.7,713.3,731,471,none
2026-08-10T16:59:39.750115,348,28,person,0.8494,482.1,227.9,990.8,713.4,736,470,none
2026-08-10T16:59:39.830871,349,28,person,0.8369,457.7,224.8,975.5,713.6,716,469,none
2026-08-10T16:59:39.951727,350,28,person,0.8898,447.4,221.2,979.6,713.8,713,467,none
2026-08-10T16:59:40.030334,351,28,person,0.902,441.7,220.4,984.1,713.6,712,466,none
2026-08-10T16:59:40.149550,352,28,person,0.8956,434.4,219.1,986.8,713.6,710,466,none
2026-08-10T16:59:40.229488,353,28,person,0.8927,427.8,219.2,988.6,713.5,708,466,none
2026-08-10T16:59:40.349972,354,28,person,0.8858,420.0,218.3,989.8,713.6,704,465,none
2026-08-10T16:59:40.431406,355,28,person,0.8765,415.6,217.2,994.0,713.6,704,465,none
2026-08-10T16:59:40.549810,356,28,person,0.8916,412.4,215.7,999.1,713.7,705,464,none
2026-08-10T16:59:40.630343,357,28,person,0.8604,411.3,215.7,1004.7,713.9,708,464,none
2026-08-10T16:59:40.750173,358,28,person,0.8787,408.9,215.6,1007.6,713.8,708,464,none
2026-08-10T16:59:40.830383,359,28,person,0.9049,406.5,215.5,1009.9,713.8,708,464,none
2026-08-10T16:59:40.923369,360,28,person,0.9012,404.3,215.5,1011.9,713.7,708,464,none
2026-08-10T16:59:41.040151,361,28,person,0.9016,402.3,215.6,1013.4,713.7,707,464,none
2026-08-10T16:59:41.160724,362,28,person,0.8951,400.0,215.9,1014.7,713.7,707,464,none
2026-08-10T16:59:41.240293,363,28,person,0.9033,398.2,215.8,1016.4,713.6,707,464,none
2026-08-10T16:59:41.361406,364,28,person,0.9254,397.0,215.5,1018.5,713.7,707,464,none
2026-08-10T16:59:41.440172,365,28,person,0.9229,397.2,216.0,1020.4,713.9,708,464,none
2026-08-10T16:59:41.560875,366,28,person,0.901,398.3,216.9,1021.8,713.8,710,465,none
2026-08-10T16:59:41.639989,367,28,person,0.8945,405.9,217.6,1027.6,713.4,716,465,none
2026-08-10T16:59:41.760230,368,28,person,0.8054,420.9,219.6,1036.2,712.6,728,466,none
2026-08-10T16:59:41.839651,369,28,person,0.8463,422.3,216.8,1036.7,712.2,729,464,none
2026-08-10T16:59:41.960959,370,28,person,0.8631,429.6,217.2,1037.1,712.8,733,465,none
2026-08-10T16:59:42.040014,371,28,person,0.742,424.8,218.1,1021.6,713.3,723,465,none
2026-08-10T16:59:42.160414,372,28,person,0.8393,415.4,220.1,1000.1,714.0,707,467,none
2026-08-10T16:59:42.240682,373,28,person,0.9226,417.4,224.2,989.7,713.9,703,469,none
2026-08-10T16:59:42.360721,374,28,person,0.9138,416.1,225.9,979.6,714.7,697,470,none
2026-08-10T16:59:42.440011,375,28,person,0.933,413.1,226.4,968.9,715.1,691,470,none
2026-08-10T16:59:42.561393,376,28,person,0.9328,410.7,226.4,958.2,715.0,684,470,none
2026-08-10T16:59:42.640517,377,28,person,0.9317,407.4,227.8,945.6,715.1,676,471,none
2026-08-10T16:59:42.721575,378,28,person,0.9316,403.6,229.2,933.3,715.4,668,472,none
2026-08-10T16:59:42.840121,379,28,person,0.932,401.7,228.3,925.0,714.9,663,471,none
2026-08-10T16:59:42.940833,380,28,person,0.9262,402.0,228.1,919.1,714.9,660,471,none
2026-08-10T16:59:43.061203,381,28,person,0.9237,404.3,228.7,914.8,714.7,659,471,none
2026-08-10T16:59:43.140297,382,28,person,0.9079,407.8,229.8,912.1,714.8,659,472,none
2026-08-10T16:59:43.260584,383,28,person,0.9172,412.6,231.3,911.4,714.5,662,472,none
2026-08-10T16:59:43.340428,384,28,person,0.9048,419.3,231.5,914.2,714.4,666,472,none
2026-08-10T16:59:43.464389,385,28,person,0.858,427.8,231.4,919.5,714.1,673,472,none
2026-08-10T16:59:43.540344,386,28,person,0.8709,428.1,231.0,918.7,713.9,673,472,none
2026-08-10T16:59:43.661122,387,28,person,0.8656,433.9,230.1,925.0,714.4,679,472,none
2026-08-10T16:59:43.740243,388,28,person,0.8848,439.1,229.2,930.6,714.6,684,471,none
2026-08-10T16:59:43.822393,389,28,person,0.8785,442.5,230.0,932.4,714.5,687,472,none
2026-08-10T16:59:43.940735,390,28,person,0.8741,445.2,230.4,934.2,714.4,689,472,none
2026-08-10T16:59:44.060973,391,28,person,0.8814,442.7,230.0,931.2,714.6,686,472,none
2026-08-10T16:59:44.140784,392,28,person,0.8979,438.6,230.4,923.8,714.0,681,472,none
2026-08-10T16:59:44.221895,393,28,person,0.8882,438.3,231.2,920.4,713.8,679,472,none
2026-08-10T16:59:44.340610,394,28,person,0.8797,443.9,231.3,925.6,713.5,684,472,none
2026-08-10T16:59:44.460958,395,28,person,0.8519,446.8,230.9,929.7,713.7,688,472,none
2026-08-10T16:59:44.540171,396,28,person,0.8566,447.9,230.9,931.8,713.8,689,472,none
2026-08-10T16:59:44.660515,397,28,person,0.8548,448.7,231.1,933.5,713.8,691,472,none
2026-08-10T16:59:44.740592,398,28,person,0.8685,447.6,231.4,933.1,713.9,690,472,none
2026-08-10T16:59:44.861256,399,28,person,0.886,448.9,231.1,935.8,713.8,692,472,none
2026-08-10T16:59:44.952702,400,28,person,0.8997,447.0,230.8,935.1,713.6,691,472,none
2026-08-10T16:59:45.034091,401,28,person,0.8872,446.5,230.6,935.3,713.5,690,472,none
2026-08-10T16:59:45.150608,402,28,person,0.9125,444.7,230.5,934.5,713.5,689,472,none
2026-08-10T16:59:45.231933,403,28,person,0.9125,443.0,230.3,934.1,713.7,688,471,none
2026-08-10T16:59:45.350642,404,28,person,0.9037,444.0,231.8,935.4,713.7,689,472,none
2026-08-10T16:59:45.433434,405,28,person,0.9124,442.5,231.3,935.7,713.7,689,472,none
2026-08-10T16:59:45.551009,406,28,person,0.8987,440.5,230.8,936.0,713.7,688,472,none
2026-08-10T16:59:45.632013,407,28,person,0.9085,440.1,229.9,937.6,713.5,688,471,none
2026-08-10T16:59:45.750502,408,28,person,0.9109,438.8,229.2,938.3,713.5,688,471,none
2026-08-10T16:59:45.832522,409,28,person,0.8973,437.5,228.1,939.2,713.4,688,470,none
2026-08-10T16:59:45.950718,410,28,person,0.8905,435.8,227.3,939.0,713.4,687,470,none
2026-08-10T16:59:46.033390,411,28,person,0.8886,435.0,226.7,939.7,713.3,687,469,none
2026-08-10T16:59:46.150533,412,28,person,0.8992,434.6,226.0,940.7,713.3,687,469,none
2026-08-10T16:59:46.270485,413,28,person,0.8982,435.0,227.1,940.5,713.2,687,470,none
2026-08-10T16:59:46.350513,414,28,person,0.877,434.2,226.0,941.1,713.2,687,469,none
2026-08-10T16:59:46.433363,415,28,person,0.8886,434.3,223.7,943.6,713.4,688,468,none
2026-08-10T16:59:46.551696,416,28,person,0.9048,432.8,221.2,944.2,713.3,688,467,none
2026-08-10T16:59:46.633653,417,28,person,0.8848,433.3,220.9,944.5,713.2,688,467,none
2026-08-10T16:59:46.751154,418,28,person,0.875,433.8,220.0,945.3,713.3,689,466,none
2026-08-10T16:59:46.833511,419,28,person,0.8754,433.8,219.3,946.3,713.8,690,466,none
2026-08-10T16:59:46.961531,420,28,person,0.8811,434.3,218.8,946.8,714.1,690,466,none
2026-08-10T16:59:47.040291,421,28,person,0.8928,435.6,219.2,946.2,713.6,690,466,none
2026-08-10T16:59:47.160328,422,28,person,0.8995,437.0,219.5,945.9,713.4,691,466,none
2026-08-10T16:59:47.241141,423,28,person,0.8828,439.2,220.5,945.9,713.4,692,466,none
2026-08-10T16:59:47.360644,424,28,person,0.8954,440.6,220.7,946.1,713.3,693,466,none
2026-08-10T16:59:47.440419,425,28,person,0.9058,441.6,220.1,946.6,713.3,694,466,none
2026-08-10T16:59:47.563997,426,28,person,0.9093,442.1,219.6,946.8,713.2,694,466,none
2026-08-10T16:59:47.640226,427,28,person,0.9102,442.0,218.8,946.7,713.2,694,465,none
2026-08-10T16:59:47.760419,428,28,person,0.9109,442.1,218.4,946.3,713.2,694,465,none
2026-08-10T16:59:47.840643,429,28,person,0.9089,442.1,218.4,945.7,713.2,693,465,none
2026-08-10T16:59:47.960730,430,28,person,0.914,441.9,217.9,945.4,713.2,693,465,none
2026-08-10T16:59:48.040135,431,28,person,0.9145,442.3,217.8,945.2,713.2,693,465,none
2026-08-10T16:59:48.160761,432,28,person,0.9154,442.7,218.1,944.9,713.3,693,465,none
2026-08-10T16:59:48.240721,433,28,person,0.9203,443.6,218.3,945.1,713.4,694,465,none
2026-08-10T16:59:48.360247,434,28,person,0.9184,444.1,218.5,944.8,713.4,694,465,none
2026-08-10T16:59:48.442517,435,28,person,0.9206,445.1,218.7,945.1,713.4,695,466,none
2026-08-10T16:59:48.561016,436,28,person,0.8808,445.9,219.2,944.7,713.5,695,466,none
2026-08-10T16:59:48.640075,437,28,person,0.8962,443.5,220.2,939.4,713.6,691,466,none
2026-08-10T16:59:48.761042,438,28,person,0.856,452.4,222.6,944.5,714.1,698,468,none
2026-08-10T16:59:48.839885,439,28,person,0.8285,458.1,227.2,945.4,714.6,701,470,none
2026-08-10T16:59:48.961900,440,28,person,0.7265,477.6,229.4,957.9,714.8,717,472,none
2026-08-10T16:59:49.040580,441,28,person,0.7496,490.7,231.6,963.8,714.9,727,473,none
2026-08-10T16:59:49.160688,442,28,person,0.7317,489.5,236.3,956.6,715.2,723,475,none
2026-08-10T16:59:49.241917,443,28,person,0.7515,491.8,242.0,952.4,715.1,722,478,none
2026-08-10T16:59:49.361074,444,28,person,0.8886,482.1,246.6,940.6,714.6,711,480,none
2026-08-10T16:59:49.439970,445,28,person,0.8408,479.8,250.9,936.2,714.3,707,482,none
2026-08-10T16:59:49.560997,446,28,person,0.8901,478.8,254.1,934.7,714.3,706,484,none
2026-08-10T16:59:49.640504,447,28,person,0.8903,479.6,256.1,935.6,714.1,707,485,none
2026-08-10T16:59:49.760954,448,28,person,0.8947,479.9,256.8,937.5,715.0,708,485,none
2026-08-10T16:59:49.840230,449,28,person,0.8928,482.0,258.2,939.9,715.2,710,486,none
2026-08-10T16:59:49.960875,450,28,person,0.8858,483.8,259.2,942.2,715.3,712,487,none
2026-08-10T16:59:50.040271,451,28,person,0.8801,484.6,259.8,943.5,714.7,714,487,none
2026-08-10T16:59:50.161081,452,28,person,0.8851,484.9,260.3,945.0,714.6,714,487,none
2026-08-10T16:59:50.241150,453,28,person,0.8855,484.9,260.6,946.2,714.7,715,487,none
2026-08-10T16:59:50.361195,454,28,person,0.8807,485.4,261.5,947.3,714.8,716,488,none
2026-08-10T16:59:50.440371,455,28,person,0.8829,485.4,261.0,948.9,714.9,717,487,none
2026-08-10T16:59:50.561083,456,28,person,0.8754,485.7,261.0,950.3,714.9,718,487,none
2026-08-10T16:59:50.641137,457,28,person,0.8681,486.7,260.8,951.9,714.8,719,487,none
2026-08-10T16:59:50.760486,458,28,person,0.8539,487.9,260.3,954.0,714.8,720,487,none
2026-08-10T16:59:50.840432,459,28,person,0.8428,489.0,260.0,955.5,714.8,722,487,none
2026-08-10T16:59:50.931032,460,28,person,0.838,489.8,259.9,956.4,714.8,723,487,none
2026-08-10T16:59:51.060440,461,28,person,0.8574,488.7,260.7,955.3,715.3,721,487,none
2026-08-10T16:59:51.140553,462,28,person,0.8561,487.8,259.9,955.3,715.1,721,487,none
2026-08-10T16:59:51.261207,463,28,person,0.8499,487.8,259.6,955.6,715.0,721,487,none
2026-08-10T16:59:51.340575,464,28,person,0.8686,487.6,261.0,954.9,715.5,721,488,none
2026-08-10T16:59:51.460935,465,28,person,0.8733,487.3,261.8,954.6,715.9,720,488,none
2026-08-10T16:59:51.540046,466,28,person,0.8882,486.0,261.3,953.9,715.4,719,488,none
2026-08-10T16:59:51.660859,467,28,person,0.8864,485.9,261.3,953.9,715.1,719,488,none
2026-08-10T16:59:51.740668,468,28,person,0.8871,485.4,260.6,954.3,714.9,719,487,none
2026-08-10T16:59:51.860967,469,28,person,0.8887,484.5,259.8,954.6,714.9,719,487,none
2026-08-10T16:59:51.940709,470,28,person,0.8858,484.9,260.6,954.9,715.5,719,488,none
2026-08-10T16:59:52.063942,471,28,person,0.8901,485.3,261.5,954.8,715.7,720,488,none
2026-08-10T16:59:52.140604,472,28,person,0.8875,486.2,263.3,954.3,715.6,720,489,none
2026-08-10T16:59:52.260678,473,28,person,0.882,486.3,262.5,955.1,715.1,720,488,none
2026-08-10T16:59:52.340539,474,28,person,0.8828,485.3,261.9,954.9,714.9,720,488,none
2026-08-10T16:59:52.461048,475,28,person,0.8812,484.7,260.9,955.6,715.0,720,487,none
2026-08-10T16:59:52.540334,476,28,person,0.8818,484.4,261.3,955.0,714.8,719,488,none
2026-08-10T16:59:52.660835,477,28,person,0.8869,483.1,260.6,954.6,714.7,718,487,none
2026-08-10T16:59:52.740227,478,28,person,0.8917,483.5,260.9,954.6,714.8,719,487,none
2026-08-10T16:59:52.860621,479,28,person,0.8892,483.9,261.9,954.5,715.0,719,488,none
2026-08-10T16:59:52.941667,480,28,person,0.8888,482.8,262.9,952.9,714.5,717,488,none
2026-08-10T16:59:53.061315,481,28,person,0.894,481.7,261.6,953.6,714.2,717,487,none
2026-08-10T16:59:53.140750,482,28,person,0.8981,479.6,259.4,954.6,714.3,717,486,none
2026-08-10T16:59:53.261076,483,28,person,0.9052,477.7,256.4,956.1,714.3,716,485,none
2026-08-10T16:59:53.340316,484,28,person,0.8835,475.6,248.1,961.6,714.3,718,481,none
2026-08-10T16:59:53.462065,485,28,person,0.9032,475.1,243.7,963.7,714.0,719,478,none
2026-08-10T16:59:53.540326,486,28,person,0.9047,473.1,240.9,963.0,713.8,718,477,none
2026-08-10T16:59:53.662060,487,28,person,0.9138,473.3,240.6,961.2,713.0,717,476,none
2026-08-10T16:59:53.740511,488,28,person,0.9004,468.6,243.3,953.4,712.8,711,478,none
2026-08-10T16:59:53.860936,489,28,person,0.9058,463.2,254.1,937.8,713.1,700,483,none
2026-08-10T16:59:53.943998,490,28,person,0.9238,456.8,269.0,916.7,713.2,686,491,none
2026-08-10T16:59:54.060851,491,28,person,0.9155,453.7,278.6,905.0,713.5,679,496,none
2026-08-10T16:59:54.141246,492,28,person,0.9032,451.8,283.6,899.7,714.0,675,498,none
2026-08-10T16:59:54.261329,493,28,person,0.8975,449.0,284.0,897.2,713.8,673,498,none
2026-08-10T16:59:54.340788,494,28,person,0.8876,444.1,279.2,897.3,713.8,670,496,none
2026-08-10T16:59:54.461411,495,28,person,0.8903,434.1,267.8,897.0,713.7,665,490,none
2026-08-10T16:59:54.540535,496,28,person,0.8694,429.0,257.0,900.5,713.5,664,485,none
2026-08-10T16:59:54.661080,497,28,person,0.8834,423.0,243.0,904.7,713.2,663,478,none
2026-08-10T16:59:54.740804,498,28,person,0.896,417.5,233.6,904.4,713.1,660,473,none
2026-08-10T16:59:54.861268,499,28,person,0.9005,415.2,226.2,905.2,713.0,660,469,none
2026-08-10T16:59:54.941639,500,28,person,0.912,415.8,220.8,907.1,712.8,661,466,none
2026-08-10T16:59:55.061280,501,28,person,0.9052,420.3,215.7,913.8,712.7,667,464,none
2026-08-10T16:59:55.140414,502,28,person,0.9239,419.8,209.4,915.8,712.8,667,461,none
2026-08-10T16:59:55.261106,503,28,person,0.9201,421.9,205.3,918.6,713.0,670,459,none
2026-08-10T16:59:55.341015,504,28,person,0.9183,424.9,201.5,922.1,713.1,673,457,none
2026-08-10T16:59:55.461429,505,28,person,0.9137,424.8,196.2,923.6,713.3,674,454,none
2026-08-10T16:59:55.540906,506,28,person,0.9137,430.0,192.1,930.7,713.3,680,452,none
2026-08-10T16:59:55.661414,507,28,person,0.9359,438.1,190.9,940.5,713.2,689,452,none
2026-08-10T16:59:55.740506,508,28,person,0.9449,441.7,188.6,947.1,713.0,694,450,none
2026-08-10T16:59:55.860957,509,28,person,0.9522,443.8,184.3,953.5,712.8,698,448,none
2026-08-10T16:59:55.940914,510,28,person,0.9556,447.6,182.0,959.0,713.0,703,447,none
2026-08-10T16:59:56.061324,511,28,person,0.955,449.6,181.0,960.6,712.9,705,446,none
2026-08-10T16:59:56.141610,512,28,person,0.9459,447.3,180.8,957.2,712.9,702,446,none
2026-08-10T16:59:56.261381,513,28,person,0.9411,446.2,178.8,957.5,713.0,701,445,none
2026-08-10T16:59:56.344111,514,28,person,0.9323,444.5,178.3,955.4,713.0,699,445,none
2026-08-10T16:59:56.460967,515,28,person,0.9261,444.3,177.4,955.1,712.9,699,445,none
2026-08-10T16:59:56.540827,516,28,person,0.9189,444.2,176.4,954.8,712.7,699,444,none
2026-08-10T16:59:56.661521,517,28,person,0.9119,432.5,177.2,937.0,712.6,684,444,none
2026-08-10T16:59:56.741211,518,28,person,0.9182,423.4,177.9,920.5,712.5,671,445,none
2026-08-10T16:59:56.861542,519,28,person,0.9219,419.2,177.1,910.5,712.7,664,444,none
